,track_id,phase,Total Time (h),Mean Speed (m/s),Total Distance (km),Mean Vorticity (−1 × 10−5 s−1),Mean Growth Rate (10^−5 s^−1 day^-1),Straight Line Distance (km),Genesis Season,Genesis Region
0,20080264,decay,23.0,21.470775646670806,1777.7802235443428,3.3681552173913043,-2.2215339130434786,1327.1129287150015,MAM,SAt
1,20080264,decay 2,15.0,21.149324548193523,1142.0635256024502,2.709832,-0.6384000000000001,1044.1060604530994,MAM,SAt
2,20080264,incipient,5.0,21.61743502265978,389.11383040787604,4.801248333333334,-1.347551999999999,389.3687145613308,MAM,SAt
3,20080264,intensification,12.0,21.032834405416725,908.6184463140025,2.851630833333333,0.9679599999999997,850.7121108956882,MAM,SAt
4,20080264,mature,4.0,24.571963549947217,353.83627511923993,2.947585,-0.07793999999999898,263.64071480663057,MAM,SAt
5,20080264,residual,6.0,16.10439673669617,347.8549695126373,2.7510666666666665,1.4154,289.0785208924724,MAM,SAt
6,20080265,decay,23.0,16.80459069348773,1391.420109420784,7.62602652173913,4.781989565217391,1299.3119345523062,MAM,SAt
7,20080265,decay 2,19.0,16.588509348813425,1134.6540394588385,6.547367368421052,-3.553452631578946,1442.5584258084566,MAM,SAt
8,20080265,incipient,10.0,21.127002688911695,760.572096800821,4.419666363636363,-0.9898320000000002,4215.079895748932,MAM,SAt
9,20080265,intensification,12.0,11.29289496536338,487.853062503698,9.590645833333333,-1.5650200000000005,447.5774532305672,MAM,SAt
10,20080265,mature,4.0,12.74885434388327,183.5835025519191,8.48125,-4.693080000000002,140.0063256589071,MAM,SAt
11,20080265,residual,6.0,19.57709897176378,422.8653377900977,5.80067,-2.5896800000000013,354.97405357565856,MAM,SAt
12,20080266,decay,23.0,15.965491684760229,1321.942711498147,5.3912569565217385,-3.6526643478260876,1261.1547786783317,MAM,SAt
13,20080266,incipient,5.0,9.431031591005304,169.75856863809548,7.099818333333334,-0.48475199999999746,169.7224910971271,MAM,SAt
14,20080266,intensification,8.0,24.00328536826909,691.2946186061498,2.81386,-3.3952199999999992,607.1672834791796,MAM,SAt
15,20080267,decay,23.0,17.047956201970567,1411.570773523163,5.409171739130435,1.1526260869565212,1292.7314598591547,MAM,SAt
16,20080267,decay 2,19.0,14.184834077519406,970.2426509023273,4.131026842105263,0.5527073684210526,967.203653012156,MAM,SAt
17,20080267,incipient,2.0,34.82334505449623,250.72808439237286,4.080616666666667,3.9833999999999996,248.7580314624643,MAM,SAt
18,20080267,intensification,12.0,4.688295718197506,202.53437502613224,4.434240833333333,-3.0040999999999993,165.3496052991697,MAM,SAt
19,20080267,mature,4.0,10.726111496789313,154.45600555376612,3.75188,-0.388980000000001,121.03363387857853,MAM,SAt
20,20080267,residual,6.0,11.8756129349102,256.5132393940603,4.085475,-1.82428,220.59875756115758,MAM,SAt
21,20080268,decay,23.0,9.022834403327693,747.0906885955329,2.3346021739130434,0.74088,434.28109229174726,MAM,SAt
22,20080268,decay 2,19.0,4.001326650367041,273.6907428851056,4.20781,1.972711578947368,258.6269298112094,MAM,SAt
23,20080268,incipient,6.0,8.52818631826693,184.20882447456572,3.8236985714285714,-1.3093999999999983,644.6570777898755,MAM,SAt
24,20080268,intensification,39.0,8.190022048483229,1149.8790956070454,3.501704615384616,-0.9883692307692311,1169.8370172159232,MAM,SAt
25,20080268,mature,4.0,7.42338008959625,106.896673290186,3.28195,0.9726000000000008,78.73548396572617,MAM,SAt
26,20080268,residual,6.0,4.7946979341378535,103.56547537737762,4.730435,0.8915600000000019,83.53593378150047,MAM,SAt
27,20080269,decay,109.0,16.776064289400328,6582.92762716069,4.6799610909090905,-0.3751882568807339,5196.736422232688,MAM,SAt
28,20080269,decay 2,73.0,21.247852555499527,5583.935651585276,3.987698767123288,0.2908142465753421,7331.430208238793,MAM,SAt
29,20080269,incipient,5.0,12.336653145711418,222.05975662280554,4.483668,-1.2385440000000032,174.48407993807328,MAM,SAt
30,20080269,intensification,82.0,16.04544215506258,4736.614524174473,7.214608902439025,1.8837278048780486,8363.261046434984,MAM,SAt
31,20080269,intensification 2,30.0,8.901653850925962,961.3786159000039,5.208964333333333,-2.4369919999999996,881.8685604469805,MAM,SAt
32,20080269,mature,33.0,18.02430398422299,2141.2873133256912,6.196129696969696,-1.688741818181818,8511.60343123226,MAM,SAt
33,20080269,mature 2,12.0,16.701077553934585,721.4865503299741,3.1887225000000003,-1.0067199999999996,673.9791109443856,MAM,SAt
34,20080269,residual,6.0,7.994731152392892,172.68619289168646,4.815111666666667,0.37108000000000274,147.2827073197877,MAM,SAt
35,20080270,decay,20.0,16.76451685947273,1207.0452138820367,3.570269523809524,-2.9429039999999995,6043.767125744096,MAM,SAt
36,20080270,decay 2,19.0,29.23902215933181,1999.949115698296,5.6204368421052635,-3.1565052631578934,2600.3376645713415,MAM,SAt
37,20080270,incipient,5.0,26.971151048437257,485.48071887187064,3.976276,0.24163200000000132,358.60470876299865,MAM,SAt
38,20080270,intensification,41.0,18.326130969076434,2704.9369310356815,5.371207073170732,2.541114146341463,5768.791560835823,MAM,SAt
39,20080270,mature,15.0,17.18586840216259,928.0368937167799,6.283212666666667,-0.4642240000000001,5249.031882652832,MAM,SAt
40,20080270,residual,6.0,31.186336475478175,673.6248678703287,4.523616666666666,-2.9732800000000026,559.9406136213942,MAM,SAt
41,20080271,decay 2,19.0,17.151922861030062,1173.1915236944562,5.664848947368421,0.2168842105263162,1267.3576857695782,MAM,SAt
42,20080271,incipient,5.0,4.001008914731026,72.01816046515846,5.50713,-3.085680000000001,5.648064876581684,MAM,SAt
43,20080271,intensification,18.0,18.624926902416124,1206.895263276565,4.476278421052632,-1.2529066666666668,2249.9583615697393,MAM,SAt
44,20080271,mature,4.0,20.653720832212848,297.41357998386496,5.3955874999999995,1.7107200000000002,222.23340484102505,MAM,SAt
45,20080271,residual,6.0,10.353226171703836,223.6296853088029,6.1998283333333335,0.7088399999999986,175.86081477508517,MAM,SAt
46,20080272,decay 2,19.0,13.05827028367957,893.1856874036827,2.8945157894736844,0.0656463157894735,1036.1701927821705,MAM,SAt
47,20080272,incipient,5.0,6.551623771494652,117.92922788690375,3.399192,0.33345600000000186,61.16406428176593,MAM,SAt
48,20080272,intensification,15.0,8.33836053210807,450.2714687338358,3.187725625,0.5229119999999995,1637.0932041779145,MAM,SAt
49,20080272,mature,4.0,7.866957802369021,113.28419235411391,2.7686025,1.4761200000000008,95.9812004161426,MAM,SAt
50,20080272,residual,6.0,14.099607128188799,304.55151396887806,2.9035683333333338,1.1394000000000002,203.34195693959308,MAM,SAt
51,20080273,decay,79.0,12.184654296045153,3465.3156817952417,4.704150253164556,-0.13954025316455682,2965.338531689756,MAM,SAt
52,20080273,decay 2,20.0,16.15862110895367,1163.4207198446643,6.2238755,4.030512000000002,8214.244514482016,MAM,SAt
53,20080273,incipient,5.0,16.719099776649777,300.943795979696,9.173966,1.962911999999997,243.1337300284444,MAM,SAt
54,20080273,intensification,70.0,12.136494331541707,3058.3965715485106,5.837731571428572,-1.764089142857143,4894.197180125079,MAM,SAt
55,20080273,intensification 2,30.0,4.951055251993896,534.7139672153409,3.3496003333333335,-0.10808000000000001,319.1990420295558,MAM,SAt
56,20080273,mature,31.0,15.608519886472644,1741.910819330347,4.99145875,-0.23102709677419395,7047.630859441782,MAM,SAt
57,20080273,mature 2,12.0,9.227590598672194,398.6319138626388,3.1799708333333334,-0.6872599999999993,358.7142469962027,MAM,SAt
58,20080273,residual,6.0,20.0341860024642,432.7384176532267,7.605653333333334,3.6796799999999976,357.694013538896,MAM,SAt
59,20080274,decay,10.0,11.531259171262072,415.1253301654346,1.790677,-0.1050000000000004,191.15489288908438,MAM,SAt
60,20080274,decay 2,19.0,10.031117936621767,686.1284668649289,1.9218294736842108,0.019616842105262922,242.81990600189053,MAM,SAt
61,20080274,incipient,5.0,9.825971657378531,176.86748983281356,1.792298,-1.1258879999999993,95.47916588973918,MAM,SAt
62,20080274,intensification,29.0,7.746698062270045,808.7552777009928,1.871763793103448,0.06722482758620682,426.5335547143212,MAM,SAt
63,20080274,mature,13.0,9.773834766914113,457.41546709158047,1.7077064285714287,0.031015384615385024,919.1005237306795,MAM,SAt
64,20080274,residual,6.0,3.9473018251379544,85.26171942297981,2.1408116666666666,0.12536000000000058,51.366380577104515,MAM,SAt
65,20080275,decay,2.0,8.859225505588762,63.78642364023908,4.0612200000000005,-5.337959999999995,37.73953207518661,MAM,SAt
66,20080275,decay 2,7.0,22.90531908541609,577.2140409524854,3.41713875,5.012537142857143,1099.5785349421171,MAM,SAt
67,20080275,incipient,5.0,30.610709701373914,550.9927746247304,5.172412,3.2551200000000025,429.07243242350995,MAM,SAt
68,20080275,intensification,29.0,10.233761130824618,1068.4046620580903,6.182600344827586,0.9410317241379311,810.7443127565679,MAM,SAt
69,20080275,mature,11.0,7.517539000094465,297.69454440374085,5.454397272727273,-4.416283636363637,270.70457045318983,MAM,SAt
70,20080275,residual,6.0,24.776743485477663,535.1776592863175,3.6029183333333332,5.039799999999998,454.8739742265684,MAM,SAt
71,20080276,decay,39.0,10.664373112366404,1497.277984976243,5.274966923076923,-3.93956923076923,1412.1341658032318,MAM,SAt
72,20080276,decay 2,2.0,9.266522807325302,66.71896421274216,3.1507966666666665,0.9979199999999988,66.8501485980229,MAM,SAt
73,20080276,incipient,5.0,5.293103138934493,95.27585650082088,3.4962739999999997,2.491584000000001,78.32558565148746,MAM,SAt
74,20080276,intensification,29.0,9.64896302031097,1007.3517393204653,6.3554368965517245,3.28224,878.713698058971,MAM,SAt
75,20080276,mature,11.0,6.41298828943114,253.95433626147312,7.939388181818182,0.9350618181818174,233.37089891536073,MAM,SAt
76,20080277,decay,41.0,18.456321070013413,2724.15298993398,6.221657804878048,1.5145639024390238,3259.139638456477,MAM,SAt
77,20080277,intensification,45.0,18.160225247641772,2941.9564901179674,3.823289347826087,-0.7236426666666664,5369.118468431857,MAM,SAt
78,20080277,mature,18.0,21.00015764112062,1360.8102151446162,3.9974861111111113,-0.2994399999999995,4123.674943478993,MAM,SAt
79,20080278,decay,41.0,21.125814366692985,3118.170200523885,6.596479512195122,1.0374497560975604,2658.0795837212727,MAM,SAt
80,20080278,intensification,42.0,12.443862006431747,1881.51193537248,7.285695581395349,-1.7609085714285715,3516.0807422246307,MAM,SAt
81,20080278,mature,18.0,17.29217079355176,1120.532667422154,6.780121111111111,3.6240933333333345,3074.8467978355625,MAM,SAt
82,20080279,decay,38.0,9.962075692528304,1362.811954737872,4.26823,-0.028496842105263036,1116.1093599863352,MAM,LA-PLATA
83,20080279,mature,10.0,7.2318614304685935,260.34701149686936,3.356240909090909,2.854416,109.208219897656,MAM,LA-PLATA
84,20080280,decay,41.0,16.240423993468163,2397.086581435901,4.191009024390244,0.08439219512195113,2466.3399197608223,MAM,SAt
85,20080280,intensification,17.0,23.925207631787384,1464.222707065388,4.532828235294118,-0.05220705882353038,2061.343233193505,MAM,SAt
86,20080280,mature,15.0,17.64842045976217,953.0147048271572,4.084970625,2.296704,2776.8301991678914,MAM,SAt
87,20080281,decay,78.0,21.95979171671617,6166.309514053901,4.479862278481013,0.7940215384615387,6141.503742641076,MAM,SAt
88,20080281,decay 2,3.0,41.92031320860028,452.739382652883,2.881866666666667,-1.1905600000000014,319.5798760034941,MAM,SAt
89,20080281,intensification,41.0,16.138135938337136,2381.9888644985613,6.092178536585366,1.6007882926829267,2748.938445393911,MAM,SAt
90,20080281,intensification 2,30.0,11.365143670757902,1227.4355164418535,5.957230999999999,-2.565848000000001,1123.0405177494195,MAM,SAt
91,20080281,mature,18.0,17.102159963053737,1108.2199656058822,6.059160555555556,0.11537333333333308,2916.9507878117406,MAM,SAt
92,20080281,mature 2,12.0,9.835772010261946,424.90535084331606,3.5832158333333335,-2.050279999999999,389.8354902806661,MAM,SAt
93,20080282,decay,64.0,11.04723786635717,2545.283604408692,4.379840307692308,0.23954250000000055,2925.5947234108357,MAM,SAt
94,20080282,intensification,41.0,5.925774832203513,874.6443652332385,5.416785365853658,-1.4754848780487808,1205.1734569012901,MAM,SAt
95,20080282,mature,18.0,14.441132115128944,935.7853610603555,4.914937777777777,-1.3383733333333339,1502.9129586385402,MAM,SAt
96,20080283,decay,28.0,7.35227145562663,741.1089627271643,1.6604993103448276,1.0301485714285712,391.10253527045535,MAM,SAt
97,20080283,intensification,25.0,10.509565131514371,945.8608618362935,2.3188732,-0.2309376000000001,360.6161747049983,MAM,SAt
98,20080283,mature,7.0,8.803568588378088,221.84992842712782,2.297922857142857,-0.6457371428571419,48.657522183177505,MAM,SAt
99,20080284,decay,25.0,6.174069934328665,555.66629408958,1.4313253846153846,-0.8000928,734.8263354534223,MAM,SAt
100,20080284,intensification,18.0,9.60294820601181,622.2710437495653,1.2868883333333332,0.043173333333333404,757.862784341008,MAM,SAt
101,20080284,mature,7.0,8.315405781471531,209.5482256930826,1.3816000000000002,-0.30596571428571423,163.73444271002188,MAM,SAt
102,20080285,decay,13.0,6.12668040826323,286.7286431067192,1.3371214285714286,0.5060123076923072,455.40617397669894,MAM,SAt
103,20080285,intensification,15.0,8.553686250760299,461.8990575410561,1.4405673333333333,-0.45374400000000004,557.4487976224514,MAM,SAt
104,20080285,mature,7.0,7.691129801915573,193.81647100827243,1.439004285714286,0.5284800000000006,137.72926863371853,MAM,SAt
105,20080286,decay,7.0,5.770872312402835,145.42598227255144,2.0587375,2.9423314285714293,462.1234116279219,MAM,SAt
106,20080286,intensification,21.0,13.808247366313335,1043.903500893288,3.5939942857142855,1.4349942857142854,1106.4897821094455,MAM,SAt
107,20080286,mature,7.0,6.132055846256432,154.52780732566208,2.9606042857142856,3.330994285714286,124.68746140919244,MAM,SAt
108,20080287,decay,39.0,5.244997336420435,736.3976260334291,5.44985625,-2.761273846153846,2904.489304932176,MAM,SAt
109,20080287,intensification,41.0,16.574459741900338,2446.39025790449,5.006434146341464,0.9909131707317077,2530.150725122557,MAM,SAt
110,20080287,mature,18.0,11.680092117417214,756.8699692086354,5.881080000000001,1.2826,2001.2291995287258,MAM,SAt
111,20080288,decay,40.0,5.126949063875728,738.2806651981048,5.0132505,0.592626,1870.8291502501188,MAM,SE-BR
112,20080288,decay 2,44.0,19.504725668290693,3089.548545857246,4.3433484090909085,0.8375236363636365,2971.1218171775786,MAM,SE-BR
113,20080288,intensification,37.0,9.968391790417803,1327.7897864836514,2.6806186842105264,1.2381924324324325,1578.8611693610433,MAM,SE-BR
114,20080288,intensification 2,30.0,6.919998063806601,747.3597908911129,5.026018333333334,-0.5743359999999995,710.1766325322282,MAM,SE-BR
115,20080288,mature,18.0,9.500544987082149,615.6353151629233,3.2237505555555557,1.1272266666666662,1627.2074659469945,MAM,SE-BR
116,20080288,mature 2,12.0,13.269919815022797,573.2605360089849,4.3121225,-1.3302400000000008,538.9110917343138,MAM,SE-BR
117,20080289,decay,2.0,21.466156438265894,154.55632635551441,1.953665,3.055440000000001,89.54948207389282,MAM,SAt
118,20080289,intensification,21.0,15.456333595183548,1168.4988197958762,2.4451809523809525,0.5632228571428569,997.7246690974334,MAM,SAt
119,20080289,mature,0.0,,0.0,1.73865,,0.0,MAM,SAt
120,20080290,decay,38.0,21.472634911180236,2937.4564558494562,6.744126578947369,-1.077037894736842,2673.427057211446,MAM,LA-PLATA
121,20080290,decay 2,54.0,6.242947070512782,1213.6289105076849,5.3324588888888895,-2.507293333333333,977.8000837645617,MAM,LA-PLATA
122,20080290,intensification,34.0,20.313233190143407,2486.339742473553,7.112766,3.724157647058823,2364.8380725157235,MAM,LA-PLATA
123,20080290,intensification 2,30.0,8.278983086150312,894.1301733042336,7.079351333333333,0.8116879999999995,704.9477320226558,MAM,LA-PLATA
124,20080290,mature,11.0,15.581785698632773,617.0387136658578,8.629059090909092,-2.534923636363634,569.1762331787687,MAM,LA-PLATA
125,20080290,mature 2,12.0,6.686469691475477,288.85549067174054,7.244800833333334,-0.4102800000000002,227.1332692526298,MAM,LA-PLATA
126,20080291,decay,29.0,21.413237126076798,2235.541955962418,2.2960827586206896,-0.17017655172413806,2092.9918506140125,MAM,SAt
127,20080291,intensification,34.0,28.252867238403283,3458.1509499805616,3.747929714285714,-0.6852564705882352,3395.240176733507,MAM,SAt
128,20080291,mature,11.0,20.69368961153296,819.4701086167051,2.903518181818182,-1.8388363636363636,749.7785627016525,MAM,SAt
129,20080292,intensification,23.0,8.039244948732444,665.6494817550463,2.3585108333333333,-0.3117391304347827,620.7220706346767,MAM,SAt
130,20080292,mature,7.0,7.685189531252564,193.6667761875646,1.802372857142857,-2.1296914285714283,145.21921930004666,MAM,SAt
131,20080293,decay,38.0,15.45503858370987,2114.24927825151,2.034725789473684,0.41308421052631566,1688.9843368689078,MAM,SAt
132,20080293,intensification,13.0,5.93702375982961,277.8527119600257,2.111515,1.6478400000000002,113.95514370675447,MAM,SAt
133,20080293,intensification 2,30.0,15.60223249170006,1685.0411091036065,3.5758246666666667,0.2812080000000002,1589.2460393663482,MAM,SAt
134,20080293,mature,11.0,3.8300143885159375,151.66856978523114,2.329686363636364,-1.0758981818181823,105.46150765751511,MAM,SAt
135,20080293,mature 2,9.0,16.669256671579845,540.0839161591871,2.1449144444444443,-4.379413333333334,404.14694008014834,MAM,SAt
136,20080294,decay,38.0,3.80951500909635,521.1416532443807,2.8716123684210526,-0.017374736842105228,284.2596328211979,MAM,SAt
137,20080294,intensification,8.0,9.294288463149345,267.6755077387011,2.7345944444444448,1.7015700000000002,262.5455452248086,MAM,SAt
138,20080294,intensification 2,18.0,6.593844990290149,427.2811553708017,1.9527811111111113,-2.1573200000000003,393.57821896130315,MAM,SAt
139,20080294,mature,11.0,6.1752207384379,244.53874124214082,2.9862636363636366,-0.369534545454546,203.85552625567325,MAM,SAt
140,20080295,decay,45.0,17.02531936200077,2758.1017366441242,3.4294967391304345,1.7701546666666663,7239.317252930281,MAM,LA-PLATA
141,20080295,decay 2,54.0,11.940770762001106,2321.285836133015,5.771565555555555,-1.0846044444444445,2203.7468504109606,MAM,LA-PLATA
142,20080295,intensification 2,30.0,29.02762612189702,3134.983621164878,6.381460333333334,1.0559440000000002,2996.39249243058,MAM,LA-PLATA
143,20080295,mature 2,12.0,23.020341032850194,994.4787326191283,6.7999725,-0.40931999999999924,900.1816931710067,MAM,LA-PLATA
144,20080296,decay,40.0,11.59230575136767,1669.2920281969443,2.40384243902439,-1.1770559999999999,1247.2309268219574,MAM,SAt
145,20080296,decay 2,54.0,6.990667412177835,1358.9857449273711,2.7847948148148145,0.29349777777777775,325.3610271824209,MAM,SAt
146,20080296,intensification 2,30.0,7.809174108771748,843.3908037473489,1.8372633333333332,0.06927199999999996,761.815421250876,MAM,SAt
147,20080296,mature 2,12.0,3.990375091885136,172.3842039694379,2.1160416666666664,0.8046000000000002,68.38715482973487,MAM,SAt
148,20080297,decay,6.0,27.892404613393524,602.4759396493002,2.404285714285714,6.382079999999999,597.3483238275612,MAM,LA-PLATA
149,20080297,decay 2,7.0,8.148081532407316,205.33165461666437,2.0792228571428573,0.4122171428571422,153.1674632814456,MAM,LA-PLATA
150,20080297,intensification 2,30.0,15.27255528899475,1649.435971211433,4.128538666666667,-0.2733760000000001,1404.7176452901365,MAM,LA-PLATA
151,20080297,mature 2,12.0,5.701779546624155,246.3168764141635,2.4986099999999998,-1.8394399999999997,186.10091241158958,MAM,LA-PLATA
152,20080298,decay,0.0,,0.0,1.30302,,0.0,MAM,SAt
153,20080298,intensification 2,30.0,25.73438574346009,2779.3136602936897,2.1032743333333332,0.7610879999999999,2664.466082009657,MAM,SAt
154,20080298,mature 2,1.0,22.50139333141264,81.0050159930855,2.16967,-2.033039999999996,0.0,MAM,SAt
155,20080299,decay,0.0,,0.0,2.04716,,0.0,MAM,SAt
156,20080299,decay 2,1.0,16.422801601218993,59.12208576438838,1.07021,-1.0643999999999971,0.0,MAM,SAt
157,20080299,intensification 2,30.0,10.652631633160926,1150.48421638138,1.7209013333333334,-0.453576,770.5894356701654,MAM,SAt
158,20080299,mature 2,12.0,11.81318032871747,510.32939020059473,1.3266541666666667,-0.7312599999999998,75.53996826252346,MAM,SAt
159,20080300,decay,15.0,20.056025377880356,1083.0253704055392,6.499848,-4.773664000000001,1016.8076433073759,MAM,LA-PLATA
160,20080300,decay 2,54.0,18.332223180567432,3563.7841863023086,7.993658888888889,1.7473022222222223,3475.966535239687,MAM,LA-PLATA
161,20080300,intensification 2,21.0,23.351255430902736,1765.3549105762468,2.3603068181818183,2.7787771428571424,1716.0632109397222,MAM,LA-PLATA
162,20080300,mature 2,12.0,16.090167145726625,695.0952206953901,3.9385166666666667,0.9674400000000007,575.553342509911,MAM,LA-PLATA
163,20080301,decay,52.0,17.438470067288705,3264.481596596446,9.277874807692308,1.559372307692308,3382.5953557238317,MAM,SAt
164,20080301,decay 2,54.0,26.211326166513704,5095.4818067702645,4.310222037037037,1.6159911111111112,4766.168467339208,MAM,SAt
165,20080301,intensification,10.0,9.153783064693062,329.5361903289502,8.340824999999999,-6.553991999999999,290.8863489033186,MAM,SAt
166,20080301,intensification 2,2.0,23.19741533389631,167.02139040405342,2.5392466666666667,-0.11964000000000038,167.51338322694008,MAM,SAt
167,20080301,mature,5.0,7.802207395632675,140.43973312138814,6.165496,-7.504704000000001,107.7348765405503,MAM,SAt
168,20080301,mature 2,12.0,29.183025242803165,1260.7066904890967,2.284590833333333,-1.26316,1176.1113686451633,MAM,SAt
169,20080302,decay 2,23.0,15.717865594974262,1301.4392712638687,3.226043333333333,-0.11259130434782601,1122.6036083164936,MAM,LA-PLATA
170,20080303,decay 2,27.0,17.150379652579172,1667.0169022306952,4.280841071428571,0.23043555555555528,1501.0780611622315,MAM,SAt
171,20080304,decay,14.0,8.056197166275542,406.0323371802873,1.4395921428571428,-0.7618457142857142,289.46173078715464,MAM,SAt
172,20080304,decay 2,44.0,7.017472047985399,1111.5675724008875,2.0812126666666666,-0.22008000000000016,667.326181554132,MAM,SAt
173,20080305,decay,47.0,9.03872649782444,1529.3525234318954,3.3366306382978723,-0.47667574468085105,851.5715677487912,MAM,SAt
174,20080305,decay 2,33.0,12.450563648108304,1479.1269613952663,4.330724411764706,-0.9063999999999998,1452.9231170156518,MAM,SAt
175,20080306,decay,47.0,14.532159966264098,2458.8414662918854,8.954727872340426,-1.6154706382978727,2338.1630189237253,MAM,SAt
176,20080306,decay 2,26.0,20.67001609777466,1934.7135067517083,6.801418148148149,4.2928338461538464,1910.050172988362,MAM,SAt
177,20080306,intensification,2.0,5.491924832186477,39.54185879174264,5.160959999999999,-7.4045999999999985,3.6356277151422387,MAM,SAt
178,20080307,decay,24.0,14.956598654943198,1292.2501237870924,2.6367570833333334,-1.7836299999999998,1189.472135104863,MAM,SAt
179,20080307,decay 2,25.0,13.344294072597537,1200.9864665337782,2.937185,0.8962944,1158.9944144945916,MAM,SAt
180,20080308,decay,47.0,7.04898974746249,1192.6890652706534,2.1747723404255317,0.29483744680851054,1071.107076081258,MAM,SAt
181,20080308,decay 2,24.0,4.868772542516092,420.6619476733904,1.5216568000000001,0.77985,391.75788876989594,MAM,SAt
182,20080308,intensification,2.0,6.601322514802588,47.529522106578625,2.5192300000000003,0.7230000000000043,19.778034930958448,MAM,SAt
183,20080309,decay,69.0,8.101019939460288,2012.2933529619359,5.241678260869565,0.44403826086956516,2391.6020772716292,MAM,SAt
184,20080309,decay 2,46.0,13.8899317761462,2300.1727021298107,4.582622127659574,-0.8004469565217391,5674.085697037541,MAM,SAt
185,20080309,intensification,37.0,9.733273773213986,1296.472066592103,4.6272937837837835,-0.7913513513513512,2346.1647466025884,MAM,SAt
186,20080309,mature,13.0,14.05001619139197,657.5407577571442,4.877247692307693,1.5846830769230766,2451.431550202635,MAM,SAt
187,20080310,decay,45.0,19.048826832195072,3085.909946815602,5.252632666666667,-0.7227093333333333,2993.3551222737387,MAM,LA-PLATA
188,20080310,decay 2,16.0,16.907471671148485,973.8703682581527,4.436076470588236,2.18046,836.0886507740527,MAM,LA-PLATA
189,20080311,decay,47.0,8.340038188772803,1411.1344615403584,1.4749236170212765,-0.3905361702127659,722.4208090368683,MAM,SAt
190,20080311,decay 2,12.0,6.42633977351834,277.6178782159923,1.8894607692307692,0.4563999999999999,143.2347021053868,MAM,SAt
191,20080311,intensification,1.0,7.481159456973295,26.932174045103864,1.11409,-1.2038399999999996,0.0,MAM,SAt
192,20080312,decay,69.0,17.351362249298656,4310.0783827257865,5.280365217391304,1.5938713043478263,4665.282466725018,MAM,SAt
193,20080312,decay 2,37.0,14.880526541490104,1982.0861353264818,9.314340000000001,-2.391158918918919,6804.064921628234,MAM,SAt
194,20080312,incipient,3.0,3.8743749858956567,41.84324984767309,6.464886666666666,-0.16016000000000474,24.29947341442398,MAM,SAt
195,20080312,intensification,83.0,12.435128493869605,3715.616393968238,6.75538530120482,0.3750679518072289,5697.535894494727,MAM,SAt
196,20080312,mature,13.0,16.61215437867145,777.4488249218239,9.357151538461538,1.749433846153848,3386.305183138608,MAM,SAt
197,20080313,decay,44.0,22.709557554290562,3597.193916599625,3.6351597777777775,0.19779272727272737,3215.7368697697943,MAM,SAt
198,20080313,intensification,10.0,15.773431692227371,567.8435409201854,3.8812860000000002,0.31327199999999955,502.1266307369527,MAM,SAt
199,20080313,mature,4.0,19.4292567146502,279.7812966909629,4.5191575,5.923320000000004,195.1059963200396,MAM,SAt
200,20080314,decay,43.0,10.393505854556794,1608.9147062853917,2.0983729545454546,-0.5086213953488375,614.6132288145456,MAM,SAt
201,20080314,intensification,10.0,2.8836148478436505,103.81013452237144,2.299446,-0.6078959999999995,61.20609881335697,MAM,SAt
202,20080314,mature,5.0,13.581098782717117,244.45977808890814,2.006448,-0.6585119999999997,31.722324368309813,MAM,SAt
203,20080315,decay,15.0,30.772738357323217,1661.727871295454,2.795660625,2.5037599999999998,1657.5048879422518,MAM,SAt
204,20080315,intensification,10.0,22.101425452995127,795.6513163078246,4.418722,1.4596800000000012,713.1957942088748,MAM,SAt
205,20080315,mature,2.0,33.65807274132145,242.33812373751437,4.559675,-0.372360000000004,142.57314863561024,MAM,SAt
206,20080316,decay,33.0,21.500010884074594,2554.2012930280616,6.610837941176471,0.22318545454545424,3345.8861779153426,MAM,SAt
207,20080316,decay 2,35.0,6.671817921331851,840.6490580878132,7.707770857142857,-2.3318194285714284,444.43404734322536,MAM,SAt
208,20080316,incipient,3.0,5.124061803635471,55.33986747926309,3.0344499999999996,-1.5473600000000012,24.267300668373053,MAM,SAt
209,20080316,intensification,77.0,13.659383465721476,3786.381096697993,5.080094935064935,-0.6277277922077925,5011.547524225079,MAM,SAt
210,20080316,mature,13.0,23.630376802904877,1105.9016343759483,7.5954,2.154424615384618,3539.9041924795933,MAM,SAt
211,20080317,decay,22.0,9.308119212502273,737.20304163018,5.089863181818182,-1.537385454545454,696.4153430906498,MAM,SAt
212,20080317,intensification,13.0,12.071582289090934,564.9500511294557,5.150913571428572,0.5578892307692299,1408.57612829493,MAM,SAt
213,20080317,mature,5.0,13.334744545020348,240.02540181036625,5.835382,-0.6701280000000012,169.6834217969991,MAM,SAt
214,20080318,decay,22.0,8.704603036869516,689.4045605200656,2.0701745454545457,0.20827636363636365,559.2775826441398,MAM,SE-BR
215,20080318,intensification,30.0,7.3429618714621085,793.0398821179077,1.4626048387096775,-0.5614640000000001,1083.2530897523234,MAM,SE-BR
216,20080318,mature,5.0,13.898193390090677,250.16748102163217,1.5877880000000002,2.006832,142.16476218975592,MAM,SE-BR
217,20080319,decay,22.0,16.11761401222243,1276.5150297680163,7.556020454545455,3.655701818181818,1113.2740844812147,MAM,SAt
218,20080319,decay 2,35.0,7.537005427166139,949.6626838229334,9.677280285714286,0.7320411428571431,715.0210315057483,MAM,SAt
219,20080319,intensification,40.0,11.93510312487081,1718.6548499813969,8.2059415,-1.4740920000000002,2635.778869592604,MAM,SAt
220,20080319,mature,8.0,14.902019182250452,429.178152448813,7.932,-0.12206999999999901,3118.1893600773983,MAM,SAt
221,20080320,decay,16.0,14.169653516240988,816.1720425354808,2.2426970588235293,2.4461700000000004,809.0986522845229,MAM,SAt
222,20080320,decay 2,35.0,6.935757888205213,873.9054939138568,3.0875525714285716,-0.45918171428571447,769.4412710885883,MAM,SAt
223,20080320,incipient,3.0,5.351770373711219,57.79912003608116,2.2208900000000003,0.3694400000000009,3.370571197717922,MAM,SAt
224,20080320,intensification,63.0,7.694929560886988,1745.210024409169,2.398276666666667,-0.44324952380952387,1390.566011386012,MAM,SAt
225,20080320,mature,8.0,6.6031350105178115,190.17028830291298,3.0333674999999998,2.5732200000000005,150.99088668293356,MAM,SAt
226,20080321,decay,15.0,25.835765311441165,1395.1313268178228,5.4060875,0.7110240000000004,1396.543439064871,MAM,SAt
227,20080321,intensification,27.0,20.459145334999658,1988.6289265619666,5.743097777777778,-0.9539466666666669,1887.548396334579,MAM,SAt
228,20080321,mature,1.0,18.90154378424195,68.04555762327102,4.18951,-4.381439999999991,0.0,MAM,SAt
229,20080322,decay,75.0,10.559822590436765,2851.152099417927,3.919515657894737,-0.6675392000000001,8495.8380003739,MAM,SAt
230,20080322,decay 2,35.0,14.834706023761097,1869.1729589938984,7.997094285714286,2.124390857142857,1811.26884863237,MAM,SAt
231,20080322,incipient,3.0,7.818841687096516,84.44349022064237,7.515803333333333,-5.9188800000000015,55.42113337819971,MAM,SAt
232,20080322,intensification,81.0,11.700189717699901,3411.775321681291,5.748075061728395,-0.32582222222222207,5441.038476018822,MAM,SAt
233,20080322,mature,24.0,14.950455062381588,1291.7193173897692,5.175669166666666,1.4967800000000002,4302.618955296742,MAM,SAt
234,20080323,decay,10.0,16.274450056518532,585.8802020346671,1.731830909090909,-2.4456240000000005,582.5359834807097,MAM,SAt
235,20080323,decay 2,33.0,15.8308021427902,1880.6992945634759,3.0463030303030303,-1.1542981818181817,1806.1422589626775,MAM,SAt
236,20080323,intensification,27.0,13.316487275359659,1294.362563164959,2.565760740740741,2.147528888888889,1063.9652838747106,MAM,SAt
237,20080323,mature,8.0,14.761936980495369,425.1437850382666,3.63395125,-0.17106000000000018,372.64185266664686,MAM,SAt
238,20080324,decay,2.0,9.585613124945267,69.01641449960593,2.2598766666666665,-0.9709200000000031,68.92489575982471,MAM,SAt
239,20080324,intensification,27.0,6.6729458564248905,648.6103372444994,1.831225925925926,-0.7968444444444444,570.7943101254208,MAM,SAt
240,20080324,mature,1.0,6.4880726455432045,23.357061523955537,1.25147,-1.7759999999999962,0.0,MAM,SAt
241,20080325,decay,120.0,13.249976781206277,5723.989969481111,4.031299083333334,0.46240199999999987,2704.718166631508,MAM,SAt
242,20080325,decay 2,35.0,6.469044097912612,815.099556336989,6.264562857142858,-2.916644571428571,779.5123432204855,MAM,SAt
243,20080325,incipient,19.0,12.273743857575251,839.5240798581472,7.484774736842105,0.4549389473684222,3093.654927084334,MAM,SAt
244,20080325,intensification,129.0,10.888345728318956,5056.547756231324,5.034077923076922,-0.5773023255813955,5824.068123561181,MAM,SAt
245,20080325,mature,56.0,8.99369186300618,1813.128279582046,3.926815714285714,-0.48309000000000013,4620.637771626695,MAM,SAt
246,20080326,decay 2,35.0,13.541452308437126,1706.222990863078,7.2148068571428565,-2.3021074285714285,1138.3286046845228,MAM,SAt
247,20080326,incipient,3.0,6.296964472314554,68.00721630099719,5.2669266666666665,1.098559999999999,40.16156469144999,MAM,SAt
248,20080326,intensification,74.0,14.670105459870468,3908.116094509492,5.7092621333333335,-0.7664367567567564,4411.896778762548,MAM,SAt
249,20080326,mature,8.0,15.417677656985465,444.0291165211814,8.36565875,4.594709999999998,392.8097852910818,MAM,SAt
250,20080327,decay 2,17.0,13.43811873890017,822.4128668206904,3.534449411764706,0.4896141176470589,662.9731009832641,MAM,SAt
251,20080327,intensification,12.0,15.14375260703455,654.2101126238925,2.624223076923077,1.7277399999999998,548.659017545694,MAM,SAt
252,20080327,mature,8.0,11.90726779541717,342.9293125080145,2.99439625,1.07721,218.41956971560649,MAM,SAt
253,20080328,decay,65.0,14.201879114810103,3323.2397128655643,3.465361230769231,-0.9140381538461538,3178.303689139378,MAM,LA-PLATA
254,20080328,decay 2,35.0,10.351946983355399,1304.3453199027804,2.4360462857142857,0.6706560000000003,440.48433420406246,MAM,LA-PLATA
255,20080328,incipient,7.0,14.629568944184145,368.6651373934405,1.7958200000000002,-1.1618057142857146,5677.2658469855905,MAM,LA-PLATA
256,20080328,intensification,59.0,11.23599228318496,2386.524760948485,2.551099333333333,0.3635796610169492,2308.785904935496,MAM,LA-PLATA
257,20080328,mature,24.0,16.379102679049712,1415.1544714698953,2.9133679166666666,0.8918899999999997,3354.387916685473,MAM,LA-PLATA
258,20080329,decay 2,26.0,13.150288465199678,1230.8670003426898,1.7960062962962964,-0.145596923076923,989.9116285403009,MAM,SAt
259,20080330,decay 2,23.0,18.48444703928809,1530.5122148530538,4.8454404166666665,4.296782608695652,1447.385985274519,MAM,SAt
260,20080330,incipient,3.0,18.42043888385123,198.94073994559326,4.858406666666666,-1.626800000000003,122.01098194154667,MAM,SAt
261,20080330,intensification,53.0,14.1379037219385,2697.5120301458655,4.930732452830189,-1.7012966037735846,2602.839602139928,MAM,SAt
262,20080331,decay,65.0,6.998109626133688,1637.557652515283,3.279233846153846,-0.42460061538461524,1542.1384727768818,MAM,SAt
263,20080331,decay 2,14.0,9.697452672460885,488.7516146920286,1.6012226666666665,1.2752228571428574,157.40034120660715,MAM,SAt
264,20080331,incipient,19.0,8.036199999327906,549.6760799540288,2.9101500000000002,-0.7085936842105266,1819.3956613312914,MAM,SAt
265,20080331,intensification,84.0,4.416672975936301,1335.6019079231373,3.4448905952380953,0.9993799999999999,1586.2751715659333,MAM,SAt
266,20080331,mature,16.0,3.123505568685539,179.91392075628704,4.37769125,-0.5959950000000003,136.7713015799441,MAM,SAt
267,20080332,decay,33.0,4.875093209736535,579.1610733167005,2.9682733333333333,-2.998378181818182,453.4088180661393,MAM,SAt
268,20080332,decay 2,0.0,,0.0,3.87716,,0.0,MAM,SAt
269,20080332,incipient,3.0,13.154513179609488,142.06874233978246,7.6370033333333325,-3.5999200000000044,89.81758190273773,MAM,SAt
270,20080332,intensification,54.0,12.568110495432265,2443.2406803120325,7.295229814814815,1.443977777777778,2060.3557745798503,MAM,SAt
271,20080332,mature,16.0,8.340337228786732,480.40342437811574,6.2374925,-2.07306,450.45203475119143,MAM,SAt
272,20080333,decay,34.0,14.144950791230386,1731.3419768465994,5.445549705882352,-1.8553905882352941,1583.4006589462147,MAM,SAt
273,20080333,incipient,3.0,11.645175820980306,125.7678988665873,5.704023333333333,-6.239840000000001,96.37069151982321,MAM,SAt
274,20080333,intensification,40.0,17.08782012946323,2460.646098642705,6.0168668292682925,0.6559739999999998,1868.7743228135027,MAM,SAt
275,20080333,mature,16.0,10.541706724896766,607.2023073540537,7.49307125,-0.026429999999999954,491.4919253398066,MAM,SAt
276,20080334,decay,65.0,15.109064846501104,3535.521174081259,6.113303384615384,-0.611316923076923,1337.4862051853015,MAM,SAt
277,20080334,incipient,18.0,11.93587921519964,773.4449731449366,4.548441578947369,-1.8858000000000006,3584.8859397009373,MAM,SAt
278,20080334,intensification,32.0,25.6173232531981,2951.1156387684214,6.308854375,2.6704424999999996,3220.409374273105,MAM,SAt
279,20080334,mature,16.0,11.6341565878082,670.1274194577522,7.3393193750000005,-0.9490199999999995,578.3216272620863,MAM,SAt
280,20080335,intensification,27.0,12.165824478992207,1182.5181393580426,2.478555714285714,-0.24125333333333335,1011.5424379314769,MAM,SAt
281,20080335,mature,13.0,7.983904051239634,373.64670959801487,1.6582461538461537,-1.1042030769230768,279.133975816874,MAM,SAt
282,20080336,decay,22.0,19.232122115437146,1523.184071542622,3.827899090909091,-1.6728872727272728,1313.5755321523156,MAM,LA-PLATA
283,20080336,intensification,25.0,20.078343286057464,1807.0508957451718,2.895562692307692,3.1322400000000004,1758.4711264458253,MAM,LA-PLATA
284,20080336,mature,16.0,18.802357120479506,1083.0157701396195,5.10548,0.25279499999999944,985.2246082754812,MAM,LA-PLATA
285,20080337,decay,36.0,8.082221604309218,1047.4559199184746,1.745493611111111,-0.5999733333333334,433.7596781419364,MAM,SAt
286,20080337,intensification,9.0,7.651188382386479,247.8985035893219,2.219267,1.5326133333333332,212.33495952539081,MAM,SAt
287,20080337,mature,16.0,9.86638294236679,568.3036574803272,2.4079112499999997,-0.6337499999999998,497.6030488289164,MAM,SAt
288,20080338,decay,10.0,4.537637617000105,163.3549542120038,1.5629110000000002,-0.3486720000000002,107.84431400049107,MAM,SAt
289,20080338,intensification,9.0,10.108080837478381,327.5018191342995,1.9990299999999999,0.07138666666666654,327.18206920821257,MAM,SAt
290,20080338,mature,16.0,5.375132960011618,309.6076584966692,1.910385625,-0.6212549999999999,272.96011646378366,MAM,SAt
291,20080339,decay,42.0,18.4007534033739,2782.1939145901338,4.985697674418605,1.0271485714285713,2404.6342422853836,MAM,SAt
292,20080339,incipient,2.0,17.293702547127822,124.5146583393203,5.684385000000001,1.5891600000000035,63.32305446129848,MAM,SAt
293,20080340,decay,41.0,7.950542900822803,1173.5001321614457,2.0443928571428573,0.5912370731707317,362.57811594352495,MAM,SAt
294,20080340,incipient,16.0,6.600784216062571,380.2051708452041,2.571286875,0.9983250000000001,179.70528680435592,MAM,SAt
295,20080340,intensification,12.0,17.187739636864695,742.5103523125549,2.381698333333333,-1.56236,449.4885031796379,MAM,SAt
296,20080341,decay,31.0,16.432294710430313,1833.844089684023,2.448060625,0.4573780645161291,1626.382745930479,MAM,SAt
297,20080341,incipient,16.0,13.457344105088653,775.1430204531065,1.84044875,-0.12696000000000007,690.0130705998091,MAM,SAt
298,20080341,intensification,4.0,16.023515060180184,230.73861686659467,1.57887,-3.118260000000001,183.1556743008227,MAM,SAt
299,20080342,decay,24.0,21.79581321960626,1883.158262173981,1.3851752,0.46843999999999997,1705.4319856958489,MAM,LA-PLATA
300,20080342,incipient,16.0,19.80094321658537,1140.5343292753173,1.36518625,0.03349500000000025,1021.5941230376314,MAM,LA-PLATA
301,20080342,intensification,17.0,23.38985967301037,1431.4594119882347,1.54202,-0.4366729411764709,1357.4298104406316,MAM,LA-PLATA
302,20080343,decay,35.0,12.350875695634434,1556.2103376499385,3.520034166666667,-1.1338697142857141,5168.167825995847,MAM,LA-PLATA
303,20080343,incipient,16.0,24.907328848984815,1434.6621417015253,3.2440175,0.8209349999999997,1355.5759731892729,MAM,LA-PLATA
304,20080343,intensification,40.0,22.735307966065086,3273.8843471133728,5.72465825,2.120784,3024.027774611324,MAM,LA-PLATA
305,20080343,mature,12.0,6.9925605520623,302.07861584909136,6.9129325,-0.9870000000000001,270.32058254565163,MAM,LA-PLATA
306,20080344,decay,15.0,16.092310888052268,868.9847879548225,1.59163875,1.802432,834.5974493562438,MAM,SE-BR
307,20080344,incipient,16.0,10.6886601042439,615.6668220044486,2.242951875,-0.42922499999999986,570.979610356194,MAM,SE-BR
308,20080344,intensification,13.0,8.310032566446592,388.90952410970056,1.6580276923076922,-1.0741107692307692,360.5267349786011,MAM,SE-BR
309,20080345,decay,39.0,6.803994503812937,955.2808283353363,2.0179402499999997,-0.318916923076923,1116.794609971541,MAM,SAt
310,20080345,incipient,16.0,6.502138252511383,374.52316334465564,1.85560125,0.42300000000000004,272.99261180599194,MAM,SAt
311,20080345,intensification,50.0,3.9929254198499518,718.7265755729912,2.4175822,-0.2580336,562.2755937344403,MAM,SAt
312,20080345,mature,32.0,4.620409376020763,532.2711601175919,1.9327859375,0.07448999999999989,387.61544075618684,MAM,SAt
313,20080346,decay,6.0,11.165718780433464,241.1795256573628,1.07626,0.33047999999999966,241.07331837033396,MAM,SAt
314,20080346,incipient,16.0,9.132484143286389,526.031086653296,1.455378125,0.5437799999999999,448.7369434331479,MAM,SAt
315,20080346,intensification,10.0,9.564920432838552,344.3371355821879,1.546075,-0.20978399999999997,265.85930636113767,MAM,SAt
316,20080347,decay,24.0,16.943183428736386,1463.891048242824,8.347318333333334,-3.1439500000000002,1402.9744675920047,MAM,LA-PLATA
317,20080347,incipient,15.0,15.222418097326038,822.0105772556061,2.5865,1.6015679999999999,811.8141068709085,MAM,LA-PLATA
318,20080347,intensification,40.0,16.18952807008055,2331.2920420915993,6.14281225,3.927468,2132.7412337609176,MAM,LA-PLATA
319,20080347,mature,12.0,18.357518718904906,793.044808656692,9.84597,0.8472599999999986,725.0598361736953,MAM,LA-PLATA
320,20080348,decay,11.0,10.640505877406687,421.3640327453048,8.08422090909091,-2.143854545454545,386.6941255629366,MAM,SAt
321,20080348,incipient,9.0,23.90540873489246,774.5352430105158,1.94498,1.264586666666667,760.880240332732,MAM,SAt
322,20080348,intensification,40.0,13.80174784925714,1987.451690293028,4.20496675,3.0406679999999997,1708.3710244313347,MAM,SAt
323,20080348,mature,12.0,9.027298825239816,389.9793092503601,8.094043333333333,2.62594,353.3485820810957,MAM,SAt
324,20080349,intensification,34.0,8.301303596462656,1016.079560207029,3.3064117142857143,-1.872684705882353,918.9334563085238,MAM,SAt
325,20080350,intensification,31.0,19.153329464159103,2137.5115682001556,2.8991703125,1.3897083870967744,1887.6231833265613,MAM,LA-PLATA
326,20080350,mature,7.0,27.13410050219193,683.7793326552367,4.152612857142857,3.5682514285714286,555.8115840601307,MAM,LA-PLATA
327,20080351,decay,63.0,12.163754584144412,2758.739539683953,3.5658214285714287,-1.068167619047619,1088.9230862878553,MAM,SAt
328,20080351,intensification,39.0,8.255901777259602,1159.128609527248,2.913044,0.44672615384615383,200.5597253525622,MAM,SAt
329,20080351,mature,32.0,7.256978828612278,836.0039610561344,4.2909903125,1.366395,69.41089733111785,MAM,SAt
330,20080352,decay,90.0,13.484558815835474,4368.997056330693,7.140297666666667,-1.312586666666667,4016.9495150517996,MAM,SAt
331,20080352,intensification,37.0,15.239919013613724,2029.957212613348,5.2435678947368425,3.4141491891891893,3520.0052614662645,MAM,SAt
332,20080352,mature,32.0,13.524036759876902,1557.9690347378191,9.07376625,1.0781400000000008,2685.6338325043007,MAM,SAt
333,20080353,decay,90.0,6.921573736736476,2242.589890702618,5.498683,0.49723199999999995,1872.7607930765043,MAM,LA-PLATA
334,20080353,decay 2,54.0,13.166703055766797,2559.6070740410655,7.46829425925926,-1.9215822222222219,2534.9856075263,MAM,LA-PLATA
335,20080353,intensification,36.0,10.900639424882744,1412.7228694648036,4.290568918918919,1.56506,391.58314519718067,MAM,LA-PLATA
336,20080353,intensification 2,73.0,9.183549544659092,2413.4368203364097,7.261419726027398,0.8026389041095892,2296.1489032417376,MAM,LA-PLATA
337,20080353,mature,32.0,7.452192410243621,858.4925656600651,4.36926375,0.1667550000000003,936.4350781566848,MAM,LA-PLATA
338,20080353,mature 2,18.0,8.062637810921903,522.4589301477394,9.481232777777779,-0.8988133333333342,473.31785257881177,MAM,LA-PLATA
339,20080354,decay,31.0,10.044997288767112,1121.0216974264097,2.131680322580645,-0.5721909677419352,350.78501028042837,MAM,SAt
340,20080354,intensification,19.0,5.959680958944888,407.6421775918303,2.8017060000000003,1.2901136842105265,842.330343779245,MAM,SAt
341,20080354,mature,32.0,9.885268452209171,1138.7829256944965,2.23209,-1.3982850000000002,579.9240804366896,MAM,SAt
342,20080355,decay,20.0,21.502912122104224,1548.209672791504,4.3429923809523805,-1.640016,2511.824353349046,MAM,SAt
343,20080355,intensification,10.0,14.894005442588504,536.1841959331863,3.5538490000000005,0.2727839999999997,444.3177652761491,MAM,SAt
344,20080355,mature,20.0,11.211812658983982,807.2505114468466,3.0045845,-0.788136,726.4833061454113,MAM,SAt
345,20080264,Total,65.0,20.99112165159737,4919.267270500549,3.2382530084541066,-0.31701098550724616,4418.636669669276,MAM,SAt
346,20080265,Total,74.0,16.356491835370548,4380.948148526159,7.0776043478549795,-1.4348458443935932,4215.079895748932,MAM,SAt
347,20080266,Total,36.0,16.466602881344873,2182.9958987423925,5.101645096618358,-2.5108787826086947,2131.042899466713,MAM,SAt
348,20080267,Total,66.0,15.557692580647204,3246.045128791822,4.315401846872616,0.07856224256292887,2833.845092260821,MAM,SAt
349,20080268,Total,97.0,6.993407907363166,2565.331500229813,3.6467000601210384,0.37999705802969014,1166.0479469237553,MAM,SAt
350,20080269,Total,350.0,14.753472335893786,21122.376231990598,4.971858119680137,-0.5250705029511451,5196.736422232688,MAM,SAt
351,20080270,Total,106.0,23.2788376523265,7999.073741074993,4.890836462069809,-1.1256945194694052,6043.767125744096,MAM,SAt
352,20080271,Total,52.0,14.156961136418778,2973.1482127288473,5.448734640350877,-0.3404284912280705,2249.9583615697393,MAM,SAt
353,20080272,Total,49.0,9.982963903568024,1879.222090347414,3.030720849561404,0.7075068631578951,1637.0932041779145,MAM,SAt
354,20080273,Total,253.0,13.377527656599156,11096.071887229666,5.633300821824141,0.8428884384005129,8388.32465646391,MAM,SAt
355,20080274,Total,82.0,8.80936390326408,2629.5537510787303,1.8708477270042925,-0.16461182428219073,1096.6434869083512,MAM,SAt
356,20080275,Total,60.0,17.48388298479592,3093.2701049656034,4.648447783481365,0.749040871771907,2843.1968907594733,MAM,SAt
357,20080276,Total,86.0,8.257190073673662,2920.5788812717446,5.243372533622699,0.7534473174825174,2589.4148451246697,MAM,SAt
358,20080277,Total,104.0,19.2055679862586,7026.919695196563,4.680811087938415,0.16382707859078596,5369.118468431857,MAM,SAt
359,20080278,Total,101.0,16.953949055558834,6120.2148033185185,6.887432068233861,0.9668781726674411,3516.0807422246307,MAM,SAt
360,20080279,Total,48.0,8.596968561498448,1623.1589662347412,3.8122354545454544,1.4129595789473686,1234.6269747107501,MAM,LA-PLATA
361,20080280,Total,73.0,19.271350695005907,4814.323993328446,4.269602628228121,0.7762963787661402,4051.8772074306826,MAM,SAt
362,20080281,Total,182.0,19.720219417954528,11761.598594096396,4.842252478436989,-0.5494174725870339,6490.731555037811,MAM,SAt
363,20080282,Total,123.0,10.47138160456321,4355.713330702286,4.903854483774581,-0.8581052371273713,2925.5947234108357,MAM,SAt
364,20080283,Total,60.0,8.888468391839696,1908.8197529905856,2.092431789162562,0.05115794285714307,706.6873285170126,MAM,SAt
365,20080284,Total,50.0,8.030807973937335,1387.4855635322278,1.3666045726495728,-0.35429506031746033,1123.9358426870183,MAM,SAt
366,20080285,Total,35.0,7.457165486979701,942.4441716560477,1.4055643492063492,0.19358276923076925,701.6393266907896,MAM,SAt
367,20080286,Total,35.0,8.570391841657534,1343.8572904915015,2.8711120238095234,2.56944,1212.837863785175,MAM,SAt
368,20080287,Total,98.0,11.166516398579327,3939.6578531465548,5.445790132113821,-0.16258689180737948,2904.489304932176,MAM,SAt
369,20080288,Total,181.0,10.715088231415962,7091.874639602023,4.099851497031721,0.3151654559104558,6349.078163708428,MAM,SE-BR
370,20080289,Total,23.0,18.46124501672472,1323.0551461513905,2.045831984126984,1.8093314285714288,1161.7726103802377,MAM,SAt
371,20080290,Total,179.0,13.096008941349163,8437.449486472526,7.023760454235337,-0.3322815362291644,6098.634748204839,MAM,LA-PLATA
372,20080291,Total,74.0,23.453264658671014,6513.163014559685,2.982510218241529,-0.8980897953162456,6068.808296945623,MAM,SAt
373,20080292,Total,30.0,7.862217239992503,859.316257942611,2.080441845238095,-1.2207152795031055,791.3653780116935,MAM,SAt
374,20080293,Total,101.0,11.498713179067064,4768.895585259561,2.4393332528442317,-0.6226358609250401,3723.3090922623614,MAM,SAt
375,20080294,Total,75.0,6.4682173002434356,1460.6370575960243,2.6363128900850614,-0.21066482057416286,697.6697147461066,MAM,SAt
376,20080295,Total,141.0,20.253514319687273,9208.849926561146,5.5956237820048305,0.3330435555555557,7239.317252930281,MAM,LA-PLATA
377,20080296,Total,136.0,7.595630591050597,4044.052780841102,2.285485563459801,-0.0024215555555554824,1247.2309268219574,MAM,SAt
378,20080297,Total,55.0,14.253705245354936,2703.560441891561,2.7776643095238094,1.1703702857142855,2225.111426681627,MAM,LA-PLATA
379,20080298,Total,31.0,24.117889537436366,2860.3186762867754,1.8586547777777778,-0.6359759999999981,2801.518028642599,MAM,SAt
380,20080299,Total,43.0,12.962871187699129,1719.9356923463633,1.541231375,-0.7497453333333324,829.5420108833121,MAM,SAt
381,20080300,Total,102.0,19.457417783769287,7107.259687979485,5.198082593434344,0.1799638412698411,6896.093225892657,MAM,LA-PLATA
382,20080301,Total,135.0,18.831037878471268,10257.6674077102,5.486375890788224,-2.0443554301994302,6853.042724074477,MAM,SAt
383,20080302,Total,23.0,15.717865594974262,1301.4392712638687,3.226043333333333,-0.11259130434782601,1122.6036083164936,MAM,LA-PLATA
384,20080303,Total,27.0,17.150379652579172,1667.0169022306952,4.280841071428571,0.23043555555555528,1501.0780611622315,MAM,SAt
385,20080304,Total,58.0,7.536834607130471,1517.5999095811749,1.7604024047619047,-0.4909628571428572,965.9335358820683,MAM,SAt
386,20080305,Total,80.0,10.744645072966371,3008.4794848271617,3.8336775250312893,-0.6915378723404254,2355.4797598618434,MAM,SAt
387,20080306,Total,75.0,13.564700298741746,4433.096831835336,6.972368673496192,-1.5757455973813415,4327.261118466222,MAM,SAt
388,20080307,Total,49.0,14.150446363770367,2493.2365903208706,2.786971041666667,-0.4436677999999999,2184.2394019045637,MAM,SAt
389,20080308,Total,73.0,6.173028268260389,1660.8805350506225,2.071886380141844,0.5992291489361716,1206.0410073895555,MAM,SAt
390,20080309,Total,165.0,11.44356042005311,6266.478879440993,4.8322104661551535,0.10923075747988792,5674.085697037541,MAM,SAt
391,20080310,Total,61.0,17.97814925167178,4059.7803150737545,4.844354568627452,0.7288753333333333,3605.683851975727,MAM,LA-PLATA
392,20080311,Total,60.0,7.41584580642148,1715.6845138014546,1.4928247954173486,-0.37932539007092186,902.453485763333,MAM,SAt
393,20080312,Total,205.0,13.030709329845092,10827.072986790003,7.434425744744866,0.23341083667799584,6929.494514639841,MAM,SAt
394,20080313,Total,58.0,19.304081987056044,4444.8187542107735,4.0118677592592595,2.14479490909091,3786.7345662476982,MAM,SAt
395,20080314,Total,58.0,8.95273982837252,1957.1846188966713,2.1347556515151513,-0.5916764651162789,614.6132288145456,MAM,SAt
396,20080315,Total,27.0,28.844078850546595,2699.717311340793,3.924685875,1.1970266666666658,2644.102523723331,MAM,SAt
397,20080316,Total,161.0,14.117130175533655,8342.47294966908,6.0057107466768525,-0.42585943016982997,5311.523805171502,MAM,SAt
398,20080317,Total,40.0,11.571482015537851,1542.178494570002,5.358719584415585,-0.5498747412587418,1408.57612829493,MAM,SAt
399,20080318,Total,57.0,9.981919432807434,1732.6119236596055,1.7068557947214078,0.551214787878788,1083.2530897523234,MAM,SE-BR
400,20080319,Total,105.0,12.622935436627458,4374.01071602116,8.342810560064935,0.6978952402597405,3885.570433732154,MAM,SAt
401,20080320,Total,125.0,8.151049269912445,3683.256969197501,2.5965567593837533,0.8972797523809527,1066.5638605648057,MAM,SAt
402,20080321,Total,43.0,21.73215147689426,3451.8058110030606,5.112898425925926,-1.5414542222222192,3379.5737164399443,MAM,SAt
403,20080322,Total,218.0,11.972803016275174,9508.263187703527,6.0712315010674835,-0.6582141130158733,8495.8380003739,MAM,SAt
404,20080323,Total,78.0,15.04591911379094,4186.085844801369,2.74446148253367,-0.4058633232323233,3572.9062027468835,MAM,SAt
405,20080324,Total,30.0,7.582210542304455,740.9838132680609,1.7808575308641974,-1.1812548148148145,673.2172806711316,MAM,SAt
406,20080325,Total,359.0,10.374960465603856,14248.289641489617,5.348306062936187,-0.6119391899283089,6374.784907404531,MAM,SAt
407,20080326,Total,120.0,12.481549974401904,6126.375418194749,6.6391636017857145,0.6561814536679531,4411.896778762548,MAM,SAt
408,20080327,Total,37.0,13.496379713783965,1819.5522919525974,3.0510229128959274,1.0981880392156862,1376.5414805993494,MAM,SAt
409,20080328,Total,190.0,13.359698000916865,8797.929402580165,2.6323389532967036,-0.029943641422983846,6539.984171028156,MAM,LA-PLATA
410,20080329,Total,26.0,13.150288465199678,1230.8670003426898,1.7960062962962964,-0.145596923076923,989.9116285403009,MAM,SAt
411,20080330,Total,79.0,17.014263215025938,4426.964984944512,4.878193178721173,0.3228953349740216,3950.023086892876,MAM,SAt
412,20080331,Total,198.0,6.4543881685088635,4191.5011758407645,3.1226376716117215,0.10908271150954305,1571.7527577942872,MAM,SAt
413,20080332,Total,106.0,9.734513528391254,3644.873920346631,5.603031796296296,-1.806845101010102,2762.1784654594653,MAM,SAt
414,20080333,Total,93.0,13.354913366642672,4924.958281709945,6.164877779620994,-1.8664216470588237,3975.1520055411197,MAM,SAt
415,20080334,Total,131.0,16.074105975676762,7930.209205452369,6.077479678390688,-0.19392360576923084,3624.8825809319005,MAM,SAt
416,20080335,Total,40.0,10.07486426511592,1556.1648489560575,2.068400934065934,-0.6727282051282051,1189.5890299372072,MAM,SAt
417,20080336,Total,63.0,19.37094084065804,4413.250737427414,3.942980594405594,0.570715909090909,4055.4825109963017,MAM,LA-PLATA
418,20080337,Total,61.0,8.533264309687496,1863.6580809881236,2.1242239537037033,0.09963,1172.007834284182,MAM,SAt
419,20080338,Total,35.0,6.673617138163368,800.4644318429725,1.824108875,-0.2995134444444445,708.1984010807142,MAM,SAt
420,20080339,Total,44.0,17.84722797525086,2906.708572929454,5.335041337209303,1.3081542857142874,2488.8184526758873,MAM,SAt
421,20080340,Total,69.0,10.57968891791669,2296.2156553192044,2.3324593551587305,0.009067357723577288,606.9919288446808,MAM,SAt
422,20080341,Total,51.0,15.30438462523305,2839.725727003724,1.9557931250000002,-0.9292806451612906,2580.213670962387,MAM,SAt
423,20080342,Total,57.0,21.662205369734,4455.1520034375335,1.4307938166666665,0.021754019607843105,3990.1900721399034,MAM,LA-PLATA
424,20080343,Total,103.0,16.74651826568666,6566.835442313928,4.850410604166667,0.20521232142857138,5168.167825995847,MAM,LA-PLATA
425,20080344,Total,44.0,11.697001186247585,1873.5611340689716,1.8308727724358975,0.09969874358974362,1715.1143843717784,MAM,SE-BR
426,20080345,Total,137.0,5.479866888048758,2580.801727370575,2.055977409375,-0.019865130769230757,1116.794609971541,MAM,SAt
427,20080346,Total,32.0,9.954374452186135,1111.5477478928467,1.3592377083333333,0.22149199999999988,990.3976635415345,MAM,SAt
428,20080347,Total,91.0,16.67816207876197,5410.238476246721,6.730650145833334,0.8080864999999996,4758.238036927079,MAM,LA-PLATA
429,20080348,Total,72.0,14.343740321699027,3573.3302752992086,5.582052748106061,1.1968350303030304,3197.845537479172,MAM,SAt
430,20080349,Total,34.0,8.301303596462656,1016.079560207029,3.3064117142857143,-1.872684705882353,918.9334563085238,MAM,SAt
431,20080350,Total,38.0,23.143714983175517,2821.2909008553925,3.5258915848214283,2.4789799078341015,2424.4112563581793,MAM,LA-PLATA
432,20080351,Total,134.0,9.225545063338764,4753.872110267335,3.589951913690476,0.24831784493284492,1431.4030554528829,MAM,SAt
433,20080352,Total,159.0,14.082838196442033,7956.9233036818605,7.152543937134503,1.059900840840841,4279.155213850938,MAM,SAt
434,20080353,Total,303.0,9.281215997201771,10009.308150352701,6.394910405330559,0.03521505809233886,7216.7333490676365,MAM,LA-PLATA
435,20080354,Total,82.0,8.629982233307057,2667.4468007127366,2.3884921075268815,-0.22678742784380299,556.9705861113146,MAM,SAt
436,20080355,Total,50.0,15.86957674122557,2891.644380171537,3.633808626984127,-0.7184560000000001,2511.824353349046,MAM,SAt
