track_id,dt,date,lon vor,lat vor,vor42,lon mslp,lat mslp,mslp,lon 10spd,lat 10spd,10spd
20110545,382,2011-08-16 21:00:00,-49.809387000000015,-36.724461,6.277852,-49.86149999999998,-36.82948,1000.107,-46.0,-38.5,16.30811
20110545,383,2011-08-16 22:00:00,-50.098724000000004,-36.641068,6.399273,-50.248400000000004,-36.9292,1000.476,-45.5,-38.5,15.87397
20110545,384,2011-08-16 23:00:00,-51.38070699999997,-36.271996,6.348582,-50.452,-36.82105,999.3667,-45.5,-38.5,16.44869
20110545,385,2011-08-17 00:00:00,-49.35708599999998,-36.691685,6.50762,-49.788700000000006,-37.04803,998.4454,-42.5,-38.25,16.5326
20110545,386,2011-08-17 01:00:00,-49.99575800000002,-36.483215,6.677979,-49.02370000000002,-37.24632,997.7036,-43.75,-38.75,16.76861
20110545,387,2011-08-17 02:00:00,-49.31182899999999,-36.672588,6.895375,-49.2636,-37.28732,997.3171,-42.5,-38.75,16.9678
20110545,388,2011-08-17 03:00:00,-48.91497800000002,-36.782101,7.206302,-49.00119999999998,-37.4018,996.4692,-47.0,-38.75,17.42205
20110545,389,2011-08-17 04:00:00,-48.473479999999995,-36.883877,7.45813,-48.884900000000016,-37.48881,995.7073,-42.25,-39.0,17.29217
20110545,390,2011-08-17 05:00:00,-47.24685699999998,-37.216358,7.775308,-48.935299999999984,-37.5131,994.6017,-43.75,-39.25,17.61699
20110545,391,2011-08-17 06:00:00,-47.084258999999975,-37.227688,7.862394,-48.90300000000002,-37.45262,993.2413,-43.25,-39.25,18.24653
20110545,392,2011-08-17 07:00:00,-46.58850100000001,-37.251564,7.945744,-48.67930000000001,-37.45887,991.6439,-48.75,-38.0,18.48921
20110545,393,2011-08-17 08:00:00,-45.289062,-37.504444,8.435351,-48.2294,-37.49741,990.6592,-48.25,-38.25,20.56842
20110545,394,2011-08-17 09:00:00,-44.63482699999997,-37.538704,8.489713,-47.95749999999998,-37.44886,989.9931,-48.5,-37.75,22.39038
20110545,395,2011-08-17 10:00:00,-43.757812,-37.518906,8.992561,-47.579200000000014,-37.16526,990.9462,-48.0,-37.75,24.36465
20110545,396,2011-08-17 11:00:00,-43.12994400000002,-37.577763,9.237257,-43.70179999999999,-38.50486,994.1816,-48.0,-37.0,24.56673
20110545,397,2011-08-17 12:00:00,-42.56991599999998,-37.675549,9.39921,-43.16050000000001,-38.54063,993.5598,-47.0,-37.5,24.28602
20110545,398,2011-08-17 13:00:00,-42.04458599999998,-37.708538,9.450179,-42.662800000000004,-38.62246,993.2481,-46.75,-37.25,23.59156
20110545,399,2011-08-17 14:00:00,-41.644653000000005,-37.683674,9.537292,-41.28230000000002,-38.6932,992.587,-46.0,-37.5,23.42037
20110545,400,2011-08-17 15:00:00,-41.07470699999999,-37.711327,9.608453,-39.99959999999999,-38.89288,991.6452,-45.5,-37.5,21.76771
20110545,401,2011-08-17 16:00:00,-40.33691399999998,-37.803104,9.747756,-39.48340000000002,-38.96433,991.0825,-45.0,-37.5,20.84474
20110545,402,2011-08-17 17:00:00,-39.51721199999997,-37.895031,9.661689,-38.8263,-39.00547,990.7173,-44.5,-37.5,20.37562
20110545,403,2011-08-17 18:00:00,-38.703644,-37.967484,9.734156,-38.124900000000025,-39.10375,990.3662,-44.0,-37.5,20.33474
20110545,404,2011-08-17 19:00:00,-37.67926,-38.128933,9.926082,-37.19979999999998,-39.22419,989.9104,-42.0,-35.25,20.08398
20110545,405,2011-08-17 20:00:00,-36.703490999999985,-38.249783,10.03754,-36.445899999999995,-39.25997,989.401,-39.0,-39.5,20.18322
20110545,406,2011-08-17 21:00:00,-35.82577500000002,-38.302357,9.943235,-34.737599999999986,-39.56512,989.0063,-38.0,-39.5,20.68309
20110545,407,2011-08-17 22:00:00,-35.201873999999975,-38.348789,9.858499,-33.8725,-39.69063,988.5707,-37.0,-39.75,20.58002
20110545,408,2011-08-17 23:00:00,-34.201171999999985,-38.454342,9.894508,-32.9846,-39.77531,988.5538,-36.25,-39.75,21.07202
20110545,409,2011-08-18 00:00:00,-33.18728599999997,-38.58213,9.889331,-32.237300000000005,-39.84221,988.6475,-34.5,-39.75,21.79515
20110545,410,2011-08-18 01:00:00,-32.17944299999999,-38.685894,9.846746,-31.431600000000003,-39.86419,988.4702,-33.75,-39.75,21.60198
20110545,411,2011-08-18 02:00:00,-31.120116999999993,-38.830933,9.841408,-30.18610000000001,-39.95346,988.43,-33.25,-39.75,21.35604
20110545,412,2011-08-18 03:00:00,-30.286133000000007,-38.90815,9.795285,-30.135199999999998,-39.77255,988.1636,-32.75,-39.5,21.38717
20110545,413,2011-08-18 04:00:00,-29.521423000000027,-38.93177,9.685601,-28.171400000000006,-40.03349,987.5875,-32.0,-39.5,21.20044
20110545,414,2011-08-18 05:00:00,-28.65609699999999,-38.996998,9.665566,-27.488999999999976,-40.0817,987.0471,-31.25,-39.5,20.84945
20110545,415,2011-08-18 06:00:00,-27.436767999999972,-39.213722,9.758499,-26.100599999999986,-40.26834,986.1163,-30.25,-39.5,20.58041
20110545,416,2011-08-18 07:00:00,-26.28512599999999,-39.411472,9.736698,-25.418900000000008,-40.27873,986.2479,-19.75,-40.0,20.38079
20110545,417,2011-08-18 08:00:00,-25.13253800000001,-39.574478,9.814319,-25.269900000000007,-40.19272,985.9564,-29.25,-39.25,20.32269
20110545,418,2011-08-18 09:00:00,-24.007903999999996,-39.750065,9.822771,-24.156499999999994,-40.34798,986.1495,-28.5,-39.25,20.30987
20110545,419,2011-08-18 10:00:00,-22.712493999999992,-40.080036,10.25967,-21.438800000000015,-40.93835,983.3107,-17.5,-40.5,21.58786
20110545,420,2011-08-18 11:00:00,-21.900909000000013,-40.133564,10.20181,-20.70089999999999,-41.02705,982.4497,-26.0,-39.5,20.78571
20110545,421,2011-08-18 12:00:00,-21.046660999999972,-40.218914,10.37155,-19.699000000000012,-41.26906,982.1044,-25.25,-39.5,20.64018
20110545,422,2011-08-18 13:00:00,-20.12661700000001,-40.34816,10.42956,-18.992999999999995,-41.42824,980.9618,-25.0,-39.0,20.25647
20110545,423,2011-08-18 14:00:00,-19.327819999999974,-40.413265,10.4613,-18.449099999999987,-41.58176,979.8421,-24.25,-36.0,20.28158
20110545,424,2011-08-18 15:00:00,-18.409058000000016,-40.561447,10.60601,-17.89319999999998,-41.68935,978.052,-23.0,-36.0,21.32296
20110545,425,2011-08-18 16:00:00,-17.519957999999974,-40.679211,10.98387,-17.277499999999975,-41.78628,977.0805,-21.75,-36.0,22.08482
20110545,426,2011-08-18 17:00:00,-16.753203999999982,-40.752911,11.28658,-16.454999999999984,-41.95078,976.2928,-20.5,-36.0,22.03561
20110545,427,2011-08-18 18:00:00,-16.089721999999995,-40.776508,11.39996,-15.906000000000006,-42.01982,975.7262,-20.0,-39.25,22.70049
20110545,428,2011-08-18 19:00:00,-15.327606000000003,-40.840248,11.62967,-15.254999999999995,-42.16406,974.7586,-18.75,-40.0,23.11599
20110545,429,2011-08-18 20:00:00,-14.464202999999998,-40.979324,11.90402,-14.726499999999987,-42.20068,973.9259,-16.25,-37.5,23.68107
20110545,430,2011-08-18 21:00:00,-13.745758000000023,-41.060078,12.29171,-14.433499999999981,-42.20122,972.8353,-17.0,-40.0,24.52144
20110545,431,2011-08-18 22:00:00,-12.66821299999998,-41.262665,12.89509,-13.892899999999997,-42.22364,968.9032,-16.0,-40.75,26.15321
20110545,432,2011-08-18 23:00:00,-11.892180999999994,-41.377708,13.13812,-13.589499999999987,-42.19168,967.6697,-15.25,-40.5,26.65689
20110545,433,2011-08-19 00:00:00,-11.138214000000005,-41.505249,13.47292,-13.013300000000015,-42.19429,967.1281,-14.0,-39.75,26.88937
20110545,434,2011-08-19 01:00:00,-10.356719999999996,-41.674133,13.78667,-12.409600000000012,-42.13075,965.835,-13.75,-41.0,27.63921
20110545,435,2011-08-19 02:00:00,-9.59033199999999,-41.808701,14.10631,-11.721000000000004,-42.19079,964.8828,-13.0,-41.25,28.34507
20110545,436,2011-08-19 03:00:00,-8.838530999999989,-42.03495,14.56588,-11.317299999999989,-42.05803,964.475,-12.25,-41.75,27.63349
20110545,437,2011-08-19 04:00:00,-8.035125999999991,-42.276714,14.96168,-10.59050000000002,-42.37342,962.9732,-11.25,-40.75,27.15358
20110545,438,2011-08-19 05:00:00,-7.198577999999998,-42.523163,15.04007,-9.613099999999974,-42.69534,962.3235,-10.5,-40.75,26.74236
20110545,439,2011-08-19 06:00:00,-6.489777000000004,-42.725754,15.15121,-8.655100000000004,-43.16976,961.6823,-9.75,-40.75,26.63792
20110545,440,2011-08-19 07:00:00,-5.9427800000000275,-42.953609,15.3243,-6.844499999999982,-42.79998,961.2852,-9.5,-41.0,26.80139
20110545,441,2011-08-19 08:00:00,-5.253875999999991,-43.180897,15.35117,-6.072499999999991,-43.28521,960.699,-9.0,-41.25,27.04848
20110545,442,2011-08-19 09:00:00,-4.673797999999977,-43.387516,15.22127,-5.2631000000000085,-43.50711,960.2729,-8.75,-42.25,26.5008
20110545,443,2011-08-19 10:00:00,-4.053802000000019,-43.570724,15.26133,-5.02170000000001,-43.88081,958.9836,-8.0,-42.0,27.29105
20110545,444,2011-08-19 11:00:00,-3.573180999999977,-43.748451,15.22352,-4.430299999999988,-43.97588,957.9417,-7.25,-41.75,27.10295
20110545,445,2011-08-19 12:00:00,-3.1122439999999756,-43.905693,15.15485,-3.7753000000000156,-44.11713,957.7588,-3.5,-41.5,26.35028
20110545,446,2011-08-19 13:00:00,-2.6683649999999943,-44.045189,15.19607,-3.356899999999996,-44.1378,956.7948,-2.5,-41.5,26.08135
20110545,447,2011-08-19 14:00:00,-2.216736000000026,-44.198017,15.18409,-2.899600000000021,-44.23758,956.2894,-4.0,-40.75,26.12298
20110545,448,2011-08-19 15:00:00,-1.730895999999973,-44.36879,15.13734,-2.2474000000000274,-44.46282,956.1617,-3.0,-40.75,26.08993
20110545,449,2011-08-19 16:00:00,-1.2364499999999907,-44.522144,15.18529,-1.591099999999983,-44.52732,956.2624,-0.75,-41.25,26.20349
20110545,450,2011-08-19 17:00:00,-0.7184449999999742,-44.683361,14.98534,-1.2221999999999866,-44.6423,956.4621,-0.25,-41.25,25.78475
20110545,451,2011-08-19 18:00:00,-0.2370000000000232,-44.829063,14.94961,-0.6969000000000278,-44.74217,956.5797,-3.0,-46.5,25.71864
20110545,452,2011-08-19 19:00:00,0.244705,-44.964718,14.71001,0.0,-44.79967,956.9393,0.0,-41.5,24.40158
20110545,453,2011-08-19 20:00:00,0.690609,-45.054371,14.5561,0.356031,-44.93449,957.6608,0.75,-41.25,23.84321
20110545,454,2011-08-19 21:00:00,1.123735,-45.186714,14.42962,0.792445,-45.04906,958.0931,1.25,-41.75,23.71051
20110545,455,2011-08-19 22:00:00,1.884966,-45.366005,13.97525,1.522917,-45.1914,960.6277,2.0,-42.25,23.9123
20110545,456,2011-08-19 23:00:00,2.313125,-45.515602,13.54942,2.175352,-45.36595,960.981,3.0,-42.75,24.09773
20110545,457,2011-08-20 00:00:00,2.71413,-45.643429,13.42447,2.586898,-45.50295,961.5007,3.75,-42.5,23.8144
20110545,458,2011-08-20 01:00:00,3.088953,-45.755928,13.22902,2.999603,-45.63225,961.889,0.0,-47.5,23.89618
20110545,459,2011-08-20 02:00:00,3.514278,-45.890934,12.92896,3.584245,-45.75341,962.6129,0.0,-46.75,23.9471
20110545,460,2011-08-20 03:00:00,3.954983,-46.074093,12.65249,3.912178,-45.86046,962.9877,0.0,-46.0,23.46619
20110545,461,2011-08-20 04:00:00,4.426244,-46.213177,12.37079,4.521051,-46.11278,963.9401,0.75,-47.0,23.18591
20110545,462,2011-08-20 05:00:00,4.891088,-46.368832,12.08443,5.000124,-46.25314,964.5112,1.5,-47.25,23.33028
20110545,463,2011-08-20 06:00:00,5.311398,-46.466679,11.70597,5.294882,-46.32955,965.6942,2.0,-47.25,23.40225
20110545,464,2011-08-20 07:00:00,5.744526,-46.539215,11.34937,5.778731,-46.42459,967.0754,2.75,-47.75,23.14288
20110545,465,2011-08-20 08:00:00,6.172353,-46.698326,11.03234,6.011633,-46.36928,967.7465,2.75,-46.75,22.81737
20110545,466,2011-08-20 09:00:00,6.560555,-46.764709,10.80792,6.389553,-46.37931,968.6863,3.25,-47.25,22.80072
20110545,467,2011-08-20 10:00:00,7.109136,-46.926987,10.50054,6.746343,-46.11557,970.9264,0.75,-47.0,22.74296
20110545,468,2011-08-20 11:00:00,7.467486,-46.813198,10.31291,7.179025,-46.05485,971.2072,5.25,-47.75,22.78769
20110545,469,2011-08-20 12:00:00,7.822805,-46.657135,10.17396,7.530708,-46.10597,971.4426,6.0,-47.5,23.05202
20110545,470,2011-08-20 13:00:00,8.200943,-46.521576,10.05487,8.044012,-46.12299,971.8754,4.0,-47.5,22.86137
20110545,471,2011-08-20 14:00:00,8.546646,-46.407837,9.986513,8.346208,-46.16236,972.2125,4.5,-48.0,22.88277
20110545,472,2011-08-20 15:00:00,9.007039,-46.452042,9.834004,8.918084,-46.21103,973.3891,5.5,-48.25,23.00264
20110545,473,2011-08-20 16:00:00,9.461113,-46.478771,9.614653,9.167424,-46.22576,974.1468,6.0,-47.25,23.16794
20110545,474,2011-08-20 17:00:00,9.877212,-46.389565,9.368247,9.714264,-46.3144,975.2747,6.5,-47.5,23.20011
20110545,475,2011-08-20 18:00:00,10.294824,-46.393291,9.135181,10.09874,-46.27002,976.2804,8.75,-48.25,23.54768
20110545,476,2011-08-20 19:00:00,10.702535,-46.372002,8.832071,10.47886,-46.34128,977.153,9.5,-49.0,23.54668
20110545,477,2011-08-20 20:00:00,11.129412,-46.337982,8.603416,10.768,-46.3488,977.9781,10.0,-49.0,23.53734
20110545,478,2011-08-20 21:00:00,11.540909,-46.237858,8.45575,11.21948,-46.2641,978.5153,10.0,-48.0,23.82491
20110545,479,2011-08-20 22:00:00,12.263158,-45.939575,8.316137,11.44158,-46.34509,979.8645,10.0,-47.0,24.47407
20110545,480,2011-08-20 23:00:00,12.670378,-45.837357,8.284767,11.92461,-46.23331,980.4123,10.75,-47.75,24.43924
20110545,481,2011-08-21 00:00:00,13.112636,-45.75742,8.260612,12.11528,-46.16444,980.7063,10.75,-46.75,25.09803
20110545,482,2011-08-21 01:00:00,13.521959,-45.757145,8.427746,12.65229,-45.99894,981.3617,11.25,-46.5,25.41575
20110545,483,2011-08-21 02:00:00,14.018971,-45.677261,8.526133,12.88862,-45.86176,980.8796,11.5,-46.75,24.88037
20110545,484,2011-08-21 03:00:00,14.447878,-45.664856,8.589675,13.43606,-45.73485,980.8431,12.0,-46.5,25.24967
20110545,485,2011-08-21 04:00:00,14.883121,-45.562229,8.653723,13.63708,-45.64788,981.2057,12.75,-47.5,24.48278
20110545,486,2011-08-21 05:00:00,15.359769,-45.504383,8.713929,14.16991,-45.4613,981.6102,12.75,-46.75,24.2515
20110545,487,2011-08-21 06:00:00,15.80706,-45.451527,8.717501,14.42314,-45.31109,982.0128,12.75,-45.5,23.39649
20110545,488,2011-08-21 07:00:00,16.322411,-45.415741,8.693149,14.9274,-45.12671,982.7797,12.75,-45.0,22.64296
20110545,489,2011-08-21 08:00:00,16.822886,-45.45985,8.650697,15.40636,-45.01677,983.5253,13.0,-45.0,22.41939
20110545,490,2011-08-21 09:00:00,17.292822,-45.487232,8.509934,15.7447,-44.92421,984.1004,13.5,-46.25,22.01756
20110545,491,2011-08-21 10:00:00,17.809893,-45.839024,8.267354,16.40681,-44.89039,985.6744,14.0,-46.75,21.09017
20110545,492,2011-08-21 11:00:00,18.225527,-45.957897,8.009248,16.7784,-44.90506,986.9481,12.0,-46.25,20.79501
20110545,493,2011-08-21 12:00:00,18.723694,-46.141193,7.758113,17.35097,-44.8675,987.6395,11.75,-45.5,20.67414
20110545,494,2011-08-21 13:00:00,19.51614,-46.530495,7.442416,17.91938,-44.82101,989.1037,11.75,-45.5,20.23943
20110545,495,2011-08-21 14:00:00,20.891741,-47.434002,7.122159,23.13946,-49.39246,982.692,13.0,-46.5,19.77378
20110545,496,2011-08-21 15:00:00,22.747679,-48.604149,7.137996,23.60946,-49.58809,982.6143,15.0,-46.0,19.00377
20110545,497,2011-08-21 16:00:00,23.94397,-49.225792,7.176798,23.86545,-49.7718,982.7126,15.75,-47.0,18.12984
20110545,498,2011-08-21 17:00:00,24.864004,-49.673512,7.273597,24.32625,-50.00811,983.001,21.25,-51.75,17.64872
20110545,499,2011-08-21 18:00:00,25.619488,-49.985458,7.230649,24.84741,-50.23617,983.7926,22.5,-51.0,17.74494
20110545,500,2011-08-21 19:00:00,26.336678,-50.239498,7.143752,25.00798,-50.211,984.7261,23.25,-51.25,17.70458
20110545,501,2011-08-21 20:00:00,27.040333,-50.453102,7.004557,25.53429,-50.29382,985.8894,23.25,-50.75,17.44741
20110545,502,2011-08-21 21:00:00,27.64888,-50.579517,6.919733,25.74631,-50.22142,986.994,23.25,-49.5,17.39166
20110545,503,2011-08-21 22:00:00,28.349678,-50.606758,6.911678,26.32743,-50.25434,987.816,23.75,-49.5,18.54633
20110545,504,2011-08-21 23:00:00,28.967793,-50.63118,6.77484,26.83748,-50.06363,989.2728,24.5,-49.75,17.68839
20110545,505,2011-08-22 00:00:00,29.284046,-50.477409,6.481906,27.44437,-50.0837,990.4893,24.5,-49.75,17.64294
20110545,506,2011-08-22 01:00:00,29.631346,-50.325584,6.284212,27.92156,-49.96863,991.9631,26.25,-49.75,17.86487
20110545,507,2011-08-22 02:00:00,30.015499,-50.125893,6.126508,28.58157,-49.91385,993.1981,29.25,-48.5,17.9457
20110545,508,2011-08-22 03:00:00,30.35741,-49.855038,5.949578,28.94976,-49.75987,994.1714,29.5,-48.0,17.7498
20110545,509,2011-08-22 04:00:00,30.787405,-49.648598,5.792414,29.82956,-49.74448,995.4324,27.5,-49.75,17.31938
20110545,510,2011-08-22 05:00:00,31.238838,-49.492085,5.648902,30.45495,-49.69915,996.9773,27.75,-49.5,17.1348
20110545,511,2011-08-22 06:00:00,31.726522,-49.375099,5.540431,31.00549,-49.54889,998.6536,30.5,-47.75,16.65114
20110545,512,2011-08-22 07:00:00,32.28714,-49.308105,5.423764,31.74403,-49.488,999.8453,30.75,-47.5,16.35194
20110545,513,2011-08-22 08:00:00,32.845009,-49.244846,5.300583,32.43967,-49.53647,1001.175,32.0,-47.5,15.996
20110545,514,2011-08-22 09:00:00,33.403801,-49.182762,5.158705,33.04797,-49.6925,1002.161,32.25,-47.25,15.53531
20110545,515,2011-08-22 10:00:00,34.220375,-48.996147,5.068456,33.66687,-49.43376,1003.473,33.5,-47.25,15.14406
20110545,516,2011-08-22 11:00:00,34.774529,-48.898258,4.951957,35.14712,-50.03097,1004.312,34.0,-47.0,15.14702
20110545,517,2011-08-22 12:00:00,35.335793,-48.788574,4.79834,36.09,-50.00078,1004.925,34.25,-46.75,15.0797
20110545,518,2011-08-22 13:00:00,35.941353,-48.67078,4.592619,36.89245,-49.90743,1005.921,35.0,-46.75,15.0684
20110545,519,2011-08-22 14:00:00,36.625698,-48.558849,4.413691,37.47861,-49.74329,1007.407,35.25,-46.5,14.79648
20110545,520,2011-08-22 15:00:00,37.34832,-48.452026,4.29583,38.21094,-49.63684,1008.392,36.0,-46.25,14.22815
20110545,521,2011-08-22 16:00:00,38.057137,-48.335075,4.221362,39.37661,-49.467,1009.794,36.0,-46.0,13.56838
20110545,522,2011-08-22 17:00:00,38.670776,-48.169556,4.127088,-999.0,-999.0,1011.401,36.0,-45.75,12.6742
20110545,523,2011-08-22 18:00:00,39.330162,-47.982513,4.042724,-999.0,-999.0,1012.799,36.0,-45.75,11.83325
20110545,524,2011-08-22 19:00:00,40.013836,-47.802723,3.940956,-999.0,-999.0,1013.938,35.75,-45.5,10.94493
20110545,525,2011-08-22 20:00:00,40.783936,-47.609756,3.825311,45.27901,-49.45748,1013.025,36.75,-45.25,10.21706
20110545,526,2011-08-22 21:00:00,41.627861,-47.409039,3.667921,45.82732,-49.13195,1013.535,46.75,-43.25,10.03207
20110545,527,2011-08-22 22:00:00,42.682961,-47.17477,3.473356,-999.0,-999.0,1015.826,50.75,-45.25,10.0077
20110545,528,2011-08-22 23:00:00,43.411339,-46.93327,3.358498,-999.0,-999.0,1016.513,42.75,-45.75,9.695035
20110545,529,2011-08-23 00:00:00,44.202412,-46.642292,3.257001,-999.0,-999.0,1016.98,43.5,-45.75,9.751558
20110545,530,2011-08-23 01:00:00,44.991703,-46.322788,3.216718,-999.0,-999.0,1017.509,44.0,-45.5,9.788669
20110545,531,2011-08-23 02:00:00,45.93539,-46.008274,3.272303,-999.0,-999.0,1018.12,50.0,-42.25,9.78986
20110545,532,2011-08-23 03:00:00,46.959484,-45.706753,3.37669,-999.0,-999.0,1018.94,46.0,-40.0,9.737868
20110545,533,2011-08-23 04:00:00,47.883671,-45.440044,3.459223,-999.0,-999.0,1019.686,47.0,-40.5,10.19985
20110545,534,2011-08-23 05:00:00,48.727848,-45.137646,3.519435,-999.0,-999.0,1019.909,52.25,-41.0,10.80103
20110545,535,2011-08-23 06:00:00,49.499962,-44.813992,3.572448,-999.0,-999.0,1020.188,52.5,-40.5,11.34496
20110545,536,2011-08-23 07:00:00,50.167442,-44.486206,3.559591,-999.0,-999.0,1020.378,53.0,-40.5,11.44889
20110545,537,2011-08-23 08:00:00,50.688442,-44.105217,3.54881,-999.0,-999.0,1020.69,53.5,-40.0,11.78144
20110545,538,2011-08-23 09:00:00,51.098755,-43.736443,3.529064,-999.0,-999.0,1020.763,53.75,-39.75,11.9994
20110545,539,2011-08-23 10:00:00,51.482601,-43.253963,3.691723,-999.0,-999.0,1019.831,54.0,-40.25,13.00382
20110545,540,2011-08-23 11:00:00,52.085445,-42.835228,3.740306,-999.0,-999.0,1019.917,54.25,-39.75,12.85266
20110545,541,2011-08-23 12:00:00,52.647625,-42.446655,3.725105,-999.0,-999.0,1019.888,54.0,-39.5,13.1501
20110545,542,2011-08-23 13:00:00,53.273361,-41.96994,3.761978,56.19642,-41.66923,1015.681,54.25,-39.0,13.15849
20110545,543,2011-08-23 14:00:00,53.959423,-41.526161,3.788865,56.31613,-40.20912,1016.099,56.25,-39.25,13.58732
20110545,544,2011-08-23 15:00:00,54.606819,-41.053562,3.815912,56.5655,-39.7708,1015.975,55.25,-38.5,13.01204
20110545,545,2011-08-23 16:00:00,55.261112,-40.62365,3.821319,57.20998,-38.88542,1015.925,52.75,-39.5,12.71584
20110545,546,2011-08-23 17:00:00,55.972038,-40.169926,3.840319,-999.0,-999.0,1018.159,56.25,-39.5,13.24897
20110545,547,2011-08-23 18:00:00,56.429646,-39.690773,3.812417,58.03349,-37.99796,1015.387,56.25,-39.0,13.52138
20110545,548,2011-08-23 19:00:00,56.836029,-39.125732,3.763889,58.49144,-37.55597,1014.998,56.5,-38.25,13.47607
20110545,549,2011-08-23 20:00:00,57.221939,-38.591061,3.748671,58.99299,-37.13693,1014.4,56.5,-37.5,13.38864
20110545,550,2011-08-23 21:00:00,57.650146,-38.085548,3.723686,59.28588,-36.86347,1014.177,55.0,-40.0,13.38705
20110545,551,2011-08-23 22:00:00,58.455601,-37.507969,3.570718,59.75395,-36.37989,1013.384,56.0,-37.25,13.65868
20110545,552,2011-08-23 23:00:00,59.28437,-37.030617,3.553331,60.00368,-35.98913,1012.764,55.0,-36.75,13.72076
19870193,1,1987-04-01 00:00:00,-51.99243200000001,-34.550541,4.652388,-52.43770000000001,-34.13417,995.255,-52.5,-33.75,15.53422
19870193,2,1987-04-01 01:00:00,-51.15670799999998,-34.909885,5.217399,-51.99720000000002,-34.50304,994.4486,-51.75,-34.0,16.1044
19870193,3,1987-04-01 02:00:00,-50.66482500000001,-35.074825,5.390866,-51.33359999999999,-34.86227,993.3536,-51.0,-34.5,17.04541
19870193,4,1987-04-01 03:00:00,-50.143463,-35.518826,6.469006,-50.80880000000002,-35.15843,991.2946,-50.5,-35.0,20.24069
19870193,5,1987-04-01 04:00:00,-49.52181999999999,-35.750618,6.627775,-49.976099999999974,-35.42247,991.8361,-49.75,-35.25,18.90669
19870193,6,1987-04-01 05:00:00,-48.99704000000003,-35.915859,6.964825,-49.062400000000025,-35.90472,992.3164,-48.75,-35.75,18.29789
19870193,7,1987-04-01 06:00:00,-48.44958500000001,-36.154728,7.11469,-48.393700000000024,-36.51802,991.2841,-47.75,-36.5,17.71439
19870193,8,1987-04-01 07:00:00,-47.77441399999998,-36.605312,7.008425,-47.24209999999999,-37.19189,990.2541,-47.0,-37.0,18.4785
19870193,9,1987-04-01 08:00:00,-47.10110500000002,-37.070671,6.992442,-46.7278,-37.58064,989.3267,-46.25,-37.5,19.35222
19870193,10,1987-04-01 09:00:00,-46.38970899999998,-37.535553,6.892277,-45.918600000000026,-38.25658,988.3332,-46.0,-37.75,19.06629
19870193,11,1987-04-01 10:00:00,-45.683074999999974,-37.988564,6.897287,-45.30500000000001,-38.73944,986.698,-45.0,-38.25,18.88785
19870193,12,1987-04-01 11:00:00,-44.946259,-38.444229,7.10268,-44.86349999999999,-39.31664,985.5733,-45.0,-37.75,18.19017
19870193,13,1987-04-01 12:00:00,-44.119812000000024,-38.97575,7.338583,-44.20800000000003,-39.73961,984.7657,-42.5,-39.75,18.2893
19870193,14,1987-04-01 13:00:00,-43.261199999999974,-39.425808,7.554474,-43.41050000000001,-40.05802,983.6411,-42.0,-40.0,18.68195
19870193,15,1987-04-01 14:00:00,-42.4375,-39.844814,7.842397,-42.631399999999985,-40.28561,982.6027,-41.5,-40.25,18.70805
19870193,16,1987-04-01 15:00:00,-41.74380500000001,-40.200718,7.857627,-41.20460000000003,-40.79107,980.187,-39.5,-40.5,19.42461
19870193,17,1987-04-01 16:00:00,-40.936736999999994,-40.554157,7.973988,-40.41969999999998,-41.25844,978.0185,-39.0,-41.0,20.20256
19870193,18,1987-04-01 17:00:00,-40.16116299999999,-40.837753,8.261865,-39.468500000000006,-41.71125,977.1411,-38.0,-41.25,20.28817
19870193,19,1987-04-01 18:00:00,-39.32012900000001,-41.258514,8.585145,-38.884299999999996,-42.11283,976.1931,-36.75,-41.5,20.2069
19870193,20,1987-04-01 19:00:00,-38.56442299999998,-41.494934,8.730095,-38.09379999999999,-42.57793,974.368,-35.75,-41.75,20.54206
19870193,21,1987-04-01 20:00:00,-37.60446200000001,-41.979816,9.160436,-37.52249999999998,-42.95313,973.1852,-34.5,-41.75,20.65649
19870193,22,1987-04-01 21:00:00,-36.710601999999994,-42.461685,9.632375,-36.794399999999996,-43.43378,970.9406,-33.75,-42.25,20.76158
19870193,23,1987-04-01 22:00:00,-35.77304099999998,-42.895412,9.924443,-35.97500000000002,-43.88905,968.6284,-37.0,-37.25,21.3898
19870193,24,1987-04-01 23:00:00,-34.86215199999998,-43.267994,10.18322,-35.192999999999984,-44.28384,966.1484,-36.0,-37.5,21.26802
19870193,25,1987-04-02 00:00:00,-33.871216000000004,-43.802814,10.75626,-34.233900000000006,-44.87556,964.629,-36.25,-44.0,21.46814
19870193,26,1987-04-02 01:00:00,-32.94000199999999,-44.340904,11.20458,-33.27080000000001,-45.31109,962.5591,-35.5,-44.25,22.18722
19870193,27,1987-04-02 02:00:00,-32.040955,-44.834381,11.719,-32.49250000000001,-45.81421,960.6077,-34.5,-44.5,23.35554
19870193,28,1987-04-02 03:00:00,-31.201813000000016,-45.479771,12.0062,-31.639599999999973,-46.43898,957.3126,-33.75,-44.5,24.90532
19870193,29,1987-04-02 04:00:00,-30.360657000000003,-45.845268,12.43041,-31.142499999999984,-46.81375,956.2571,-32.75,-45.25,24.6937
19870193,30,1987-04-02 05:00:00,-29.523986999999977,-46.192097,12.75983,-30.171600000000012,-47.71693,953.923,-31.75,-45.75,24.06095
19870193,31,1987-04-02 06:00:00,-28.650603999999987,-46.563427,13.05211,-29.518700000000024,-48.11553,951.86,-30.75,-46.25,24.68894
19870193,32,1987-04-02 07:00:00,-27.80718999999999,-47.014797,13.29372,-29.076099999999997,-48.21027,950.1537,-30.0,-46.75,24.23664
19870193,33,1987-04-02 08:00:00,-26.952484000000027,-47.502132,13.5511,-28.23430000000002,-48.32178,948.7396,-29.25,-47.75,25.27981
19870193,34,1987-04-02 09:00:00,-26.10522500000002,-48.009281,13.87479,-27.4144,-48.36155,947.0844,-28.0,-47.5,26.72279
19870193,35,1987-04-02 10:00:00,-25.289398000000006,-48.498459,14.23561,-26.608900000000006,-48.58503,946.0703,-26.75,-47.25,27.93322
19870193,36,1987-04-02 11:00:00,-24.473082999999974,-49.013466,14.55962,-25.457899999999995,-48.73722,944.8953,-26.0,-48.0,29.80068
19870193,37,1987-04-02 12:00:00,-23.719634999999982,-49.571178,14.67663,-24.451000000000022,-49.06386,943.9658,-24.5,-48.0,29.92164
19870193,38,1987-04-02 13:00:00,-23.051360999999986,-50.173428,14.83451,-23.578899999999976,-49.54254,943.5423,-24.0,-48.75,30.63209
19870193,39,1987-04-02 14:00:00,-22.496673999999985,-50.783184,14.96245,-23.622500000000002,-51.23134,942.9069,-23.25,-49.25,30.34168
19870193,40,1987-04-02 15:00:00,-22.013641000000007,-51.526295,15.28312,-23.33839999999998,-52.28819,938.4095,-21.25,-49.25,30.96235
19870193,41,1987-04-02 16:00:00,-21.410004000000015,-52.018345,15.26949,-22.971799999999973,-52.66909,937.4222,-20.25,-50.0,29.60112
19870193,42,1987-04-02 17:00:00,-20.89910900000001,-52.535042,15.29563,-22.48610000000002,-53.11724,936.4133,-19.25,-50.5,28.85798
19870193,43,1987-04-02 18:00:00,-20.405365000000018,-53.092922,15.26386,-21.955499999999972,-53.40308,935.1522,-19.5,-50.75,28.34487
19870193,44,1987-04-02 19:00:00,-19.933868000000018,-53.621601,15.26331,-21.435600000000022,-53.7387,934.0758,-17.5,-51.75,27.9845
19870193,45,1987-04-02 20:00:00,-19.488647000000014,-54.123505,15.22943,-20.42579999999998,-53.80199,933.5477,-17.5,-52.25,28.29444
19870193,46,1987-04-02 21:00:00,-19.05053700000002,-54.606712,15.2397,-18.225799999999992,-54.25716,932.2771,-17.0,-52.75,28.49398
19870193,47,1987-04-02 22:00:00,-18.62017800000001,-55.070713,15.18867,-17.7928,-54.7683,931.1465,-16.75,-53.25,28.73739
19870193,48,1987-04-02 23:00:00,-18.19528200000002,-55.551888,15.04739,-17.351999999999975,-55.3491,929.8836,-15.75,-54.0,27.4389
19870193,49,1987-04-03 00:00:00,-17.769835999999998,-56.016041,14.98847,-17.168999999999983,-55.88769,929.3732,-15.5,-54.25,26.39976
19870193,50,1987-04-03 01:00:00,-17.313567999999975,-56.447857,14.86045,-16.78370000000001,-56.48053,928.5094,-16.75,-54.0,26.47088
19870193,51,1987-04-03 02:00:00,-16.908751999999993,-56.838131,14.73316,-16.9101,-57.03829,928.2803,-16.25,-53.75,24.97467
19870193,52,1987-04-03 03:00:00,-16.577788999999996,-57.212177,14.47665,-16.573800000000006,-57.56191,927.0294,-14.5,-54.25,24.7906
19870193,53,1987-04-03 04:00:00,-16.230469000000028,-57.51918,14.04312,-16.58499999999998,-57.92282,927.1101,-16.75,-54.75,25.68779
19870193,54,1987-04-03 05:00:00,-15.952270999999996,-57.876686,13.49039,-16.925599999999974,-58.30746,926.8948,-16.0,-55.0,26.27781
19870193,55,1987-04-03 06:00:00,-15.697021000000007,-58.204823,13.04119,-16.92489999999998,-58.67156,927.2301,-16.0,-55.25,25.78354
19870193,56,1987-04-03 07:00:00,-15.495208999999988,-58.592731,12.59921,-16.55189999999999,-58.93307,927.3447,-14.0,-55.75,26.01618
19870193,57,1987-04-03 08:00:00,-15.364258000000007,-59.028587,12.24882,-16.522100000000023,-59.23572,927.2846,-14.0,-56.25,25.33001
19870193,58,1987-04-03 09:00:00,-15.239135999999974,-59.383575,12.01923,-16.490499999999997,-59.54093,927.6258,-13.5,-56.5,24.06677
19870193,59,1987-04-03 10:00:00,-15.13720699999999,-59.756981,11.76449,-16.059000000000026,-59.80544,927.7766,-11.5,-55.75,23.06145
19870193,60,1987-04-03 11:00:00,-14.992034999999987,-60.102379,11.5639,-15.994199999999978,-60.07696,928.3297,-10.5,-56.0,23.00075
19870193,61,1987-04-03 12:00:00,-14.78814699999998,-60.454449,11.32144,-15.6284,-60.37264,929.11,-10.25,-56.5,22.70513
19870193,62,1987-04-03 13:00:00,-14.676819000000023,-60.775337,11.07547,-15.58019999999999,-60.69302,929.2386,-10.5,-57.25,22.37081
19870193,63,1987-04-03 14:00:00,-14.603728999999987,-61.124233,10.78892,-15.5822,-61.01077,929.36,-11.5,-58.25,22.08944
19870193,64,1987-04-03 15:00:00,-12.751647999999989,-60.942165,9.572351,-15.522299999999973,-60.96443,935.5021,-9.0,-58.25,23.25085
19870193,65,1987-04-03 16:00:00,-12.594298999999978,-61.304886,9.362978,-15.32220000000001,-61.12702,936.5302,-8.75,-58.75,22.41877
19870193,66,1987-04-03 17:00:00,-12.617400999999973,-61.720016,9.205617,-15.232399999999984,-61.32589,935.7424,-8.5,-59.25,21.59404
19870193,67,1987-04-03 18:00:00,-12.65417500000001,-62.092316,9.0873,-14.958300000000008,-61.57407,936.268,-8.0,-59.75,20.79962
19870193,68,1987-04-03 19:00:00,-12.749115000000018,-62.432163,8.997648,-14.531299999999987,-61.85011,936.0326,-9.5,-60.0,20.4235
19870193,69,1987-04-03 20:00:00,-12.991790999999978,-62.733044,9.025551,-14.5625,-62.15247,936.0999,-10.0,-60.5,20.26922
19870193,70,1987-04-03 21:00:00,-13.345032000000003,-63.002468,9.048555,-14.237900000000025,-62.4579,936.3217,-10.25,-61.0,20.0629
19870193,71,1987-04-03 22:00:00,-13.747650000000021,-63.257145,9.084668,-14.005299999999977,-62.83625,936.041,-10.25,-61.75,19.71644
19870193,72,1987-04-03 23:00:00,-14.133452999999975,-63.512024,9.118178,-13.850999999999999,-63.27741,936.0878,-11.25,-62.25,19.64686
19870193,73,1987-04-04 00:00:00,-14.523375999999985,-63.777863,9.084951,-14.373800000000017,-63.61309,936.1071,-10.75,-62.75,19.61175
19870193,74,1987-04-04 01:00:00,-14.890288999999996,-64.027771,9.048314,-14.999099999999999,-63.96558,935.8686,-11.0,-63.25,19.5989
19870193,75,1987-04-04 02:00:00,-15.318877999999984,-64.237427,9.041803,-15.53449999999998,-64.26792,935.8947,-11.0,-70.0,20.10488
19870193,76,1987-04-04 03:00:00,-14.524322999999981,-64.13163,9.022902,-14.50369999999998,-64.91544,936.7475,-12.5,-67.5,20.65912
19870193,77,1987-04-04 04:00:00,-14.939819,-64.35598,8.962392,-15.116300000000024,-65.18461,936.0914,-9.75,-70.0,20.56432
19870193,78,1987-04-04 05:00:00,-15.456879000000015,-64.5345,8.875235,-16.290599999999984,-65.30807,936.0518,-10.75,-70.25,20.89594
19870193,79,1987-04-04 06:00:00,-16.087311,-64.664803,8.795649,-17.482899999999972,-65.39855,936.3196,-10.5,-70.25,21.05343
19870193,80,1987-04-04 07:00:00,-16.721618999999976,-64.792496,8.74094,-18.649999999999977,-65.47817,936.2358,-12.0,-70.5,21.47371
19870193,81,1987-04-04 08:00:00,-17.437378000000024,-64.880363,8.683966,-19.309500000000014,-65.51683,936.2197,-12.0,-70.5,21.89124
19870193,82,1987-04-04 09:00:00,-18.122742000000017,-64.937294,8.650173,-19.956099999999992,-65.47655,936.1328,-14.25,-70.75,21.89596
19870193,83,1987-04-04 10:00:00,-18.749419999999986,-64.969582,8.632874,-20.54430000000002,-65.34907,936.2164,-14.5,-70.75,22.2989
19870193,84,1987-04-04 11:00:00,-19.345428000000027,-64.968834,8.598743,-21.22550000000001,-65.29064,936.6258,-15.25,-70.75,21.09562
19870193,85,1987-04-04 12:00:00,-19.88372800000002,-64.961983,8.56504,-21.337800000000016,-65.15253,936.833,-13.75,-70.5,20.58127
19870193,86,1987-04-04 13:00:00,-20.263854999999978,-64.963112,8.538975,-21.86869999999999,-65.0435,937.0913,-14.25,-70.5,20.23942
19870193,87,1987-04-04 14:00:00,-20.604736000000003,-64.954071,8.470049,-21.996800000000007,-64.93066,937.2438,-14.75,-70.5,20.05212
19870193,88,1987-04-04 15:00:00,-19.78628500000002,-64.314674,7.969779,-22.552399999999977,-64.85661,939.8376,-9.25,-64.5,20.36455
19870193,89,1987-04-04 16:00:00,-20.429230000000018,-64.378128,7.822788,-23.095100000000002,-64.74061,939.9957,-15.0,-70.0,19.1429
19870193,90,1987-04-04 17:00:00,-21.091736000000026,-64.369347,7.790438,-23.193499999999972,-64.63799,940.1314,-14.25,-69.75,19.94974
19870193,91,1987-04-04 18:00:00,-21.501862000000017,-64.311829,7.817008,-23.23610000000002,-64.53831,940.4643,-17.25,-70.0,20.018
19870193,92,1987-04-04 19:00:00,-21.731415000000027,-64.262497,7.896432,-23.24169999999998,-64.44042,940.5472,-16.5,-69.75,17.58966
19870193,93,1987-04-04 20:00:00,-21.801819000000023,-64.270142,8.00687,-23.256700000000023,-64.29442,940.5799,-14.0,-67.0,17.48835
19870193,94,1987-04-04 21:00:00,-21.915526999999997,-64.339821,8.128915,-23.280399999999986,-64.15608,940.9465,-14.75,-67.5,17.35912
19870193,95,1987-04-04 22:00:00,-22.127685999999983,-64.414452,8.116843,-23.28460000000001,-64.08709,941.3043,-34.0,-61.75,17.51332
19870193,96,1987-04-04 23:00:00,-22.343475000000012,-64.415352,7.977026,-23.182999999999993,-64.02117,941.5546,-32.75,-61.0,17.86573
19870193,97,1987-04-05 00:00:00,-22.557251000000008,-64.431412,7.854824,-22.860599999999977,-63.91899,942.1715,-17.5,-70.0,18.38038
19870193,98,1987-04-05 01:00:00,-22.741119000000026,-64.403084,7.783179,-22.778700000000015,-63.85971,942.4352,-19.25,-70.0,18.77699
19870193,99,1987-04-05 02:00:00,-22.844604000000004,-64.324051,7.730468,-22.726400000000012,-63.81392,943.0282,-21.0,-70.25,18.60263
19870193,100,1987-04-05 03:00:00,-23.177031999999997,-63.6745,7.158549,-22.848000000000013,-63.79794,945.6196,-29.75,-60.0,18.70199
19870193,101,1987-04-05 04:00:00,-23.17996199999999,-63.61055,7.165953,-22.870499999999993,-63.74671,946.2308,-30.25,-60.75,18.70546
19870193,102,1987-04-05 05:00:00,-23.149474999999995,-63.566082,7.211934,-22.89640000000003,-63.69113,946.5225,-30.5,-60.75,18.64987
19870193,103,1987-04-05 06:00:00,-23.165863,-63.570656,7.181349,-22.872500000000002,-63.62504,947.3503,-30.5,-60.75,18.82065
19870193,104,1987-04-05 07:00:00,-23.191681000000017,-63.599476,7.112985,-22.862700000000018,-63.57674,947.5284,-30.0,-60.75,18.59374
19870193,105,1987-04-05 08:00:00,-23.185608000000002,-63.627262,6.993875,-22.8134,-63.50728,947.8394,-30.25,-60.75,18.36755
19870193,106,1987-04-05 09:00:00,-23.006775000000005,-63.605289,6.857896,-22.740400000000022,-63.43359,948.6516,-28.75,-60.25,18.28775
19870193,107,1987-04-05 10:00:00,-22.71530200000001,-63.570286,6.706136,-22.27510000000001,-63.33056,949.3259,-23.5,-59.25,18.23596
19870193,108,1987-04-05 11:00:00,-22.363831000000005,-63.508686,6.559644,-22.21120000000002,-63.28731,949.7076,-23.0,-59.25,17.98721
19870193,109,1987-04-05 12:00:00,-22.000274999999988,-63.4263,6.43701,-21.681699999999978,-63.21276,950.6042,-22.75,-59.25,17.64919
19870193,110,1987-04-05 13:00:00,-21.714477999999986,-63.358791,6.306966,-21.530399999999986,-63.1461,951.0837,-23.0,-59.5,17.57472
19870193,111,1987-04-05 14:00:00,-21.466613999999993,-63.296055,6.183934,-21.070600000000013,-63.11527,951.3588,-24.0,-60.0,17.8109
19870193,112,1987-04-05 15:00:00,-22.585724000000027,-63.617874,6.038646,-21.54129999999998,-63.2544,953.4537,-24.5,-60.25,17.28493
19870193,113,1987-04-05 16:00:00,-22.200256000000024,-63.537003,5.872018,-21.496800000000007,-63.21292,953.9971,-23.5,-60.0,17.61945
19870193,114,1987-04-05 17:00:00,-21.43911700000001,-63.424805,5.736872,-21.0659,-63.17901,954.7228,-24.5,-60.5,17.34272
19870193,115,1987-04-05 18:00:00,-20.750580000000014,-63.364071,5.644919,-20.947299999999984,-63.19867,955.2694,-24.0,-60.25,17.3121
19870193,116,1987-04-05 19:00:00,-20.414062,-63.395687,5.521366,-20.258100000000013,-63.19552,955.425,-23.5,-60.25,17.13052
19870193,117,1987-04-05 20:00:00,-20.327697999999998,-63.478474,5.378561,-20.085500000000025,-63.23451,955.8253,-24.25,-60.5,17.03345
19870193,118,1987-04-05 21:00:00,-20.452910999999972,-63.616245,5.195467,-19.82819999999998,-63.24742,955.5577,-23.75,-60.5,16.64746
19870193,119,1987-04-05 22:00:00,-20.585540999999978,-63.741032,4.995583,-19.763599999999997,-63.27687,956.1809,-20.75,-60.25,16.24177
19870193,120,1987-04-05 23:00:00,-20.699493000000018,-63.838478,4.795792,-19.32159999999999,-63.33049,956.2026,-13.5,-69.0,16.10944
19870193,121,1987-04-06 00:00:00,-20.68734699999999,-63.888428,4.608752,-19.298699999999997,-63.38883,956.5709,-13.0,-69.0,16.13119
19870193,122,1987-04-06 01:00:00,-20.70568800000001,-63.887356,4.463018,-19.287800000000004,-63.44587,956.8484,-13.5,-69.0,16.17312
19870193,123,1987-04-06 02:00:00,-21.080780000000004,-63.858646,4.367517,-19.2577,-63.4847,956.8918,-13.5,-69.0,16.17795
