time,100.0,200.0,300.0,500.0,700.0,1000.0,2000.0,3000.0,5000.0,7000.0,10000.0,12500.0,15000.0,17500.0,20000.0,22500.0,25000.0,30000.0,35000.0,40000.0,45000.0,50000.0,55000.0,60000.0,65000.0,70000.0,75000.0,77500.0,80000.0,82500.0,85000.0,87500.0,90000.0,92500.0,95000.0,97500.0,100000.0
2002-08-07 22:00:00,0.48612689141092086,0.4365492690902416,0.2845422361992427,0.18079070916943438,0.15751925631061936,0.16339129989137793,0.2649547171677036,0.20960792742217005,0.22448903166817372,1.0901032096120546,0.9380200607457209,0.34633778357850553,0.3950038738624787,0.6617108026235774,0.7726006049777898,0.9127354422448187,0.44410136794160304,1.2453691005319178,1.4900898387148047,1.4650658049804774,1.3627090395680348,1.5156474328334317,1.5387022377169801,1.2325568755683296,1.70369690748814,1.4043726652581272,0.4994693049022076,0.36451048833176153,0.5920126196248955,0.9626136337487009,1.195151905485825,1.2772479268601427,1.3478557181980877,1.7715051398886128,2.538700474472962,3.0045395003432103,3.090603887384025
2002-08-07 23:00:00,0.5685735954892679,0.4513411529398746,0.3317802728950827,0.21416028080458221,0.1687980911894604,0.1747374051343336,0.22194433097820276,0.24407639009191662,0.1950064929661349,0.760192140922264,1.0509657346018906,0.3238405598775231,0.38440528775273286,0.6028260000552373,0.676491616827559,0.822170272459498,0.4693132651511636,1.2105451712866242,1.422283042026121,1.3116179700803068,1.2352685313913947,1.3143821460041336,1.3162833981075022,1.1247503293585126,1.6036961095446185,1.215610356210206,0.3976056698336327,0.3756001320339814,0.633768669199713,0.9713044588848803,1.1527204592557772,1.2266225458709685,1.2457006406091466,1.4447512890188259,1.8000023294281866,2.1272894100650035,2.36410091769353
2002-08-08,0.5088997701060791,0.43070355984045045,0.3892893590314204,0.25053755626284224,0.1705811042089562,0.2184526150538334,0.22068666043576238,0.29199526242799134,0.19817344646005508,0.5963589942990437,1.1139778155300155,0.3173843115620009,0.37733241761139236,0.5451984564884814,0.5734196727857428,0.7002180593919952,0.41573727150367107,1.1985344324010663,1.4624382687171287,1.2162272978105846,1.1490320022267047,1.1588352146752734,1.1571870520875995,1.0705558237068715,1.4984685203226285,1.0342073903343272,0.3725817224856238,0.4113188641151883,0.6480855117026421,0.9752831529690243,1.12152721467004,1.2127271127143249,1.2084920882622712,1.238131796161198,1.3447528465655372,1.5816797604119968,1.8299857747679482
2002-08-08 01:00:00,0.6003005792130544,0.457369808699311,0.38931395084311593,0.23966115039920616,0.18307630178616363,0.22944945250375842,0.2093919118559852,0.3171702752095941,0.21649388762391988,0.5357698564972466,1.1991278202118836,0.34559996371844126,0.4225319381807192,0.5396337244861268,0.5086644948589225,0.6579082479373289,0.34152466658421443,1.1615485021079759,1.503919583465736,1.1994681810269858,1.1079080768047656,1.0748602905900613,1.113713586302743,1.1239994082036218,1.4384181664149625,0.9685661833647964,0.3893785701038211,0.43423831044895483,0.6704214835966982,0.9945800550790508,1.1383314311591026,1.2743265111476505,1.258696300991022,1.1563702755260645,1.1267061226807924,1.3159947309670983,1.5597656903800714
2002-08-08 02:00:00,0.6731065105191169,0.4442637834285158,0.431648004242403,0.15304458262946893,0.2006319180334434,0.20246294838254164,0.22336880396476227,0.2699189799606548,0.2389229449971645,0.4971913039369578,1.2353639340978864,0.3912654401422016,0.4832038548529924,0.5261632543660081,0.4519431244791251,0.6261162085645755,0.2668002878026472,1.10061775206516,1.4976850331779095,1.2073043651657362,1.0916567606592014,1.0912525479109392,1.1438117770938792,1.2132758692840375,1.3904774882534168,0.9149050700427621,0.41983795889219644,0.4397194600482947,0.6932033485943435,0.9889409133784302,1.1376655818870696,1.3376789610639075,1.3476182564980417,1.1238568102427535,1.007692674152198,1.1831337692833546,1.4187768540551962
2002-08-08 03:00:00,0.6740988264009623,0.4295084900768327,0.30791216064763816,0.15039988116837347,0.155101701806115,0.18672017802271668,0.24297347782973988,0.22667982566478398,0.2634458631496262,0.45265883555214625,1.3026877478399796,0.4060821628232742,0.6068966943351296,0.5884148561596368,0.4652233546594482,0.6507008965536777,0.26456759301155036,1.0995664463009844,1.537444677038018,1.2531626810835244,1.0997025679842145,1.1396559775467838,1.2021418496307001,1.3068187306348882,1.3893383201605158,0.8728805738745761,0.4020431032174711,0.4209101215601078,0.6773358254658622,0.9454061784390974,1.1637475811133993,1.452217451287527,1.4513803779090588,1.132052848866074,0.9369495088564538,1.089467788980716,1.327607101602699
2002-08-08 04:00:00,0.5489590377051782,0.35375823365529824,0.2628546905664145,0.17530757336199962,0.12304132304938022,0.18130989286270158,0.1982771900772136,0.20145098200488118,0.27472616457257304,0.4055747879426528,1.3889368306905732,0.39132773278034555,0.7437884293328118,0.7058410583222728,0.4776763195707197,0.6653313199709657,0.3212425754244101,1.1884142460213487,1.6490880708036915,1.332867290747403,1.154233187772964,1.1823996331200926,1.2287346818284717,1.4245767529968327,1.4342387490741075,0.8797956414999493,0.35758684921616196,0.3920619080094136,0.6179495263668914,0.874330189048502,1.2029048607266122,1.5475095298377695,1.5031041818575805,1.1246791790637956,0.8769840557638786,1.0169613716962906,1.322921251561409
2002-08-08 05:00:00,0.39799664620356995,0.2830678732321739,0.26597653758282536,0.1992868229439272,0.1434725212511189,0.149659182039092,0.21244413329248316,0.18977119170440837,0.26963459879975965,0.36427724156602553,1.4983559193230584,0.3822003869353665,0.8584750318614052,0.9334426298716701,0.5079516243320854,0.653672977668122,0.4234173940898771,1.331297756823784,1.9189126241572179,1.491820262925794,1.3033783973914428,1.3059865620443314,1.323003749129101,1.5188090296824701,1.4351636713098752,0.8614741567977279,0.3501398055545018,0.35248976439759977,0.5362038628905875,0.827330939491109,1.2374698200300522,1.5898420290395756,1.4987895504851192,1.0890673429808184,0.816857130194779,0.9899158526784048,1.3689439493073614
2002-08-08 06:00:00,0.34036124264703116,0.30762613017527807,0.2247162330316418,0.22568381316451017,0.12508841281583047,0.11432954600079578,0.24980183273269738,0.19133382756107847,0.21736994323503564,0.32970653536038236,1.6242748094865842,0.3708410667537526,0.9889486967185604,1.2940827673400852,0.6214956617510875,0.57236470187712,0.5502518786343751,1.535894573138223,2.160753498396322,1.5822554563413382,1.3920595588588291,1.3633956594265335,1.3782311307748762,1.6358937181312412,1.4603000419466043,0.8521771825365061,0.3426240236937005,0.297359561381442,0.4690045052251202,0.7903273286309939,1.2317658700128455,1.5541974532445197,1.454433581477141,1.0441102997897398,0.758339348418566,0.9977685453360489,1.4427893935566576
2002-08-08 07:00:00,0.2900696084797601,0.289257197737936,0.220245824460021,0.259820075810697,0.12338267749547889,0.09895974779841084,0.29805760724278363,0.19280225451771468,0.20576459656463764,0.3168401002599015,1.6967679138136207,0.4249212151234743,1.0998117033581218,1.7035425260786627,0.8089993864142012,0.4620326990359631,0.7013938428803008,1.796462014837855,2.3420925554068495,1.68870318328757,1.4120840367025067,1.3453047812742462,1.4086388039369802,1.731987844897584,1.4828101703307377,0.8450433449850111,0.3504044659531322,0.2867881510896721,0.4296914623801823,0.7488541108832752,1.1660870310781468,1.5118035439779085,1.4331475069070758,1.021750836332093,0.7587543035526213,1.0722677480682175,1.5577167230898052
2002-08-08 08:00:00,0.2714295354112677,0.18697422749863835,0.20139641659999075,0.22201987089307468,0.18654694830525465,0.08052375235414869,0.354385064336188,0.1755123717799527,0.2420776612304608,0.33200092492757083,1.6089802507710318,0.5486868023844669,1.1649005736775124,2.1075675870690618,0.9994443557251719,0.35514890685355255,0.9151109681786488,2.046185698851761,2.2817719159447365,1.6488031930372995,1.2989562013635616,1.2319278304926247,1.359292660169295,1.7124326882440208,1.4265535081122818,0.8337728722458232,0.3075615297797298,0.26621538286198754,0.4062890162788217,0.706202194836335,1.0757335604729454,1.470327697121179,1.461783217869463,1.04088998644804,0.8014341489889193,1.1591268239332013,1.6338503372326674
2002-08-08 09:00:00,0.2542667184851721,0.13502445781870773,0.22511427378880158,0.15538657786764803,0.1793883561798075,0.110855928976754,0.3918108582037482,0.21804854541388852,0.2651252783037294,0.39594331104872055,1.4195745429282849,0.6621741298296199,1.1877361408854672,2.419705682642919,1.2029881333182952,0.2741258625652456,1.176763523063584,2.2171604002869967,2.1705681886938395,1.5555455397589693,1.1751855148438246,1.1250979519110866,1.2869525854326433,1.6865877397117979,1.3879670501006043,0.7766587722386854,0.2604785176437839,0.26312046491591085,0.40684782228601357,0.7051813624106202,1.0274757949818432,1.4303589985291638,1.47723798388384,1.0733983941557812,0.8336600227843213,1.2222102898624498,1.6787240385455002
2002-08-08 10:00:00,0.2721105449771716,0.280142059929114,0.18637497293938882,0.14481300025791066,0.2196015212276609,0.16964190516317443,0.3698666312603216,0.3002615705777348,0.3340723219087357,0.4801010938634868,1.7674733527345547,0.8492336187666936,1.3316504924714008,2.294749953536865,1.2080548870548469,0.2706494723171516,1.6619081212379572,2.9051224546129224,2.5616326447571436,1.973341258943655,1.5528646151956755,1.3670963658900985,1.4513736436346514,1.8475029571351438,1.6446578224470523,1.0328990673156317,0.3761606042597312,0.30271709362404275,0.5194425389528632,0.9182894531799336,1.2992677831690786,1.6577926620301435,1.6048571961920044,1.2419631631785444,1.047769087323756,1.432540880661689,1.8054093571589207
2002-08-08 11:00:00,0.3502426070881807,0.6346704798144004,0.19267161529348756,0.1745550324444867,0.20498119979651305,0.1534135426681322,0.3633456113699566,0.2759726555695439,0.3210051446415278,0.5201397291277717,1.6697148326837807,0.8485330454267481,1.3799096552278365,2.4384475965536714,1.2705552901696693,0.3134937606563402,1.84665614439313,2.998134367065588,2.6394466471091813,2.1972739873310614,1.8595365237714774,1.6318699580057612,1.6532541115849766,1.9664245948884354,1.6344955862161406,0.8816948501276161,0.3138852343598764,0.31180515602114245,0.5760829805033878,0.9231949566232529,1.2742206251250763,1.5860978818170515,1.5659663395032262,1.228380799954667,1.0530956399923144,1.436904012228329,1.819729272134434
2002-08-08 12:00:00,0.3342517505411906,0.966959333106923,0.27716485494183013,0.19033688237895044,0.16877786380905596,0.1976598897928361,0.3606816802804775,0.3138966811657046,0.33133754911239255,0.6579432999567502,1.5455006898239758,0.8638727080056489,1.3727589036501766,2.447107128635225,1.275754700155793,0.4010860034012665,2.0361063642253163,3.0524187905261995,2.759340173843718,2.4092354041261017,2.2365624298536044,1.8679418030110737,1.8110371394895017,2.0181306533270376,1.5982561205502717,0.7339975853643468,0.2491908505261683,0.3671851165957883,0.6558741022015974,0.9211611823675365,1.2482055433133603,1.5237791782406929,1.5391162324949603,1.2384049817509384,1.0851762146639534,1.5157360484446223,1.9303197000048484
2002-08-08 13:00:00,0.345718311310573,1.2647839955016542,0.2856719335080447,0.1893008269741628,0.22819754133737954,0.21396810016490317,0.29321319994458883,0.32611970985535366,0.3747933916190913,0.8536656083248304,1.535830103754948,0.962425715412426,1.3994942964143482,2.5819793689547357,1.2791586305045193,0.47268677284407257,2.117168018215095,3.256652999522732,3.084221613853778,2.9031667254674804,2.8993377419889748,2.2803487724462093,2.1134927014283154,2.186692676831593,1.6158041412460082,0.6334556847478533,0.2793899164204739,0.4692955669854335,0.7752186662382988,1.0077190771574522,1.3074474010595256,1.5309122867167386,1.498623018207722,1.217488839740009,1.1290657397468657,1.7125879661894343,2.312959640512525
2002-08-08 14:00:00,0.3125532990742774,1.3793115370929374,0.25257842387014573,0.22585816910626597,0.28253300710954377,0.2220809380843042,0.2580205859804784,0.30069158900042414,0.3957697809399952,0.898626095882436,1.4233230247355397,1.0806355466114244,1.4788186206193445,2.8817646149228118,1.333870634134767,0.5507203631836627,2.12924552148975,3.483300193393435,3.3175407432011284,3.251513806553368,3.307387235772942,2.5075080895490003,2.241334867911181,2.192745791003602,1.513616889339033,0.601273430366717,0.3741514957771374,0.545076500030674,0.8437884733994991,1.041668949258452,1.2878299208041497,1.5094634832643876,1.4258553803790377,1.1761579337705208,1.1944979222870624,1.9702009564549203,3.165979896566577
2002-08-08 15:00:00,0.330984000623695,1.3005332974736474,0.3368887506170021,0.2750454008860152,0.27718344816358753,0.23410203853701225,0.22601796012689515,0.3575665600611737,0.43287746924386933,0.8780548487725444,1.4665782974255315,1.2877407155220362,1.7000463731398874,3.3137773630027194,1.5273017044401227,0.6698951718724476,1.957236124654002,3.9417082507881083,3.9374174115663023,3.936647619313943,3.957018949608981,3.0579048864975147,2.675827253426344,2.4459064665126657,1.640855341033511,0.7747798783014567,0.5453556002105859,0.6786042788322243,0.9569963760984367,1.170615658139192,1.3573457473197879,1.5417512171672128,1.4328551096538862,1.2556024194937287,1.403288551699177,2.367109611229946,4.10395749488256
2002-08-08 16:00:00,0.39147973029311445,1.2217164428897764,0.44748377933425676,0.31253906780317825,0.2896739868320383,0.21553541354021197,0.21686445539620092,0.37728193655984515,0.4589685863726219,0.8696871333769893,1.451502992366862,1.5765436730460824,1.959006261720627,3.675805161588919,1.777052020503598,0.7880909057906155,1.7374615400329052,4.150356424991772,4.198434612705233,4.205130582420379,4.162370308176583,3.3430311263426407,2.935388099854579,2.526567203277525,1.6745919539894292,0.9230983818085263,0.6953896302185513,0.8045352122486015,1.0086008969825442,1.196475451604289,1.3355244042625274,1.547640912060457,1.4688348041419335,1.4092223597102924,1.6439008159761546,2.6877276447243226,4.1296385317896105
2002-08-08 17:00:00,0.4703614766425372,0.972328071945506,0.356396709197736,0.301105817685598,0.28926835159192227,0.14611074849148184,0.21391282839695566,0.3153434849109699,0.5057363810077006,0.8550782203159879,1.5766413634673104,1.8714791112103253,2.2931689705574283,4.156692266574144,2.1324808958637718,0.8869820091251349,1.6144351901801481,4.185053147281641,4.548104974698488,4.469387681309284,4.477239057378669,3.85784713239243,3.4056072067515966,2.8939989089615223,2.079383896891043,1.2449190018604388,0.8930747860173546,0.9426716090303138,1.069640526940661,1.2381822486246037,1.3507496824503191,1.5986637420469931,1.5993111107438607,1.616898043433857,2.1209161840597996,3.138649623880962,3.9643746127775943
2002-08-08 18:00:00,0.5255546842447113,0.7816013195179587,0.4421301091661009,0.3007306719809707,0.24680024182985885,0.19327030688232544,0.24761257167938386,0.3264321107078016,0.577410590870885,0.8557100142959445,1.5925689875356799,1.8019685167527855,2.4337557146488233,4.385482461366298,2.511892210622476,0.9297883949499351,1.4095851374819917,3.758071601307058,4.533323716090795,4.2789338798455585,4.293298244608247,3.9300461454102007,3.4628930514778755,2.9739216697902067,2.2234439198008853,1.3362687006602598,0.9610180409187129,0.9841469555393374,1.0352973005105361,1.1728428930395693,1.3019016588853272,1.6918915543486703,1.7171100437997486,1.775454818331542,2.4356403168715297,3.1608760422908357,3.4604484151901667
2002-08-08 19:00:00,0.6285932148935557,0.6700626914746655,0.4029215422514329,0.2530712138932008,0.19196917586561787,0.31847742570029075,0.31229284279817465,0.33274182274567854,0.5595948779141335,0.9986026148622285,1.7533735410912517,1.6798319732336318,2.5559673503093374,4.369818443830772,2.844106731182818,1.0128287193724383,1.1793018432321214,3.3365245543769717,4.683431950280115,4.601652562599088,4.58571201292295,4.390103543463303,3.9845248116394725,3.4447759981034145,2.5640316592277,1.657637859066217,1.1944281655555808,1.1190886957069297,1.1169773716929998,1.2371286505140529,1.410581067177727,1.840576943244365,1.9265741109901429,2.0516141273042883,2.712492990959235,3.16168853791483,3.1847109112344207
2002-08-08 20:00:00,0.7494353409921645,0.5084499052745296,0.3437900692393818,0.193814132069911,0.22140355095190917,0.4409186377074464,0.4032518634087344,0.32571999875768093,0.5219160189246252,1.1832804315578744,1.644910884594858,1.6305920374930554,2.4952705684802794,4.370362876100403,2.8666932705306243,1.0994532741366092,1.0614594397436454,2.8946256629223375,4.536383179835191,4.948778227953036,4.7975189698420895,4.615761958848603,4.299982157157961,3.6653742059769856,2.6593705160218377,1.8178172586058365,1.390571345454266,1.2735479967696652,1.2446909171542526,1.2917470338979895,1.4721314374147456,1.9856579614826422,2.1059676494941124,2.121832956887442,2.7388228930902105,3.122367704494372,3.0665286583033264
2002-08-08 21:00:00,0.9382224630121367,0.3918757111244953,0.4243641787187949,0.2381056633466093,0.2853858503264842,0.4489397234895789,0.4014683780118623,0.3318293457698782,0.51327760660771,1.2517248330731852,1.4222141710081055,1.6189327382370777,2.6998278391789614,4.482088333868948,3.038607404725151,1.2625018016571345,1.0561935610304174,2.528293075747281,4.320089710988656,5.3805744534020095,5.288606225506041,4.9554006865084785,4.713238830394814,3.9895520377125147,2.9215548857859432,2.0845809191502527,1.7108336594706108,1.5440560704524164,1.4426150276184402,1.3953306811683877,1.5291804242798983,2.078782572257666,2.2134041268582103,2.1433414456927453,2.760994742070726,3.178606789668504,3.10679911509121
2002-08-08 22:00:00,1.1138204847809734,0.4570829267935978,0.586591671193729,0.3316774523741639,0.41911752421813503,0.430262464150947,0.4204019937819102,0.40119148949853645,0.6445905737295163,1.2396990818032816,1.3278343462347328,1.492618003343912,3.208180369705871,5.070542953008645,3.708750298976508,1.7362234805107737,1.04386450277401,2.7621812361816422,4.795322754298621,5.776981151711889,5.91617594099089,5.52017075879353,5.310325837429317,4.487029496860957,3.250927531479936,2.433654958337223,1.8689844594915233,1.6690562984707236,1.5314753531067289,1.4232810743486592,1.4678295731604445,1.9439056544792124,2.0881111485589865,2.006704466927831,2.480151276925798,2.6135692164162063,2.5529355740100885
2002-08-08 23:00:00,1.3547451313683232,0.5761657852070542,0.5747178791769942,0.42286100942620053,0.4893120009792068,0.3384746693671623,0.47229999676772905,0.45368488837330406,0.7296349589356999,1.1523657709333648,1.0692140281172573,1.3991428268151347,3.5026229889106464,5.9073246861684785,4.39198732164068,1.9244376105717602,1.0347968923628774,2.251319854333569,4.262670021782751,5.474490591709605,6.293189751448559,6.256138454039804,5.797675620240707,4.891701817296095,3.7382650496060834,2.9180979992601164,2.253907051551357,1.9270108563215715,1.661625988779574,1.4505706745416913,1.5240626689984185,1.9779922386791333,2.0966265339968673,1.9831790816215282,2.4082264267000966,2.5205410198430136,2.5136688428388263
2002-08-09,1.6367303428959887,0.6131357328378857,0.7648406338519065,0.526178904819901,0.6232961875531753,0.5561270329499313,0.6617613130075409,0.610689448959887,1.0050612729466413,1.05137970533131,1.0180413765385739,1.4259578441801473,3.670576797977486,6.1967222667838735,5.388841403102649,2.422585521486311,1.0191497159898362,1.7751540288053287,3.8828940424129015,5.619625651801013,7.335561241922372,8.045488055658504,7.608301712316484,6.440873521877581,4.995022045024056,3.767074353270208,2.8732070117636503,2.4168255675036345,2.013818908900015,1.5918467574782162,1.5742764937347868,1.8279193104096272,1.9024037751133263,1.8730905835244347,2.1102426688754186,1.9983475416648082,1.8642300904465459
2002-08-09 01:00:00,1.8070542296817824,1.0402958972809468,1.0746675260125809,0.6400448228523953,0.790825663456407,0.7289710359053946,0.5830982729949221,0.8437600659612626,1.071107903365214,1.1039564923453522,0.9139659535000928,1.2414490908917466,3.4929529594436164,5.837558853842634,5.476797318151597,2.542915363789254,1.060173542492584,1.646962058109295,3.3756768471214214,4.8525541448996075,6.639223155313386,7.776260567909602,7.988397840853343,7.236114222720774,5.657755286440979,4.3056470443982136,3.174505017394138,2.6572154816585276,2.199342374273503,1.7106961453796952,1.6130121197564866,1.7642082774429593,1.7958614145225447,1.8671868611149571,2.1332205556355506,1.9694483045958238,1.7267522733798721
2002-08-09 02:00:00,1.813812485722535,1.1365137814876536,1.0610754012168624,0.6231263805673027,0.6999840640431504,0.7124494491924311,0.5185559413448314,0.8396566375305993,1.1007271688125833,1.2171602516240103,0.7731811215947764,0.9971252468468299,3.1901432463657082,5.593864227204204,5.263772374524228,2.596527027141538,1.118133534355229,1.5227608431719162,2.9791626217428355,4.107334092086368,5.6590592911,7.060981371691953,7.62222203874661,7.240667529856055,5.800832138475713,4.563527068073778,3.3770060197787055,2.7906042758104928,2.3297064870228055,1.8503237810231563,1.7483376745104826,1.8978208165373958,1.9345245981721952,1.965695780874168,2.239848691766132,2.1195992721999617,1.9151202045405522
2002-08-09 03:00:00,1.7418031402991372,1.1003412049782435,0.9079151878066681,0.5572670520697959,0.5972942161230349,0.720226144473405,0.49282225899435367,0.7385421185333729,1.1489248851010891,1.4546638522906843,0.7673253379615573,0.827539331570415,2.8203148299985634,5.581841736143372,5.0413431776926,2.607529087346539,1.317176608719824,1.4783480811695762,2.7726101876652334,3.8188529226466166,5.217089959591179,6.66343565746504,7.310145126819378,6.999121372387839,5.779219461979499,4.648608039800314,3.59181371773857,2.9527281880736833,2.4368678504633174,1.9768112416906263,1.9519216509439705,2.123508351875114,2.19632589860157,2.2326797717459694,2.3983752207500424,2.3075983856841367,2.184323261614994
2002-08-09 04:00:00,1.809781195985219,0.8323460483054229,0.8014414718839198,0.48227046080420916,0.6596389556930261,0.7758943131694732,0.45402374738409573,0.7182533546024619,1.1878330899477954,1.543830210481785,0.7990385176743274,0.7122832978206705,2.614301636803115,5.4411689631731655,4.962169327271567,2.7196480838875896,1.6313809182515309,1.5657679036858816,2.7093109875757295,3.9320712704796126,5.193465475838286,6.382561319875857,6.8509329117505136,6.623098028102949,5.702665710751105,4.675794007670321,3.747958593813408,3.0642920414015506,2.496459937888464,2.068224429170294,2.1420656130337496,2.3240435639730346,2.4169073547171878,2.4374246547836886,2.589009754035518,2.523105910994825,2.484336660156106
2002-08-09 05:00:00,1.6061170904496533,0.7518068964990184,0.7014381184703323,0.5682682203050481,0.6411574989991402,0.6853346169019597,0.4418125088647396,0.6986736558286715,1.1132184487750445,1.499868660278194,0.9524464770819702,0.653591369730268,2.5769468594356595,5.2051828045113355,5.068451271293418,2.9040253972018664,1.9933095573159583,1.8580331399771233,2.7579831029489292,4.082597014916114,5.175722391067918,5.974720574097212,6.246760342236075,6.133955041628462,5.496375365435358,4.650828982186954,3.8949959948656105,3.284016558613133,2.701683032581399,2.2452068799079496,2.4012500391188,2.6047777241863015,2.5952832914160235,2.6945256724760873,2.8944543941505576,2.8731219516093796,3.013968874260869
2002-08-09 06:00:00,1.3197032016433625,0.7625076566656329,0.6011755354783459,0.7017800002348463,0.5419726210161605,0.5558163597853948,0.46252269683302527,0.7231775591056198,0.979324180347328,1.4784696773140071,1.071732541861079,0.6193618792539767,2.6577855944108904,5.081253184258372,5.188909278597361,3.004424322788677,2.3036096662637235,2.294718333089989,3.0751062270666623,4.220797313970782,4.985607514954632,5.514827806992047,5.687713349496681,5.483479726493604,4.941395763789569,4.353235120586612,3.8548409416077742,3.3409721961236865,2.782702998450461,2.3409593605838017,2.5698567260000105,2.7628577606624676,2.6808347429897847,2.8923854902146826,3.13023596450927,3.260575115900409,3.8508174517012392
2002-08-09 07:00:00,1.1526431569469244,0.6955490887631294,0.6648618375429272,0.6516068235041006,0.5139776667536408,0.5389511293687275,0.5189102257543117,0.7154114896866031,0.9690895964950744,1.4010640595436932,1.1747606270448745,0.6172904487450165,2.9630158862099463,5.277476620488699,5.241121692487447,3.0313733542229766,2.4654826413942446,2.654032538811655,3.6196458388264663,4.308493247811546,4.6962403859455595,4.981268941022571,5.05892781967732,4.800360745714845,4.211252684521691,3.9075006404101353,3.726950924693836,3.336970780371625,2.8277088688047924,2.427334144110582,2.659364291163688,2.8419291125886232,2.738107444519569,2.955348105525433,3.3062896968807127,3.806938152420592,5.08807069977847
2002-08-09 08:00:00,0.9296324846803791,0.6307855193796434,0.6840556421512587,0.5743262313953672,0.6048244948078312,0.5553993618967108,0.5401654938854703,0.6149663506241012,1.0172687757801238,1.2739923875583017,1.166085102568823,0.6760169869800036,3.344750816672732,5.7298125164525615,5.092193760989251,3.004368752216545,2.594755717427039,3.1177930655411847,4.367950930992264,4.520595428051017,4.409744076014507,4.524187335077475,4.501476317491379,4.212610642222038,3.6612485505652876,3.403096415942318,3.5427299231131344,3.2527800194472563,2.7933141540870783,2.501342595625611,2.7101044622027985,2.84125628073126,2.69647833101571,2.9063084682217517,3.390336253662913,4.304197894274733,5.985204017919327
2002-08-09 09:00:00,0.7324538310599786,0.6664623246645767,0.5437044092982011,0.5167673681615739,0.6054329427826562,0.5476313532960523,0.4844310486662791,0.49545238816744164,1.0342291213152113,1.0978911513332488,1.2177953064874736,0.7336757226381659,3.600113758386046,6.233364284570172,5.09816739039723,3.1344045034465973,2.6361727307491765,3.613081213577414,5.038174214836482,4.803157102236376,4.2313257518573515,4.26018130085113,4.104807464497215,3.7369510808300244,3.259824790576693,3.021925280544481,3.346864756652202,3.100518720066449,2.709189233242462,2.5060163671761577,2.694125654100398,2.8041680498161226,2.6443903841921057,2.7743593018688077,3.357029584096796,4.857134926731348,7.028523986017438
2002-08-09 10:00:00,0.6598479130823951,0.7375276787469467,0.5547441307780702,0.5107174346747154,0.569668334906248,0.47201160267768605,0.38065008859609395,0.42647337329921886,0.9268573229965816,0.9797728208894204,1.4247096881400445,0.8364513235746595,3.159464028626315,5.245421135214081,3.961432822750187,2.441121325594744,2.204388348325792,3.657266973754663,4.608042687858114,3.756895185348652,2.800905755070061,2.7527943862552595,2.819930217658735,2.670981830581002,2.5614869996261493,2.490612184712015,2.950311789077554,2.7783084169614574,2.5134100317061505,2.361236903328556,2.5262441010418386,2.53112265610207,2.30210736327801,2.6235221976631897,3.5875573654599218,5.7719543745810356,9.137968447923107
2002-08-09 11:00:00,0.5267789579108958,0.7285243145191932,0.5760235823373226,0.5483947998316981,0.5044209925757841,0.36009606241180586,0.29909694683921234,0.41197359289971874,0.8212270597615288,0.8620680412045975,1.5273979670966518,0.9470102831835093,3.124556200609032,5.28016945847197,3.9597316320640163,2.4669020582358665,2.118892316464851,4.014854630444785,4.890272861331437,3.8326239127445323,2.841734699922743,2.6029521812410423,2.5812876100790496,2.4218082676927297,2.3172844947331286,2.312216194082342,2.7842717838266062,2.673834924619696,2.430624529806869,2.287750006998887,2.506665020045751,2.5929594480979516,2.335393992565916,2.7887472347315017,4.018899045110723,6.809184236162753,10.89981397296313
2002-08-09 12:00:00,0.6051398979059752,0.7892739776655876,0.5595599995671987,0.5186780024924834,0.3557058485736673,0.26077385837162054,0.2809386179651764,0.4174814042766437,0.7701081566581603,0.7802529694355831,1.7127132353914603,1.108442744046922,3.2087626163345497,5.436542305962278,3.9752307123515753,2.5081417276911133,2.219656417711589,4.19928968791976,5.148211355151676,3.9868679374246936,3.047617569078759,2.5433121157464207,2.3654713493863073,2.1751213525603563,2.1362801467628993,2.218202204520892,2.7083231422066967,2.640974323420226,2.4422316114837597,2.3268176516232635,2.551680392347665,2.679327109041529,2.4975944541028916,3.1081059767411263,4.664807561125608,8.141569311707455,13.20149733635543
2002-08-09 13:00:00,0.7577139677586513,0.580460442789826,0.5530663579622093,0.4185419688881468,0.2809355978889322,0.2241697255389199,0.25448924915190013,0.3988648559201239,0.7810567898671906,0.7288310666236897,1.7219670147158839,1.2620904995486437,3.4702969304388827,5.906627779103959,4.083642192636992,2.506739861165257,2.1185846359745777,4.297028308097253,5.417176560247068,4.2432197332154775,3.377041569716153,2.651002412995647,2.3492781276368655,2.038050963176532,1.9482354896794012,2.1087104011592035,2.5405979272482817,2.4714884634566086,2.281032480676741,2.1963058901969954,2.366273750629488,2.5329392745295323,2.534552455641548,3.4030016436319674,5.229363182559162,9.558941717970066,16.7428144583777
2002-08-09 14:00:00,0.5963843829219942,0.44711030967350995,0.4443029459469255,0.35711268500353716,0.25268356857831864,0.21017388914352425,0.21782923669440585,0.39580476517915036,0.7416924550806935,0.6668605183253697,1.7347208799910034,1.3810771146761,3.90206577879346,6.691666594990247,4.2054204354938225,2.382214381148342,2.0093359305838705,4.717373265721418,5.9828839279065384,4.799065059218707,3.8466369567317527,2.9286286560776666,2.440463092192385,1.9796529992784975,1.8146789809942934,1.9932735257967245,2.408728996504561,2.3189744643767414,2.1419319422411327,2.0921290026992767,2.2049700442181366,2.309554449166851,2.709410279062654,3.749418673196659,5.679349374273388,10.002647278157589,16.09738241032101
2002-08-09 15:00:00,0.4711595696309624,0.37287427966089465,0.3767113136600057,0.3548491872592475,0.22491392775194904,0.2012913895838861,0.21375088202043116,0.4290355694441562,0.6727844341039405,0.6754589649719459,1.7380253724528147,1.508931920816615,4.56966251628971,7.611661412141847,4.387168555004982,2.22052084690699,1.8743910110794662,4.748878573774723,6.108841472052412,5.077704441456747,4.13661214550522,3.1026637883570354,2.4155024079383183,1.8893794232160939,1.6586351699850546,1.8552963738383839,2.2328420938994165,2.1519470718482836,2.0020137478297353,1.9533508772965793,2.0381720198271935,2.17688892503937,2.84818164703901,3.8873923665528882,5.854519981704732,9.879254482988022,13.58556109308356
2002-08-09 16:00:00,0.3649815665672403,0.3456134731760616,0.35203283499615207,0.33173117437837435,0.2138103607677873,0.18474120105414962,0.263269372491703,0.4242783101581324,0.6946493621415157,0.7206963994359407,1.637809180150003,1.6978631735539946,5.391523375303264,8.35809455399608,4.39237291159504,2.0239753870411494,1.7599521244783285,4.993572137083638,6.658035543955795,5.629760095056145,4.57238224293229,3.3245742730010694,2.4549519991354334,1.8534987873735898,1.5689217818573042,1.7582881562617676,2.0904286541658315,1.9966705250982355,1.8841414466587836,1.8448181965154629,1.8939311439014372,2.1106057720433435,2.894480815034053,3.924502584210741,5.9696020423233565,9.510631762545545,10.854143698560316
2002-08-09 17:00:00,0.3329919499547133,0.3120304747068919,0.2957489879284084,0.35921325836954593,0.20252939944507709,0.20974549095091433,0.30153519700083525,0.4116156954877523,0.699005799466839,0.8099579960669772,1.5379545897051812,1.885806179291779,6.216573659950121,8.964949016355959,4.385159452215721,1.8376028204288677,1.6423915882484468,5.259182706593783,7.214262879139045,6.139958411974776,5.059427712742418,3.5550251013062657,2.4881414366372248,1.8367363847297482,1.551492949375434,1.7051330825186353,1.9588734051223409,1.8528267485856715,1.7684347926202677,1.727350970279162,1.7251929050706107,2.050775471014569,2.786764395435088,3.7633434760311446,6.049179967466076,9.139423352032482,8.84528535063825
2002-08-09 18:00:00,0.2965080421474445,0.25350453812375595,0.2772805483433227,0.46008040770150344,0.24692956355976486,0.25640205531277926,0.32635582747312075,0.41218046763689964,0.7026628909916607,0.8853577614770263,1.4132949326582445,2.0708452758997646,6.901864286582758,9.454943428566045,4.534958014224106,1.6776348100720635,1.5377444176365949,5.630107934591114,7.825640035674736,6.695374354868231,5.437155764800644,3.700927603713042,2.488058608830572,1.7924112172200397,1.5547449448410913,1.7077872790851711,1.912744110900912,1.796931757866776,1.701857069841366,1.6242508688845942,1.5975146696365004,1.9563590636351618,2.612275740975507,3.5598961605632127,6.0054867120774915,8.782419465429113,7.666498918668587
2002-08-09 19:00:00,0.25596720778879456,0.27992432283949825,0.2775277371641997,0.5140366532685454,0.28139186778239467,0.3468609425734318,0.3374542671674346,0.39925548661572785,0.7579824472459872,0.8610447512494007,1.2650877943499013,2.227619364023237,7.421957532710264,9.786168939990848,4.8320772851202545,1.5805098044336394,1.3567199542904171,5.974450240412003,8.569934248092721,7.184489538486142,5.609668643531779,3.825395132818551,2.5293146090680376,1.7451796127959316,1.547386428880216,1.6805575553653291,1.877523962613216,1.77487992874273,1.6764172281348038,1.5785890422380544,1.5275822150862681,1.8618812974862595,2.474425243145206,3.3216876390535006,5.6898638474124645,8.275324338138029,6.723632683857926
2002-08-09 20:00:00,0.29501794746379306,0.29737042839365674,0.313233690301028,0.4823418441529159,0.30101998039830075,0.4037462714425801,0.3425356670147184,0.4066653011254851,0.7882903684598496,0.7746594034603377,1.1634533444272168,2.354031477099494,7.950997481781783,10.144814004113128,5.267543872977205,1.649878745273357,1.1087443217381097,5.9083863793827724,8.892359527211527,7.309571538491907,5.57216630940348,3.8146105544934343,2.517594146605085,1.708275460786376,1.5583601796940887,1.653491324859223,1.8284086957007557,1.7439060211934232,1.6651490732208936,1.5471744677444215,1.4594720774245211,1.781798095826982,2.301147617912623,2.996647853742423,5.173273233899338,7.442596914116303,5.836230131627608
2002-08-09 21:00:00,0.3043363736897314,0.34761406030237363,0.3250231567751157,0.41259599020855836,0.3187390848357401,0.423593310591185,0.35438126513029655,0.41836640802345365,0.7489931170407802,0.7301244932980602,1.0775837070818532,2.4329332659167586,8.14385829924975,10.244686101835049,5.521760528194997,1.7444122825397956,0.999987306882238,6.251453771796232,9.491425810523292,7.565107975802617,5.596127456249829,3.8597603041834563,2.588112993757501,1.752449854382018,1.5407298788955475,1.5450652217773329,1.7532505004569328,1.6663224694187972,1.6104130257562006,1.4845489165368615,1.4316777689596898,1.727987333135137,2.1119859506363254,2.678048921472662,4.785223329914648,6.811922711758268,5.25855937898528
2002-08-09 22:00:00,0.24653422217081755,0.3402271846227442,0.30484157891059216,0.4322471455821138,0.35499732623681235,0.3817636137004899,0.3326842550648459,0.44000721243648055,0.7215613481658238,0.787628616257105,0.9735784115481504,2.3307675701786326,7.738930969293575,9.927762085055644,5.409040686871405,1.681208907636649,0.82214597558316,5.7080855738336185,8.634228233467871,7.374536286155385,5.503699421723806,3.7929186652800015,2.573705554737613,1.6878351472356177,1.410288597197988,1.4124712485794138,1.5841585377055132,1.5566186899416214,1.5646470187079755,1.564812817293755,1.578806649693228,1.7621267188387855,1.793227628597351,2.156201799857962,3.8972978349195255,5.452457294929147,4.579821864575696
2002-08-09 23:00:00,0.29167118221158733,0.3598594570547476,0.3662177258981152,0.4804288088876356,0.4144942152902008,0.362118405336679,0.33169110242856886,0.43973010705806237,0.6895745929993811,0.8081382137564461,0.8320921216828367,2.262211447189087,7.600548252444459,9.868562326724874,5.492790777388755,1.7117525686524087,0.8219901913176706,5.780860802790807,8.673038613434967,7.4067645671947995,5.444960304128137,3.876268975227929,2.656394902988465,1.5652764922350404,1.2857671862283866,1.3802353522946216,1.547334934639924,1.5441540002308505,1.5532906589275026,1.5436637143395484,1.5392108012689418,1.6549602148481397,1.6559053338557466,1.9214227980079326,3.602693086376073,5.525568514557723,4.215521753934403
2002-08-10,0.30554806777595944,0.4516457845573273,0.4435021475787394,0.4984686240915011,0.43143461399122535,0.3133517818908667,0.33974005806229646,0.43686403103113064,0.6817113583680436,0.7860040014296266,0.773466313880764,2.165945433127142,7.21500299099637,9.609839560666206,5.496008477022488,1.8674366176853046,0.870292730632442,5.498223525567222,8.78965269957748,7.323598894690237,5.263415106974071,3.8799559306024616,2.7011418114047956,1.5268551114953575,1.1477378815216177,1.203488501286666,1.3983005399665522,1.445265941218963,1.4673820926641006,1.4313940592684735,1.4092877050952024,1.5008422785383264,1.4546646291483978,1.6533101746217918,3.2109282475933094,5.330189011601481,3.92623326684379
2002-08-10 01:00:00,0.3564701989577987,0.46466634450529415,0.4217816744943603,0.4619069233914522,0.38665789561855773,0.2748361687005561,0.3966618026292546,0.4618162376026492,0.6512140706797629,0.6862506235722541,0.761005915739752,2.032304217035224,6.637198234697762,8.920125915186354,5.314263119719118,2.039760062306579,0.9665870198218983,5.158902855249798,8.68261922908658,7.117549262724766,5.1555816940617945,3.8643135306276735,2.698694871986731,1.6007287178452898,1.0304272892173467,1.0483326427051358,1.2644088943239808,1.3327220862473252,1.3768398836413311,1.3710327930603001,1.3214585779233943,1.3287326336461702,1.2979673969894414,1.535035864407566,2.9387384607483846,5.074273424518463,3.7245842029486016
2002-08-10 02:00:00,0.37530306703380006,0.521590622442341,0.33686439337064306,0.41975394449028136,0.33921332802289766,0.23709735433866022,0.4768458646688559,0.45213940931845614,0.6104502885284346,0.5760217602725348,0.812858271908101,1.8872714866130917,6.190364634281951,8.147214787470583,5.196464065806292,2.171432478935531,1.0064256233828903,4.8341033809018406,8.106579116366595,6.661710883383161,4.831535887014081,3.648711556954937,2.5328370883479847,1.4834810325321708,0.8513616737099553,0.8896264507684322,1.0770232127112234,1.18289225247575,1.2454730897055115,1.2547573651107482,1.2073047595210975,1.1641520113956276,1.211913239906222,1.4468378938804887,2.5903164897190885,4.538950541057719,3.540786390481666
2002-08-10 03:00:00,0.28738053426617965,0.53489144989932,0.2926062451702222,0.38854875279976064,0.3292887688079351,0.24827930947998314,0.5351412903123745,0.4345662883544619,0.5616163868379641,0.49740572240753955,0.874140509115113,1.7714035694090584,5.80975688451144,7.484739145353592,4.990323087055667,2.2246341142944988,1.0704991003066562,4.597932704325958,7.445518052743512,6.1657746243976295,4.474577705035054,3.3126309675043597,2.200772300325878,1.2942832508853876,0.7192174898754512,0.6925028694980319,0.8765396777873112,1.0076786755292444,1.0938395308005873,1.1309052956672117,1.1373529270045195,1.0777153821965875,1.148144509145418,1.4158912860400363,2.4190370064631135,4.002376186229954,3.3229146387138364
2002-08-10 04:00:00,0.25774396396669447,0.7003782926538682,0.24750888123371426,0.3868870224984863,0.32695536593572305,0.328193521454307,0.5898730320832889,0.42879039318541184,0.5275753401212113,0.42591282841769773,0.8915178143857463,1.6475556730508514,5.326653401036549,6.9457001617258225,4.699728751542257,2.2251939906018743,1.2193117782321063,4.435972449505684,6.756840622814616,5.4830940131664185,4.134447079906218,2.9166409701932605,1.861420681636334,1.0992293924430414,0.6067947217839653,0.5512674433464624,0.7049013728207203,0.846217798593035,0.9730728271574258,1.019445086644767,1.0617165966809867,1.0084707516195868,1.1232325529203593,1.4153551770849915,2.303002582210774,3.6252581854650763,3.1413128476089507
2002-08-10 05:00:00,0.2305293706079889,0.7003206293392911,0.24884001894542632,0.3687037730891491,0.4134715589540131,0.37246347089653964,0.5824575317222358,0.41694328478391524,0.4670192712200111,0.3652009877572517,0.9060140734842725,1.556024207190212,4.780673443338016,6.488772452042203,4.447270011674439,2.2158317600976356,1.5216392267825034,4.260733129211254,6.144644568426586,5.019716122440896,3.8337195211048343,2.614411644362613,1.6281764894315838,0.9540596889491979,0.5255261004932607,0.46342082356440506,0.581699908680075,0.6940780875695504,0.8445545487619841,0.9185555103345553,0.9926908123702691,1.0062462572034192,1.1442019332746216,1.4242016805811968,2.1768403929584905,3.252331784615894,2.964880117392269
2002-08-10 06:00:00,0.22692138860977215,0.8714788957286852,0.2887497970719731,0.4157689423171754,0.48111161326854934,0.3981544079467021,0.5856985955647249,0.43421000466656196,0.4561066470883436,0.3483387475943549,0.914894972861656,1.5111570553244238,4.252484407285714,6.109155100137142,4.239865878017834,2.189573971022953,1.8649863287804045,4.122059145252932,5.483568943320153,4.469247670465803,3.34683831378693,2.3979181444966784,1.4362374581289963,0.8285317392305253,0.5012889923195598,0.417739934584626,0.4957491638297741,0.5767786868772589,0.7147068577902032,0.8610561173575368,0.9606276776348802,1.029245034609999,1.167512275344925,1.4022639460931001,2.073480776116236,2.988618532015066,2.7295778790998595
2002-08-10 07:00:00,0.333357859178514,1.1117924728622133,0.4987238260276734,0.5001389517640179,0.5476863567983513,0.43770375473851075,0.5788044489794281,0.4389766426909129,0.4221655601799822,0.3527126497850657,0.8783006755112165,1.4712225069391855,3.79014827045059,5.791557926637246,4.013986857823179,2.1530247558101085,2.1149148677059295,3.9563858490078516,4.876396534790406,3.9407809836825645,2.910216714410984,2.164979402913576,1.293269398668214,0.7489907720556617,0.5564824350342019,0.412984440478719,0.42173267585808577,0.4987785836433551,0.6055259405879589,0.795487453296147,0.9880777001679805,1.0759719550640092,1.194782821605074,1.4007433118623747,1.9844708170974419,2.7205573281187743,2.485339794495341
2002-08-10 08:00:00,0.39284726310524065,1.243482620027435,0.8882797000539256,0.5731270915131669,0.651482613702869,0.5611362963652213,0.5839384213146842,0.4236242038131054,0.35620724164261486,0.3537477149733986,0.822773939109136,1.3885152239052854,3.356394067191149,5.491974719527876,3.7853083049121654,2.1479293295273036,2.289041577787698,3.7198516111936213,4.367369445599409,3.5040738888720195,2.4915736612266546,1.8126505354431863,1.1533343584344276,0.7147759475643083,0.6543774700317749,0.45036073720607417,0.3723060449565647,0.44542706935551063,0.5309533600863157,0.7231065198347912,1.0021599206818044,1.1164893223278738,1.2320854811712514,1.4166195629215284,1.9260172631053187,2.4983329106193937,2.297420608984495
2002-08-10 09:00:00,0.3292708116277937,1.2831400918005635,1.0833386338890634,0.59366499695343,0.7444116469277965,0.6774068425337411,0.5476473893933492,0.35213502710040645,0.3092115494734756,0.35664113814436554,0.796403139067478,1.360351820466096,3.1164876165981883,5.548531712304291,3.8985848734288746,2.270109580853779,2.3120656721823933,3.293757659901987,4.092857901939127,3.4596298338988785,2.292365620909936,1.57728084482556,1.0718343736593396,0.7151356477006569,0.7372881686225528,0.5110302950293317,0.3914174155472216,0.45532459927919877,0.5286987954585657,0.6999066648941366,1.0030480457007003,1.1527016745006438,1.2570469270953555,1.4031750325640926,1.7967489623751942,2.20294672608934,2.0744642082522464
2002-08-10 10:00:00,0.2827934536204342,1.2015468697066551,0.9603363267597248,0.6245675552499226,0.8711756761364072,0.7094515725944602,0.4594433673135851,0.30258946233289824,0.31449510524605273,0.35712597197783336,0.694045469466459,1.1766840426285028,2.5913953889983463,5.446669033023122,4.044843686553022,2.339188003785055,2.04758351200256,2.5699991461129974,3.8452812749296146,3.5706853245311883,2.1943911399391958,1.3752959490022314,1.0384067633574539,0.8099392605277235,0.8276697467975589,0.5837611296190437,0.44943232298196134,0.5011530869421691,0.5536281639040819,0.6693870590233135,0.8577777992088894,1.0796241646936569,1.1961818134017284,1.3101492771429106,1.5907366308001072,1.629837096439444,1.5126472380296692
2002-08-10 11:00:00,0.28503677213746037,1.1619468088128335,0.8162630134965395,0.7729949534503717,0.8985693961522149,0.6614511101977649,0.4127006033574715,0.2829515491820313,0.2668643708145102,0.32064937263345894,0.6425724672833606,1.067130178893051,2.2169448264194664,5.332722695085394,4.108707943500939,2.4355546347839026,2.0324926092734885,2.212080523720725,3.563177685097936,3.5703500763285168,2.0092962798086873,1.195017131274308,0.975111184074865,0.7896092812271839,0.8044337200166203,0.628604625581831,0.48508838759981254,0.5064549766257653,0.5350621938724914,0.6477688809516637,0.8323119674281144,1.0461948484658925,1.1760337824596254,1.2583385586587374,1.4204448165893162,1.403961441115951,1.293058410289191
2002-08-10 12:00:00,0.3840457594536602,1.3466639892538206,0.8480014355463471,0.8984477968969365,0.794699759185739,0.6135021304639081,0.3831712662029698,0.2698106347826232,0.2500223652779888,0.3497798982575684,0.6377439657794697,0.9706417789990708,1.8673067945700283,4.8382617206807765,3.89645614134313,2.428575107535067,2.0090771005988244,2.017898331705308,3.0939156196691755,3.2743538938534753,1.660196513542537,0.97515802604225,0.8255988560483678,0.7225353270534337,0.7795756881037992,0.6542512290834108,0.49136972902626597,0.4825473596596189,0.47204126518697975,0.553272885994144,0.7864787932094025,1.0149033916801762,1.1745412156985495,1.2374586064991309,1.3578898624885265,1.3274839636013371,1.2031451319628155
2002-08-10 13:00:00,0.2849240461219771,1.5275816713674928,1.014931658748487,0.8999128673911603,0.6324981042791568,0.5185735142751224,0.3389085691386387,0.25336604720859485,0.21755080314266537,0.366817573071112,0.6745915270777317,0.968467210618496,1.75624783951123,4.7404172817426415,4.0221712911854,2.373957728729022,1.8887136749425748,1.8071591439055947,2.7622300006776817,3.071147944712124,1.4733300550007478,0.870552137768506,0.6913784177489559,0.6393349838071758,0.720205720640917,0.6299594893262099,0.5038443004325021,0.4783367905501819,0.44948459425447335,0.4795312596803306,0.7386726514789146,0.9949131438523331,1.184256097963003,1.232768123014694,1.2912535821363293,1.2209757370995047,1.1059515908428572
2002-08-10 14:00:00,0.20387262989970295,1.3649279382167614,0.9437922436525881,0.6889307179924554,0.46324525910767816,0.4907159519360001,0.3059123660381765,0.25220111352846675,0.19115371829966601,0.32495988217910937,0.6708418177536826,0.905792387837564,1.4859692737234114,4.07288636974915,3.760950265702028,2.256344644986521,1.8688939203520132,1.6494868357358723,2.4990437756413555,2.7916632728467197,1.2274645363034207,0.7569398365428225,0.5729511725883716,0.5499373332109472,0.6671266433543528,0.6181684463021472,0.5080203610203009,0.47813513857300366,0.45534676915837974,0.44907131577274534,0.6698565131496897,0.9597434556649328,1.1900493911271717,1.2615825352614496,1.2863373336796722,1.1681053485082151,1.0300050890800458
2002-08-10 15:00:00,0.16998840825329936,1.141354193583228,0.8030404581028112,0.5400673191087572,0.4483320448044292,0.5139928537387042,0.2801632680246684,0.22236419551984019,0.16236565309107712,0.27950110254690985,0.6991285996855783,0.9414899995402253,1.4681488843250812,3.867505952756863,3.7004591987402944,2.1866587703317277,1.7981904606963195,1.4602900122363847,2.2649614489114627,2.4448278469909988,1.0454037033077392,0.7105011093346969,0.5304153211551407,0.48891933579682617,0.6136524476885545,0.5946313763074862,0.4919798414468267,0.48301101744837016,0.46130550971109857,0.45749787944778125,0.6048878254412915,0.8969183049526868,1.1784740150758255,1.274329681470073,1.2679477886473192,1.1064181042361343,0.9704700867238729
2002-08-10 16:00:00,0.23872835291526112,0.9935115984821166,0.7096709691551564,0.4302475016313192,0.4901117630305298,0.4713232158134029,0.25425584699854775,0.20842739042241287,0.1289358366953101,0.2564369171648187,0.7369395095985258,0.9519263384236486,1.4258609673784828,3.617051215938764,3.5347930949710054,2.1481643894312543,1.7563780800802549,1.326323981651077,2.0639819088868205,2.098952145511339,0.9585288011997409,0.7050102382252798,0.5434745208498578,0.5253048586616182,0.6198376353936533,0.5974675042604332,0.4865282399450516,0.4780664348529667,0.4571751658843105,0.4698532398449832,0.5675240432778691,0.8389955630047614,1.1627906311005622,1.3004697141234551,1.284576791316681,1.0742990898411742,0.9444887884951765
2002-08-10 17:00:00,0.5253400531457453,0.9554989388335313,0.7488854979682739,0.38437108931351266,0.53460371693826,0.4296065585385941,0.2622823343766614,0.19516542133864673,0.10289741256484303,0.24058595909168998,0.7576186692480722,0.9571378351886798,1.4338502223215388,3.4068428951742233,3.3343076253807697,2.0493185075052556,1.6589355912633652,1.2362953217941035,1.9380382904986169,1.767827775012578,0.83361276489859,0.6764169974853947,0.5854065328961554,0.5857261689239392,0.6337603449457748,0.6013569619770174,0.48643227885768664,0.4516701225504172,0.42160174810805984,0.4768554430991219,0.5521964648884692,0.7819578509012505,1.120520898644826,1.2809183248498304,1.2822554944989064,1.0825862756214748,0.9580125962592074
2002-08-10 18:00:00,0.685357744597842,0.9291041375218443,0.6446421561726554,0.4110833606296319,0.4821924494190111,0.4098462222116144,0.2835831417466022,0.17077235771420735,0.08783866754484468,0.24493551174419395,0.7867633061891992,0.9663748642841754,1.4500077791653048,3.2404653145944353,3.15623329629162,1.9170997267758298,1.5126420359649393,1.1848152360860726,1.8852093908227894,1.5174103094672526,0.6947195871755824,0.612978858037902,0.6103215308362834,0.6213930638101186,0.6493324653386968,0.5998615171652755,0.5028513994520695,0.43821026425444654,0.38470179839651836,0.47461752829251985,0.5661274648237854,0.7746969302100556,1.106191119488462,1.2557900197483505,1.2745594198615364,1.1222275064414091,1.0243347401304992
2002-08-10 19:00:00,0.47055773927897676,0.875345480366852,0.6475407551339837,0.3938639707934388,0.4397337712387,0.383596523927408,0.2790553071475554,0.1482877642769992,0.085582509990696,0.2551777679361999,0.7972798962381581,0.9539386244942173,1.4508981195996316,3.077923455277809,3.0091007090850836,1.8238650202928746,1.378307263859724,1.1949547096838558,1.835120968892696,1.388197401393713,0.6275298105155473,0.5754485490867678,0.6324419400016458,0.6459032100342507,0.6675545520687024,0.6026049406676818,0.5237821132099912,0.45472034824541274,0.3781645368223422,0.4597590580394303,0.5817800596641672,0.808340687631085,1.106847259290459,1.2479720357973119,1.2814830664581953,1.1979980363053286,1.1396147009339876
2002-08-10 20:00:00,0.3173489222449608,0.7718127678819583,0.809085963095239,0.3067010080918677,0.3730834848491287,0.350902459602775,0.29286317242826215,0.14418909400616986,0.10157615050605462,0.26030554270208545,0.7534724913035163,0.9378795010309334,1.3971702828872468,2.7500139600178395,2.6680812072688607,1.6090167039612362,1.2268529749260897,1.201840569568549,1.6500183313288268,1.1614230951621185,0.5677490452377212,0.5457516151900446,0.6407409099775216,0.6600101963298493,0.6928019198138645,0.6244609106062626,0.5468104758836301,0.46538296239092947,0.3641270048351843,0.41523610549609896,0.558668888482035,0.8301784514411216,1.112951614707611,1.228968508755662,1.266026614970027,1.2205521849791408,1.1934103494317936
2002-08-10 21:00:00,0.23316147272981128,0.6361878510648245,1.065298354383884,0.20838464585067099,0.29826244938496943,0.2979267061125894,0.22974626379492516,0.14194922639281318,0.11844399496049092,0.26026929307490115,0.7212742853202435,0.9256825103547651,1.4449181882268762,2.7343200006162243,2.6276021345551746,1.4890467007133057,1.0505945751726502,1.2064086581883653,1.597284882603108,1.105340743160897,0.5548638577273521,0.5273958086958074,0.6537617289259462,0.6543826039284759,0.6765236352137256,0.6269207532247681,0.5681701545021298,0.47885227263153873,0.35730502973994516,0.39534674323032803,0.5410202767469646,0.8145674615282505,1.116495757916972,1.2190325890542468,1.2413176566128417,1.2371096696219972,1.2332277178290565
2002-08-10 22:00:00,0.254869340004938,0.4382170636804046,1.1037289069060168,0.16662478687346427,0.25136866534138613,0.2659226513615991,0.19085021044072997,0.14650103354478314,0.11141006451968917,0.18525136244541876,0.5731222179726979,0.7506739729922871,1.2836851967587697,2.7306390166949543,2.868811234876003,1.50282528778197,0.8202095112940225,1.1355325655803676,1.6669883179609513,1.1968354441198772,0.5743347053360438,0.5294734766384916,0.6106323978508257,0.6282255377127391,0.6826806978951154,0.6524021360454286,0.6772390106662376,0.5949645019247363,0.4539291217317148,0.4556216868631492,0.5559006378770769,0.7638384946448729,1.1486876349359225,1.200806364513077,1.178885938491683,1.2130468707123527,1.2449521432144164
2002-08-10 23:00:00,0.3189855701606187,0.40751566973449116,0.9860082726845465,0.19622207654414733,0.2693945929155245,0.2907670596222878,0.19185408817709548,0.16178148013692445,0.09426363908192274,0.19149999546445404,0.5708416406195058,0.7073635303881629,1.1381318078236864,2.4932275659747116,2.791416037795943,1.422730962207096,0.6960993781659964,1.060910846054213,1.6620488790475252,1.1543266043386033,0.542521653977849,0.5445833603354578,0.614462423021547,0.6070165752072318,0.6815332173934652,0.6332372987233762,0.6950306848888077,0.6589343524518042,0.5186056846402508,0.46221107270956474,0.5376496813181406,0.7579724030816155,1.1724466656703887,1.2165382401020812,1.2088984240811782,1.2858275981338085,1.3330703144944178
2002-08-11,0.38626450480934565,0.49741136312572637,1.0160081469234339,0.14575290011112596,0.21967980173832896,0.26894020172943617,0.18733819738323257,0.1669578170838274,0.10513769412463714,0.2119172278851615,0.6501613759961371,0.7592183271672381,1.0989532620251172,2.2963176633842606,2.6462256457193405,1.3265363291122534,0.5980687841480072,1.0142098171967884,1.6702832075906386,1.0493442559318897,0.48448610224585015,0.5516619917441539,0.5928378121302786,0.5664826048668146,0.6665051844973257,0.6072354964615937,0.6639057508577244,0.6794561991828065,0.5697752393349202,0.46866394344497203,0.5268504881218361,0.7726337196657694,1.2047421531059062,1.2300893485727913,1.2189157646060487,1.3221272458391093,1.4214214276951422
2002-08-11 01:00:00,0.5133257496006378,0.5646301872907438,0.8893600553900526,0.15127052641806016,0.21927996248440434,0.2375294700123596,0.16346357173162387,0.1482933736745753,0.08942120862568739,0.2096373800770915,0.7025961114604699,0.7882345043290087,0.9953015786121926,2.003265016031475,2.4489969641382276,1.3069541823410646,0.5515842327300434,0.9786486864185585,1.6658499597775498,0.9645250915498906,0.44591295158162303,0.5510557371302341,0.5750710610386136,0.536608486160077,0.6385060040809081,0.5845781707745683,0.6169166872399219,0.6645986599654469,0.5967146789403145,0.4825094898358058,0.5265571416907243,0.8155462637054491,1.2542325663830904,1.2443367970568133,1.2311271259152434,1.3862047474281138,1.52848375344784
2002-08-11 02:00:00,0.5675067876056858,0.6870585323816558,0.6375354661904794,0.15327661013118263,0.24957938861639037,0.23980157468859267,0.17077146179427924,0.1320015444096451,0.07539027741760426,0.19379578531409297,0.7126414554911228,0.7945485046330578,0.910102273827685,1.8105258462861737,2.277787887165696,1.302302809126418,0.5019042776591462,0.9828376199562089,1.6352343904026982,0.8508205014061933,0.40185105984520036,0.5239115911186409,0.5469768610783377,0.5156580642863734,0.6088453768664135,0.5673056842194096,0.5809484967530999,0.6156337113590783,0.5766589929334662,0.49688554041564587,0.5389426572680673,0.8393291848431434,1.2782794908401056,1.2655496248284615,1.235972182491471,1.410588142039749,1.582201540986596
2002-08-11 03:00:00,0.5558606516778339,0.7611355687599541,0.4822049115584639,0.17330092157528554,0.2956139445908493,0.2684831296362326,0.15353510760736974,0.13363672152092823,0.08542227788007282,0.18997708313754522,0.7166257741837665,0.7997782580726314,0.8453121963632909,1.6629621764340698,2.1545141943377146,1.3274993734681217,0.4738929645397823,0.9799412569799905,1.5533412110865914,0.7498961227613445,0.36298075947105174,0.4823451069110279,0.5296578695958883,0.516026108183562,0.5857449549961056,0.5520605879659596,0.5515213073478382,0.5630115947526138,0.5511680616995076,0.5048141048176951,0.556753844897976,0.8416826528729641,1.2891385677455298,1.2850666496742886,1.2277259781472973,1.4022295501237643,1.6143160599670539
2002-08-11 04:00:00,0.4307938454728238,0.7238975421595815,0.49863623895758646,0.19548994600449116,0.350096076758253,0.2977557232941976,0.15618893184317284,0.16616469044051235,0.09357958174449077,0.20097075217663735,0.7288601311524523,0.8178318436530908,0.8072036534091528,1.5628637638864589,2.0799214252606135,1.3900952351210212,0.5027067544111895,0.9603384180986876,1.4793140626784158,0.6587021364726839,0.32869496466411935,0.44281464685864386,0.5261773719156974,0.5233061399898868,0.5575296173374589,0.5224001328620319,0.5096752871123776,0.5067470361671929,0.5127083469237101,0.5019882316223647,0.5794922324496058,0.8600520091814279,1.2946412061622274,1.3009835654525286,1.2320702531988201,1.3776476733458567,1.6222163331116177
2002-08-11 05:00:00,0.3739774602188492,0.5851831477109638,0.5388834967844519,0.24684881768818334,0.36698116688359,0.3371867799016174,0.18922485029402009,0.19788192335253604,0.09909770736554899,0.2428960300610876,0.7574460890817759,0.8657528233956717,0.8070701128768164,1.5515451164603593,2.0258860164987325,1.4650094927558326,0.5724664788296613,0.9755410108733267,1.3769580897650227,0.5755511781032614,0.30156882827199516,0.43116124399888195,0.5400797483682989,0.520195754368714,0.5224196383089761,0.49019577876785725,0.4651448098954872,0.46008003370856027,0.46295403722957384,0.4731674585600055,0.5971491406766919,0.8445406145686042,1.269701518583578,1.306418896898759,1.2279578723458786,1.3587446008967905,1.6457162823371005
2002-08-11 06:00:00,0.37251859126859377,0.5695570226055898,0.6393996580036789,0.278581422323588,0.3736395934859958,0.2822255595163845,0.19555017940739403,0.19599111485384468,0.09629617628457415,0.28117895126347436,0.7539364431027504,0.8685207878588043,0.736965524395653,1.369294550448369,1.7479682178257292,1.371104012261628,0.5878945332468911,0.8859920134252757,1.1718996186763533,0.5247059406853011,0.2941041361678424,0.4359374615468132,0.5255482274868315,0.4967368218146601,0.492065781799036,0.4489445076178678,0.41907964895135325,0.41572285275183557,0.42204634397777896,0.4229284983484568,0.5847133408045941,0.8223625891003219,1.2164459524986995,1.254563211793279,1.1797175036790115,1.2927613356030259,1.6122536489509431
2002-08-11 07:00:00,0.4300548411520622,0.5959332478282062,0.713598136128174,0.33299447571699536,0.33740891957131325,0.24360842885816825,0.21370974789103306,0.197826732513595,0.10129957017811946,0.31701654710628246,0.8044025364840922,0.9504513374361276,0.7680008997851768,1.4419888236995182,1.7395858872817234,1.436221595631367,0.6721008454635395,0.8842658968434609,1.1024111974285655,0.5060744986144751,0.30340151049340114,0.453252778327838,0.5022426078066974,0.472647123530189,0.4604985547817927,0.4147408302053986,0.392759717958456,0.39071206909269146,0.3735543236846421,0.3812156502488121,0.581118948869635,0.7815508408788329,1.1686680524387631,1.230575802149034,1.1449338252655576,1.2220837470664807,1.5404871560570979
2002-08-11 08:00:00,0.4138748400218396,0.505654634369766,0.6735288728433402,0.408303066704808,0.3173449643840045,0.25787862029380676,0.2102600831363828,0.19766420068121512,0.0932569481184934,0.31060959221490236,0.8223856337434754,1.005006229863287,0.7947066425412,1.463467177232786,1.7244894924997582,1.4610486379044565,0.7609993001028494,0.8517301498221522,1.0699622117669465,0.5151734271138241,0.3112554555266829,0.4455164504953976,0.46853255017341056,0.4427928161975388,0.4276403306003294,0.39860745732558084,0.3773411926473475,0.3742934926633469,0.34777000174487005,0.362144006659088,0.5723929687627113,0.7408476867913646,1.1104920913554506,1.1865305853219636,1.1009640654001438,1.1433624191701013,1.4346030210765897
2002-08-11 09:00:00,0.4142138626879758,0.4321364528420399,0.6626143466778067,0.5264419550454155,0.29408294512399,0.31343248563532955,0.18899223939570362,0.1761059957942131,0.09113369911933622,0.28536478404554055,0.8244957131582354,1.0463161509487078,0.8041698614176647,1.4047096839045794,1.6567453504178546,1.386069901249036,0.7931578758475707,0.7778322809159293,0.9872346675915862,0.5970324718002533,0.32984958910702855,0.42487603219798575,0.42584125996418337,0.4029842748266581,0.3925452570688963,0.38618270335795774,0.35437243926163975,0.35313770718040915,0.3202986225611902,0.34256161462640017,0.5425864277874944,0.6919226574762921,1.0445397691030909,1.125447857848643,1.021739242893418,1.004405661997893,1.2644985072973958
2002-08-11 10:00:00,0.3181460640297787,0.4656594252130878,0.7073689540738817,0.6622483507722994,0.29592046335727884,0.3730168294083103,0.16474653737281575,0.17080309490446274,0.11739025572551574,0.254562637993588,0.8243011206271068,1.1691178537975098,0.9403799437734064,1.3009912419962122,1.5936587160013713,1.3943202042812188,0.8576750365880422,0.691042571220717,1.002948627029951,0.7863248158958919,0.36368871140410036,0.3723091058507186,0.3756750995945925,0.34160061100017763,0.3450763641547888,0.34321256455402754,0.3395033044259161,0.3389574864879071,0.30996588452849694,0.3543738079819776,0.5786468551093786,0.7776765805869059,1.13716175140607,1.1674375989853223,1.0702955723825665,0.9978403149256927,1.162613647248079
2002-08-11 11:00:00,0.3339234594119019,0.5651418879544325,0.788997239328781,0.7552683293127288,0.25812393977332887,0.37168985919469844,0.15854262565821475,0.16761686155642486,0.12203255967090647,0.23344678356822146,0.8706733710831116,1.265132449711665,1.0514938710290713,1.3728710778203714,1.6724616633159344,1.3533036450865186,0.896289885309123,0.6410378022511072,0.926393626470036,0.8986790213596344,0.3960438719177399,0.3601204104233612,0.35387939605453894,0.3143744496814095,0.33283591957563935,0.3440221415778753,0.32867554263308957,0.3337759408927755,0.31350365095351335,0.3431484244868819,0.5598094743447417,0.8226459111092168,1.1869544086749644,1.17421349288006,1.0485344438147295,0.9476200093723606,1.1166874668812405
2002-08-11 12:00:00,0.3540506380986533,0.6999074259324602,0.778068624332102,0.8020027385570174,0.2675649832617285,0.39938503513076956,0.18495529936496982,0.1508467372225321,0.11239937568284214,0.21344794973473755,0.9178451197764195,1.3345497688371457,1.139501530741311,1.3514100897327783,1.6609081512477482,1.262495735350421,0.8804180886370634,0.5759969109792134,0.819356138371393,0.9906585990780531,0.4666092808141251,0.3515595154220084,0.326280329861419,0.3013020167009033,0.3440659817219808,0.34438612576758854,0.3152650601342441,0.32757779464270104,0.30894054429266404,0.32133765319903357,0.5297136605953369,0.8312310931985669,1.1816738354684788,1.1274884712844984,0.9716616702067342,0.8343407347685345,0.9941966280183394
2002-08-11 13:00:00,0.4007601335424267,0.7645526698698628,0.8202226169846158,0.7548181724448558,0.3322472284459486,0.42207557808524054,0.24559842095348375,0.17150383510647005,0.1364979522293174,0.25626278861149476,0.9723490573571442,1.4657179983208923,1.2597020315073963,1.3297216278610615,1.6211614295052583,1.1209534714790992,0.7678367298256054,0.5298052267285293,0.7143563268271682,1.0497895200245881,0.5527054725992425,0.35083751797465323,0.3142563543893921,0.28840326671696426,0.3391352213725323,0.3353126763216143,0.2887304902966781,0.2940733748650781,0.28336629776392586,0.3083021310178622,0.48560883352546247,0.7728978426697722,1.1023983875669126,1.0376612369012843,0.8562141028239207,0.6892916174539792,0.853518330540946
2002-08-11 14:00:00,0.4863228950678505,0.8249129465692856,0.8465386903674511,0.7686492547123339,0.40286568478206697,0.3688156605883056,0.30375148558008547,0.23498728210265038,0.18988353960972576,0.32741254340985704,0.9884614180871754,1.5588812926152793,1.3486053695612485,1.1542194639415135,1.311599646652566,0.7974389393588515,0.48418776636918553,0.4444866344138616,0.6572698377738622,1.2056755406551924,0.7184779909320863,0.47362387716321663,0.41682481618953815,0.3584631853235907,0.3641269641137364,0.3533895924212467,0.24516407159179807,0.2509811465690086,0.26582812054637794,0.30937736839302765,0.4617699894485835,0.6702487547891718,0.8942999434715323,0.8275176340340312,0.6471460259727572,0.4752549332045624,0.6614477476398317
