time,1.0,2.0,3.0,5.0,7.0,10.0,20.0,30.0,50.0,70.0,100.0,125.0,150.0,175.0,200.0,225.0,250.0,300.0,350.0,400.0,450.0,500.0,550.0,600.0,650.0,700.0,750.0,775.0,800.0,825.0,850.0,875.0,900.0,925.0,950.0,975.0,1000.0
1984-09-19 03:00:00,-1.4154649617877004,3.8313531413123694,3.2981962061973715,7.963988113603202,2.513050752839766,5.061301113879766,2.0904350012012087,-3.007978994893793,-0.7864096621901424,1.7999971795138061,-2.448277678636429,-38.061431363503225,15.91262377745666,-2.7048467386599837,1.2291746601697282,73.81825610783133,33.062735892452,111.6501506214846,129.49643738215707,86.69736406885865,51.91138584102262,34.91648470067226,13.405788700726706,8.976998718780695,-7.921703325115278,-4.326438128887893,15.619478624258964,9.960480173131707,11.375455249577225,17.524616713547214,24.73005714073377,27.9547614371555,24.637081957156983,18.16278870164141,10.77464534812729,1.9073336385964217,-1.3145599651644644
1984-09-19 04:00:00,-4.648808607599001,-5.8874841611965065,3.084385105595013,2.050524979143073,1.0453903169821845,-5.242936354514493,-1.457090159803154,-3.15492089758784,-2.461277512333494,-2.154599036616745,3.9527812142828376,-29.39447696031033,-48.02036442491744,-2.8943414046603504,5.069181877105251,34.58992807134419,82.45054009782379,172.09854620245136,177.82119845135497,125.74941898301432,75.62749119749598,51.7283571614436,36.61519138529777,33.31648010900026,16.29948957361893,17.068498653840642,20.398890683717642,16.502779326447016,18.80464108418915,17.73294498433351,17.427374966881604,16.67714611730914,13.411481620054126,8.060286575964973,3.6362972107753806,0.1591149562744425,-1.292233196146234
1984-09-19 05:00:00,0.6003756804550119,-7.789207871568426,-5.541340069314445,4.648275094852561,-10.804047494643852,2.655161882921756,-0.5936561924750771,0.8276802532897372,-0.1713909812988894,-3.410043909642713,-7.560210501401387,-2.210925846258374,-90.52346699379011,-50.2861212387133,-18.145028540243445,13.805789972850343,85.79204086591251,196.80830562997755,215.64297162376874,197.01182350234276,149.6396505067544,85.02465688743514,57.103404942370915,48.49103143035787,15.198215240918461,0.02199659657795938,8.558013060110392,9.333463032832258,7.325045367029822,-0.5201492801266384,-2.9492758390193363,-2.7787754074118345,-2.0236225381290613,-1.5878062942528381,-0.5607029612491081,-0.861824685578732,-1.0070689261468206
1984-09-19 06:00:00,-3.7787602278704346,-4.1086962092246955,2.6071763999825426,-16.311875709819038,4.436008556716915,-0.25403809534128174,3.6457089022206097,2.1931570862067655,1.676064285399879,-2.7632512036901398,-10.750391230881858,7.187243822055826,-46.74594072520849,3.463617009890424,-35.104968141564726,-21.788185270574456,42.36159537422999,196.1932126002019,265.24084421363773,207.519004991305,114.89921063108696,51.3801859147106,21.187119725597004,19.09251192000134,-1.0949714103177763,-12.670058952756342,-1.3874946141069127,0.569036077176816,-3.513035940621224,-6.0078040115427385,-5.652228695016607,-6.6382876938257365,-5.943498063782932,-1.7508811181648354,0.007259973904890145,-0.6691379881824433,-1.8125664171386053
1984-09-19 07:00:00,1.5028458535004516,-3.891775558005285,-19.354937078680965,-16.47561102091913,5.4773271139552016,-1.1192440302734217,-3.3984625796740464,-3.577302385720581,-4.950241553323144,-6.606936683292841,21.769262678053792,-18.890562808349735,-2.2456504082211306,12.447942663049986,-23.324056360161748,-6.199362553554349,32.00774414076545,95.7377753956566,131.4680648096263,112.54021943197641,71.70791263892717,34.90257256551346,28.60512252664009,31.829683439902674,6.148076037615723,-9.144737789494076,-3.4505239437258233,-4.532044429675317,-6.257377299595667,-3.2335932319962923,1.7387532007565734,6.698234235305629,7.686927654706005,4.259476359833157,2.2770206221967904,-0.43506297069465655,-0.45711502382160807
1984-09-19 08:00:00,-0.34599145605893183,3.8049284992455443,16.637047691674805,7.429689054486372,-5.001292843166263,-6.434339586940857,1.4348195821803305,-0.6862051289931528,-0.43344449853514305,-2.438508155793565,11.240653958881857,4.849673004678564,24.379164622380436,16.666536278322862,-4.245650582881229,-7.693087083487094,9.751433593105663,58.08701280450526,94.09941029887781,93.2128203529909,57.03106574031127,25.667020700936227,15.740310832574023,25.829716826498828,10.235120043346289,12.241026092590731,17.1458044364732,-2.682910085777419,-9.977120549843034,-9.703294191189432,-5.186800612760825,-3.6254216192233866,-5.824513822741097,-3.780417138998244,-1.7870914675720113,-0.6626064047827328,-0.3315422057241346
1984-09-19 09:00:00,-3.4454461186352385,6.047406375694564,17.959692817264827,7.287716096324296,0.009764553338816423,-0.7963099908644554,-1.1254376989335104,-0.8960224498464442,-1.135433123848971,5.381349050726589,8.609295583529589,17.651157838079587,-10.957815883436433,60.3823042177667,-31.61307747628113,-23.86116360830091,-19.712121613905225,28.844151846570956,57.940621386365585,85.27292969684113,64.92438879544466,38.20004210562885,11.828769104667947,6.490514042260256,3.0615777259357833,11.634978437626108,17.79314593707398,1.4433228613444642,-6.036840172890542,-7.723729828197903,-7.973618314740256,-5.79451416146677,-5.6053503562772855,-5.323907989267684,-5.91124686258744,-1.0343722147623848,0.46848496529266354
1984-09-19 10:00:00,0.9957684500202058,6.458803890283623,-18.524437785008985,5.222654613323929,-3.5290925885865305,-5.218258499836072,-5.000430453283604,0.8387775776844221,2.323865315374067,0.9971130450434512,10.866241513176682,26.228453728151372,17.23948122894513,-8.806558545199168,-58.22463769003591,-17.824468511997633,-32.38389090468605,1.9912472999481,21.34369485453521,63.47672172701905,76.79725854636288,55.310990653419864,28.11475194992111,16.08887156576534,11.479175538996024,20.284309211098545,33.88822285702796,17.79084293974716,2.1022667773235377,-0.5120929840860524,0.25148211452397273,-1.965317296683582,-1.5688509687370882,0.10862782935842022,-1.8677060540892074,-0.9630524499907559,1.3819016475550678
1984-09-19 11:00:00,-7.314458866146204,-13.801634769193216,-15.57121408713594,-9.409107459399168,5.808750118062084,-1.4274696438417096,-3.0608949144022426,2.767977414721706,1.3198904005223107,-7.357942849916397,4.19726856701163,21.880296335904113,0.387445630575652,-23.814292309559193,-3.9960358985774254,11.689411624175808,-29.535594208771602,-21.953462499234895,17.2160742079632,77.9930751378065,96.40658126412781,83.7013311082881,52.314753452511596,35.74071002658978,21.062174999929795,25.201501146257993,28.504099382053482,16.367618581255073,2.1934540176693273,-2.3893806522939465,-1.573742404691731,-1.630932357642914,0.3312990666109267,1.7877334070277435,1.4019366023695012,0.0771667770573512,0.34070092645277955
1984-09-19 12:00:00,-1.2653223050573412,-4.985603787586052,-49.36591151302248,-4.404113270189256,-12.13151931770376,-3.1280131023345947,7.94736130754602,-6.113616394010267,-3.74398528611022,0.26994954703406654,-3.324356563068493,29.897228788907018,-27.049808562752563,-23.18327422568232,-69.00211823937727,-43.87502342262205,-49.44156396305092,-12.379766289938514,31.727466473951747,92.63142907305097,108.31984224043582,102.82046591433735,80.82418060875214,58.79246364720345,30.482364574472015,30.3459576158909,34.37542653922042,23.68184942313701,8.296222217796783,1.26159459102591,1.3077006921244487,2.416347403688385,3.616463305375629,2.8572192535642325,1.1211814125161452,0.43792433307086986,0.1767562589360902
1984-09-19 13:00:00,-10.017590101165045,-45.361171407983605,-2.2236993688881155,-13.458713789081644,9.04036235486997,5.693319443483402,-1.929224145937973,1.7452250885903149,-5.478100728432822,0.8285011956940309,-2.1076358383417575,0.8172488850976045,-31.2053091624919,23.403742462868948,28.366438299341674,2.854569378924038,-56.004384223603836,-21.723817706442354,41.16178303312337,104.70458516985578,121.87799369261091,120.47328090542103,104.13737395574485,73.7828653656897,39.65625492554611,41.334785958721874,54.836362598225854,38.034488173090956,17.616595807730178,8.911283958252461,6.319711381914971,5.1856811955506785,5.518763360006729,5.002940637710404,1.9966842997411098,0.25058868104524656,-1.1840374556289393
1984-09-19 14:00:00,-2.306099159000439,-37.42443969072692,12.448507456455959,7.503192809182993,1.5637757870380387,1.5298854433926867,2.5008290488479816,1.8685761644341436,3.545062228229343,-5.8254024089874115,2.599215721139906,3.8926200299663725,-16.12562405068572,50.57403720633616,69.09346839286337,37.918053693495914,-31.050874906734443,-27.44041541568648,36.932106801409454,116.57618531325728,151.74158289720484,146.04523065448913,121.29712170114256,84.27692625187832,45.53828996334471,43.489636388271585,50.119003462979954,37.19430059080022,19.46664167540129,9.030393945968983,4.028564940010194,1.8585074511839548,2.1786213264479093,2.2832132525884554,1.6360025558299838,0.05269698588382025,-1.7320994491518376
1984-09-19 15:00:00,-6.205130345480292,-33.605183361521526,37.38964060477703,-2.6928456879452574,-6.266177251406714,2.048151797101726,-5.0961107492465185,4.132844086324683,-2.0506826072919457,-1.4365108152595507,-6.427195619822822,15.51019907301221,-2.403095804861634,36.35578360324039,44.27279609986414,41.46637711716425,-8.01667318441646,-16.19537887992197,25.561513956143592,96.68930239666564,148.38993378976326,145.3059747847325,116.54028504893013,77.71126606062413,42.682206297922114,34.49455236770882,38.22530402976559,30.690322036250958,19.163306884393446,11.565320203748072,5.063822975166854,2.290454288464171,0.6091092791411745,0.29054162521847815,-0.16167682490143934,-0.42763601259002276,-1.656386456196633
1984-09-19 16:00:00,6.376301018182012,20.907691318730354,4.045807945719105,-1.6289051738998286,3.2205248727070375,-0.9682241318872608,-2.0673606484022016,-5.879833608626891,-3.8272709144967276,-3.4642929518793957,-12.7298075310462,14.014802374381125,4.186548996139569,31.301075822980472,46.017906939953974,48.28935726477794,-8.381612309968311,-5.055130253571135,43.53136380467488,96.35178245396291,148.1835877025047,143.69978239741064,116.81232035205704,82.45107161564684,50.84752521325529,40.398108329049585,45.11060889281863,36.941866367487854,26.552901082438517,16.631549313312075,9.779731077546083,7.941166407201634,7.359068621147334,2.506375519436937,-0.31608088401317125,-1.7632886522433813,-3.032123535653581
1984-09-19 17:00:00,4.2770187288949595,6.558535492803695,-3.1063502853161347,7.116139292795057,-2.295539085709117,1.6198316492096012,3.162962388508327,-6.34040166930643,-0.8487860325382423,-7.377876210851586,-20.776960616792373,5.838646396794572,-3.7015903029299166,16.057510796182292,42.833527224010666,59.98330283213057,-8.499243097701129,-8.225364848536508,65.55306799707351,106.38924592653369,147.74119379044663,146.49821742667658,125.15506299162729,98.85569875362619,67.99563267595359,50.33089479155887,56.83714147782037,46.94541137517869,32.98239186059036,21.79672263037634,13.88321903569882,11.630831064225866,10.246375187421668,3.7760163124158956,-0.1700919771497382,-2.4854640594142325,-4.201152377324637
1984-09-19 18:00:00,-2.480952643921355,4.292593984522204,-6.073717114440441,-6.426914759610933,9.078880491290313,0.48668412383168436,-2.684596342375697,-1.310263882736314,0.3073215560571343,-6.435304962177034,-22.01964517535878,-3.9370633357502216,-6.36277513599843,5.666460697977128,29.01585821561019,54.17637100914499,-1.3994146247185122,-17.625772535509913,58.11038554130672,102.19433759278635,137.6133277550449,142.58481028946767,130.4812221251288,111.13821716228561,77.67352913294567,55.531560056175095,56.41563420661866,46.90730348244842,33.23718077190307,23.08584702171908,15.822806552001378,11.178807637917584,9.613684113794053,3.94143761884504,-1.0850944197579764,-2.8441358405619344,-2.618083193935998
1984-09-19 19:00:00,-5.444787232936922,10.96175678558046,9.039934990966824,1.9099312039666434,-2.5108777084999088,0.7513743714320625,-0.5496278059818043,2.0990745078833926,1.689027306301999,2.6742562466986843,-13.33611556869998,-14.896373865712995,-7.392087759066507,-1.6451378234583953,15.696095538691063,44.565535566924275,3.444495746762026,-14.991933397898817,64.81015725133624,97.83725308344758,126.6551863707533,135.28625504504458,126.15168654006018,112.14607401878001,81.45670907528158,60.333860118508795,62.772583630217,53.10512732988546,38.734526967752366,28.94421512169523,22.11948095901472,16.41574401403346,11.844665181072731,6.952130254093311,0.16787500197333052,-2.4566102616744634,-1.8221633620602005
1984-09-19 20:00:00,-3.259068746609829,10.916862444008508,3.944006693317497,3.0000830391444198,0.9075260180657584,-1.4990106476623424,5.619024373043944,-2.662194638190305,0.3394133578614854,7.449301963432662,-1.6514212112690922,-30.65549989556043,-19.46597285383159,-17.22304107331784,-1.7402071798766703,25.579383200531968,-7.719662317721491,-12.829292669521609,85.27108181072859,114.43817351599922,139.83929737339173,144.07025570852687,129.60282562043375,117.00190937423967,89.26705893185972,67.70819318844363,64.83946234564652,57.514913118565346,43.488718466420416,32.54586775305275,24.74030041438464,17.712243909563746,12.750720952453046,7.853490138119195,0.7859383243176405,-2.9304551737920983,-2.9187315936634946
1984-09-19 21:00:00,-3.708224162546564,18.27125860916683,-7.225970798918396,0.788832348066483,-1.3645103142273038,-6.279379345380877,1.6809371866200633,-8.395276655246015,1.7219861579836722,1.434687695425944,4.880886084659603,-32.12360336203542,-20.920381616946766,-27.316538277480078,-23.81450124957492,7.260511864213477,-18.11060962935921,2.5062558667419794,91.00456853469606,122.07757386404504,150.01291884841416,148.81423870988104,139.52430723838464,125.12097971029696,97.80352867535366,80.75824524947791,79.77034930607932,73.65033102239569,57.05721391336277,42.40833924418221,30.221229776420103,23.266276787312478,18.54458957421409,12.305473363953256,4.264588536246578,-1.213325212938764,-2.072270257505011
1984-09-19 22:00:00,-15.873259320755631,-8.133262286167394,-4.953434063438444,-6.010094544729193,-4.1647291354006715,-5.695915925123446,4.007172749266031,-1.8597580640109515,-1.8950830702719772,-6.087228950713021,4.630600086658642,-24.232581646805983,-33.692005584578546,-61.372082861305024,-74.7103837951527,-26.850424987948124,-49.21120497185902,15.3937381122215,84.43843061430238,96.54476137378747,128.69910718965815,142.95408378684442,147.05172757824064,141.98778961429855,118.03550762973454,99.97713733430746,98.34050333085341,95.75010051511279,78.21677494305187,60.07494159125339,46.05072246958884,36.89394017920714,29.36367664454004,19.497528942781265,8.911307563076676,2.1644286275612914,3.0009236871318143
1984-09-19 23:00:00,-23.245133277373178,-8.572760378275385,-3.0439330511363734,-8.777518681942125,-3.3189489882359324,-11.378260949161238,-0.11526287032096161,-0.9117465382058167,-2.427510124609702,0.6308432657722246,11.611716257631263,-12.672582021415748,-38.13526354852527,-73.11858311497933,-90.37453941279786,-34.321271035491684,-46.410278342402776,38.12904698603914,97.62439152316162,123.13045350195557,148.44769507604525,155.9269300547835,151.38683733424048,145.50731246867235,121.30737927484338,109.21364743443249,115.96683794091285,116.05101931189512,97.70303481528761,71.01003007784593,52.51700696036785,41.40283164396441,31.889098331787967,21.22327408272936,8.319553295110586,1.4896861822020484,1.8703879507696037
1984-09-20,-13.016910293658938,-8.978209461812721,-16.36420678267163,-7.158270038025211,-1.154518581815999,1.75763068485623,2.2104493133551935,0.31790255264573114,1.0465692394530155,-0.01810062100895768,9.688758057374738,0.010190905246509894,-38.62640770189098,-79.70859474879147,-97.45217013726644,-41.424013885501296,-29.781207644023944,63.516140228552814,124.585947903549,144.83820249592475,170.49917514402347,179.3069930550597,171.8319243329307,160.31720832847148,134.35314166633228,126.00426754214358,135.47896746809303,135.59904121598836,113.32777163789953,81.06300108686146,60.4143985970605,48.45848252569471,36.407280635861426,22.38977045271887,8.9596787308267,1.333281502440415,-0.36002831715673833
1984-09-20 01:00:00,-3.9269691523785895,-13.63926079671126,-0.5983068215056534,0.7066768512896033,-3.1032849329084615,3.2213029308969316,-0.14281233599241905,4.2414709728828965,-0.2536728152537371,-3.690347731786085,2.097078416750729,3.52303954951456,-34.023627198986375,-99.0932638873373,-122.92702808525107,-43.93275330845621,-12.45855470306074,82.41098296995975,153.0984632498671,187.4865905797319,205.57045938293854,203.24032505901863,192.98419550407985,178.0983756419455,150.93974262938184,140.71181862760534,144.44826967261926,142.27614141290323,119.93069061863007,84.551544736103,61.94099484402098,46.64282285428996,34.16281459121188,19.930318349913914,6.767958515352324,0.37393460643368115,-2.3071720949753707
1984-09-20 02:00:00,-15.651769037109409,-33.87712629947384,13.438721778468443,-8.3391742902533,2.6391617360699424,-0.9258155681617599,-0.07173786882188785,-1.2678242191138267,-4.948461762361049,-3.420350577601054,-2.297534821395541,4.584889054753719,-27.998832796309287,-105.97104542478176,-129.84052759420499,-51.84434990686971,-13.109678900278233,77.12243838946233,171.14235514325756,205.8888953998498,214.98962021616413,197.9891568441062,189.81698912331686,175.23569092346693,147.91057382996482,138.7556071316334,143.94287401670752,138.46702522213448,118.09447932966744,87.70447718668979,66.94448218939078,52.93338937878947,35.34877624210244,17.60176913847479,3.9961180775331684,-1.4143324323481172,-3.3884636080205413
1984-09-20 03:00:00,4.49684629416034,-18.02280169353987,-1.2602991820391944,-4.9254275946574335,-2.606635268826187,9.681263092666267,4.096909021043508,-2.6096479037960423,-5.263668024922955,-3.318999943476427,3.66672294469805,12.643590796311022,-2.2632149079935524,-94.27269045665766,-127.44952481350012,-66.2096825344842,-23.14326351780521,68.10712736572113,172.11543038620508,197.2347331200471,206.49429946186697,183.26039643838914,176.5406998470938,157.5966455783937,122.80234332733411,115.5852910723599,127.39736172328915,122.95074852824597,109.45261743967578,90.65197613897406,74.97048434778725,56.996527741069734,35.97290789724728,15.775448375726246,2.311038643844143,-1.9074710297914124,-2.43325568100746
1984-09-20 04:00:00,2.745184360473621,-2.908830794031902,-5.926998208822443,-6.662711584243488,-6.072208401419652,-4.87695586589902,-2.2322648263817335,-0.4129060611787469,-7.387016163974856,-12.059383417236857,3.079885575707341,13.993466881233159,10.13978505979498,-85.3561701005601,-121.05446757748973,-68.91041473482544,-10.846945526552657,62.753791854295585,156.60096970996483,183.55395842450702,194.91269916909465,180.47384120345075,166.4351530672561,143.30798059200768,106.36147104611877,96.91321076301291,104.93373125057552,104.3365041630141,98.56176824102124,85.33345483010919,69.92712750734596,54.754136353552745,37.30995577570822,18.430552278480544,4.42039568373628,-1.274063895966831,-2.0885841201952076
1984-09-20 05:00:00,0.3746386608695445,14.652109131289215,-0.8167205352090063,-5.267388532298932,-6.369674968350791,9.970672701544654,-7.248495451734012,4.1529030193614185,-6.52991184901456,-16.399617212929456,-2.823575011381602,14.048502330584428,16.908897180693863,-71.38762417116615,-112.92740373004605,-70.4489112238002,2.133211035833295,48.5857992302871,135.47576386627696,166.14106709343875,175.64938006801572,161.23127351622213,153.9759146048094,133.08768070871525,92.1636836944401,81.9555449291865,93.54578160260455,94.01239617626624,89.28482715079147,77.83213934817148,67.39212898730473,54.448578573930746,39.65489542160221,22.153043061999345,8.251417750404004,1.1192185650562103,-1.0078518803161103
1984-09-20 06:00:00,-8.651795544048253,8.836585384899893,3.988036775078082,-11.918120402590684,6.248693903581643,17.383185058156098,-0.834293600512733,5.1344388758194155,0.24939901762222402,-17.45234155010919,-7.156104880010886,2.63899148817271,19.891655085715094,-61.7143975733394,-103.0898006674143,-70.1023714182334,9.912938631055912,39.67789528573637,119.7312281492665,146.76638650811546,153.2796710989889,147.7951767650797,142.0920053281403,117.56645573499371,75.06970308027115,69.28835989004403,87.2360155843258,90.64696492899161,84.71293097007026,72.66708430098295,65.91639707488332,56.122246386385,40.721053462624894,23.297718748066977,11.60247937178047,2.7963824074777257,-0.8137529900014862
1984-09-20 07:00:00,-9.548725002673912,-13.072916497410032,-4.327134579969653,3.3081585448091926,5.870217346576546,15.734287514888344,3.57543023358785,3.804556367829644,2.0324258292565966,-20.339167096398423,-13.515169006388103,-14.85600612424887,7.399370471473836,-67.40067882666453,-109.61358753777634,-76.12944761556392,-1.7432998073495867,43.04042824087457,101.90453476010053,117.31113901159159,143.26330393819032,147.42862923391988,134.65154502979487,106.8874440316028,70.49534716204265,65.36131149278441,78.42849012649759,82.953755152929,83.15603407114727,79.2348987932875,73.72772036979549,64.24722486860948,47.70078515783233,28.142368410820485,14.582711972660512,2.969928233593344,-0.1209405930582667
1984-09-20 08:00:00,-16.661441425144243,-3.854839169470616,-4.120854648866397,11.283281322642596,6.368639259833914,-1.7631263257442935,13.607700317053334,0.7768603753569238,7.743919979679039,-8.926334507808265,-20.000848815184455,-29.57991882570233,-3.4954443158180677,-65.54386660252231,-102.93758140955677,-76.12280908407446,-11.053857922960937,49.162612459507905,81.98914894971657,98.38194843955179,122.33532251007544,122.57167969378496,118.59783590453748,103.27363787001379,77.25173380129736,64.77234317821339,71.12593939451894,76.20143015806816,81.52145109963446,82.92579106140838,81.93594530619954,73.26045511118777,54.238227990165925,32.382592089221625,13.822488622807317,2.980475383619865,-0.15400780875503112
1984-09-20 09:00:00,-12.494965463886635,-13.042660513571075,-7.599922102150315,20.499235490539654,3.4414548890773746,-4.932396529290509,10.987701022789455,-2.4259153767904427,5.167442044733896,4.554272691501792,-16.508927158799548,-35.03827830158307,-13.27343095821161,-72.80970224531252,-105.07455704289052,-87.11536209127819,-11.55415325329785,47.63117836257355,82.23202113542064,95.75408176193702,102.96176767889733,104.61289810014954,108.22189925587799,97.27326623194922,80.69781233660274,73.88829608316618,81.26399194959737,90.32754239652293,99.37120003209317,102.41256597213537,96.90475969886738,80.33912742240688,54.98254137774372,33.69812354733134,13.991095407469015,4.65732526460916,0.6828271009156005
1984-09-20 10:00:00,-5.052125471590763,-9.917603729647698,-4.9701491642503095,15.786360636724062,-9.119487638458779,13.54138792132084,0.7320812055778839,-2.5393088116011144,0.23653199214073753,7.61813053824552,-16.212739048381,-37.92232574890477,-11.485904064779168,-62.163883865654576,-96.13622057199855,-72.27918014292668,-13.970786000138418,49.11955807847703,87.79100715545637,89.4158627359208,82.18166835763165,83.0602094691975,85.05914663603215,81.26241029453466,75.39285615032999,66.14269071010595,73.4387102644541,83.98207464447196,92.99119986536051,96.47053740863015,89.76701607392296,74.0125434644967,52.67878943159753,34.799221785173,18.257832607880694,5.687433491176546,-0.359930685272777
1984-09-20 11:00:00,3.4016430060049947,-24.40954105762039,6.669582347726064,-3.2619261523314047,-1.1146172311030642,30.566093283654798,-0.0731035840071664,-2.66041385869407,2.1221732603716656,4.5458235397096525,-8.788602341356462,-26.193945271347022,-10.978799578307532,-50.335159733254606,-96.58155559815204,-67.06525790460513,4.963102821096586,65.76507926153829,86.51681615664626,77.84995037114928,75.23291838653095,65.45867646115683,70.66117772571428,75.24231675810658,67.85589252573129,64.91220083104659,78.09830267790082,88.6219673844682,98.6059376823338,101.3162646155329,89.55205945317473,72.72388796588801,53.472799187368956,38.41127568796772,21.660011349151894,7.973921680876819,1.5877114345747385
1984-09-20 12:00:00,9.059546740575835,-35.63799157346426,3.248139924529103,-9.074400885435415,19.796605022622465,19.759613845687824,2.102369452383293,-2.342936121915917,3.80678425223618,7.058747118955051,-9.253420257850594,-24.123349244517463,-11.612290487287574,-38.90402471670589,-94.08374401466267,-54.44406407553953,11.73075353954768,58.21658899254988,76.39702378106003,62.391591371605976,62.40606393537027,51.68649057483164,65.79764016496318,67.89629142969888,65.08776045096484,66.10776220393309,77.49311061994189,84.53537139247224,92.59481348617776,94.4376659635055,87.2364913662644,74.71226364097836,54.811071125478044,39.24774508383817,24.186506027188496,8.865907016621373,2.1469306535801422
1984-09-20 13:00:00,-11.57738589540868,-43.67458111550989,19.990981387067038,4.5699472455604315,18.805950922634388,12.599556685428256,8.229294922935592,-4.070648624720613,-1.3525551857379259,6.824535272472128,-15.493944865122987,-24.29768503499107,-19.479938828889246,-29.338134523224998,-89.76892830732098,-50.667442392171054,10.17013261348337,46.30739576644184,68.31263472471795,57.15828163591732,57.49441069767937,54.78510288994485,70.32975059448644,77.11024503240776,74.30115209790493,67.52786653164743,70.80441216573435,73.48464578186017,78.2394382881023,82.47709193703717,76.96732520833095,64.34810652869754,49.67600739473255,37.399094317592436,26.106028215000638,8.962376123366996,2.3515256645229834
1984-09-20 14:00:00,-13.623276243526147,0.23726975065976436,3.6141425249990715,-8.881936013443191,-5.766739578199541,-2.771756715390942,-2.590664797502135,-2.4421163908954417,-2.549640096331377,4.412224815709542,-6.248865142545065,-10.763731311582031,-17.46665174639227,-20.5129761887503,-86.14132784082335,-37.82628097697078,4.532234682045513,35.42292943818063,78.98411419743083,68.27419039148735,65.82600139402865,56.947615173031174,69.85348535289971,73.09106320880504,65.20461887405885,58.45798059384378,58.768628205125715,61.067400750516754,67.10945344047688,72.17340166861275,68.02881447093579,56.002391436909946,41.752067071302754,37.09556160946956,21.45578547699117,6.246190426274756,1.704562817094148
1984-09-20 15:00:00,-7.963821238685686,0.5521953003382157,-18.725237311007792,-7.844625644307178,2.0505701374961194,-11.245454700744366,-1.218148954312322,0.9993195825500708,-4.093040676290276,-1.9292595843331923,-11.586623266605775,-18.81059863958001,-26.305952338806982,-9.51816476666597,-62.372447358587365,-29.296773449319588,17.329435891891798,32.057499735336584,76.68236928969003,76.17445349266978,65.76259658055558,56.43516442156839,62.00341080499215,64.7825322041194,59.089482180519646,52.07461347026426,52.11471799698729,53.759562862079434,59.995014616143685,65.90939076149444,62.015307175225765,48.54548781871282,42.270450726915875,42.609449570767275,26.435222006938382,8.86065414662418,3.311876537717353
1984-09-20 16:00:00,-6.604589713747262,9.847404768702951,14.97656392682182,-6.8871285005257326,-10.482882429822881,-9.55404100758819,-1.4294693959667661,4.221738446423507,-6.648454558124128,1.3032588329654327,-5.758140747994301,-14.255977515697067,-22.312497431666543,-0.022429932990509938,-58.41378861981113,-18.60019319164373,23.891171293332974,21.167404216442293,63.80252786024738,67.54642506229108,58.22209016324287,48.625662063711765,45.033759919128144,46.31751005844071,46.22741173693734,40.463498273817144,37.818040308088655,42.2565806885677,51.436441503983005,58.789559170245816,54.32130172740047,42.81188453847496,38.63797284316232,36.085198702862535,20.64722809556169,6.19845128530136,2.2645054657417933
1984-09-20 17:00:00,-9.09828016500709,-5.506807126933609,14.489660450927316,-10.275002174888021,0.8299257338109179,-3.0549789239906717,0.14925131387494556,2.2622289350625597,-5.024605578123058,4.009787281129709,1.1106736723690935,-12.738612234603995,-26.075487174105845,-0.23468408758288123,-54.326806903008425,-10.175205200345312,22.502068748337003,20.97097034694888,55.337067029781025,67.46379455630439,60.710580029746076,48.154665621415944,41.25257826105358,39.16483915468595,37.426575024251335,30.94894936911965,35.12761201762671,39.925229630580695,49.984529330276466,57.539067667615534,51.74979041965168,42.361867775291515,37.944068374780564,34.246549010000074,21.913343804365176,6.4364470643080915,1.9908497979401978
1984-09-20 18:00:00,-14.705925242220184,2.6967893389124327,7.229380984735807,-12.40069129242819,-1.6231251668113318,5.675881806947448,-0.3090051707316972,1.6652003579087644,-3.603868510041967,0.4353445620166363,3.807237427428323,-8.984068350825615,-28.058369380049868,-12.561938953237615,-59.36366069365163,-11.888681042594092,24.867289771949974,25.68953013442556,54.15499570881846,82.4337673762439,72.81193184806587,59.17982377714263,45.82499669058113,38.54384623480789,33.32940923945088,30.509207938521335,37.01492656060331,41.93104491544263,50.64337150543592,57.78325539773641,55.23661108891507,47.400194831262866,39.80622657720956,34.03437858216823,23.14057439663582,6.166085014225665,1.6289987423346313
1984-09-20 19:00:00,-10.305617330227411,3.2480582311230974,5.304695815141943,-12.06408665450229,-5.999249174964057,7.437422339372074,1.3095196338599928,-2.8659823351577844,-4.362788958057012,0.2113983717072394,0.3614702779454263,-5.442399327930652,-23.47032199485324,-14.22511091996632,-43.902480471070156,-1.558914162401504,31.92707611400409,29.479594272330285,52.374730827783715,81.45885263037377,79.02679747212554,63.595174857774715,46.362629069935146,36.09612424778543,28.999739985381748,27.065283372052647,35.49547302126121,41.36997480053062,46.01150435724436,52.48452495186986,54.81297990061375,47.04618728679374,41.02553894109632,35.541971160125456,25.176925608627513,6.64975808309094,1.6567661808606764
1984-09-20 20:00:00,-2.95050203656673,-2.1852840240989644,-10.226417582146025,1.5752576058175576,3.0268701534020837,8.21494772929666,5.442488598377795,-2.944637675020232,-6.650988654852215,0.3685292145929589,-8.0444945852327,-5.315174221423086,-18.327564290800233,-14.75748060311683,-40.637525396591656,-0.8916983144663523,30.968252960485177,38.60499328420715,60.29103585673263,84.99277630197486,86.12231641286704,72.26518450757783,55.8536529752349,39.286852296010835,27.761243112002944,23.7074776988041,33.26581972154391,40.511635625814414,45.44637238820446,51.15971496154331,52.87984604487808,47.61822186057524,43.6258108385566,37.761738043947844,27.107291714907074,7.314484420965934,1.7408950064131923
1984-09-20 21:00:00,-8.248049991556966,-4.217911398796796,-8.27943565490905,5.680890044134479,7.165668089439402,11.286740676684737,5.81605771900861,0.4404126082608653,-3.8788280026251902,-0.7335912773929811,-12.42798431963503,-4.544461602315018,-13.736327845451092,-14.919548379465427,-38.971776065108266,-7.934975614681307,29.727253855594206,47.10187648759053,65.44245835862613,89.62309582991627,92.83205942942784,78.29949721659567,60.17496653602694,42.036575476874425,31.39485187621872,23.829715092499903,33.25922193095897,41.7160881771615,48.50340018645264,53.66886089313365,51.47484468418929,47.00030522499285,44.92811223396537,39.65014106745989,28.23396700756168,7.528405885900614,1.317857383848782
1984-09-20 22:00:00,-10.665332191678722,-10.201960021408977,-10.544173957473651,5.7168730632739875,-2.0177701583880876,10.580544434239954,2.742657825598517,3.4337579802323197,1.8755261009701494,-3.9087879929021447,-12.1690201440337,-0.7471347220554369,-5.4953606163833575,-10.521542697855104,-36.65549220663712,-24.01756460382747,23.034166519650107,33.788823905600324,57.137140958706865,89.22704971725871,89.68838050463015,73.44830461255829,54.72351145578225,41.91955904050593,31.299395042523432,23.62575706345491,36.85437068744036,45.99015656003606,51.494215960246734,56.83300460154183,55.47823574515525,50.52565221620701,46.291259298374726,39.790677406393556,29.186363455086948,8.841840522365237,2.1460821436939863
1984-09-20 23:00:00,-0.041063440489149054,-15.724533754712796,-8.751870035686464,-0.3182978874142324,-3.848524163134358,7.991611164883123,1.905626718815351,0.9604234805590902,2.0933382866277825,-13.42789697797947,-22.82965795284761,-10.436069280614456,-6.700220958054967,-14.22999983892855,-50.70892957388211,-47.742905711828946,7.177940402205367,45.421731463599926,79.5555935989268,105.94970216625737,99.53397145301129,87.19407912281964,76.72193467301649,63.633280370993226,46.81423070815328,35.78363932102626,44.67973006600891,53.739139392155316,60.18398447865934,61.387292920895995,55.301510850814395,50.36323241995607,47.773864056540376,41.900500439611505,30.492452172172932,10.561832010595582,3.8199999614205824
1984-09-21,-13.559803468685471,-11.272525548945621,-7.928358331352258,3.780138359322035,7.200177510572964,7.257481028466871,-2.0917369066362164,-2.0889871861754443,5.024724275344023,-9.396559411502986,-23.406874816290035,-12.175913702549115,-4.502222302561257,-17.007358926433913,-65.94837465940144,-61.43245185278197,0.8151421134570157,49.06338309552718,85.13698915835323,104.58917154655204,108.84027289146259,108.10487476171798,94.96579867489368,74.47400917177335,55.50795627640246,40.94093240939212,44.894816451360704,51.25549384705411,54.12510178813659,54.70316335461407,51.20575489237815,48.683058871293035,48.6468523196904,42.41759563754223,30.62390779254116,10.261946607222084,2.5153618357592826
1984-09-21 01:00:00,-4.043753413365337,-1.9034927339826546,-11.265912940491575,7.260534540348381,2.6056199543416128,6.1108674277558395,-3.6559321061302703,-1.7674450114972464,3.553372958101549,-7.318913480781431,-21.937364995161285,-19.860303912130295,-8.146193777424479,-26.034345728498934,-91.03656205387949,-75.9092894962754,2.4184070733539853,63.652156372406736,104.14582260959517,120.87700896482858,135.06650404845928,130.13399264456922,109.00931135930787,87.20993119350838,66.28151189866583,51.37801124981507,50.84552282375832,54.273807612470996,55.78358956984482,56.05087746945126,55.82870905033252,55.817143833820516,51.96829693733305,44.33292082983474,30.619191744067432,10.187120679294818,2.4129059241124464
1984-09-21 02:00:00,-6.249558497265282,7.7839346342511435,-10.198050022597634,0.19675715421179912,1.1692784783964212,0.0423764703285917,-5.251535835592029,-1.020759913507485,2.6141725864031273,-9.353590284731288,-14.785247924205184,-16.550095201247128,-12.154572835517536,-29.08854905201328,-110.25259279210995,-83.59263075445482,8.938070072646301,70.04722148353966,116.68865425744161,132.59175074522426,146.4014273571237,140.43648891993047,118.71190235812101,93.89971710257926,69.06839823420155,54.72573864763075,53.59824734701743,56.92011291906908,54.32514329321346,53.527287637726765,54.85427007398692,54.60727996911158,50.94658593955746,42.606091301004476,28.96807711040258,10.818255871655461,2.5738674196394173
1984-09-21 03:00:00,-9.722922744285105,1.0437097318562434,-22.60784216706718,-10.961120508225022,-4.542878244966253,-5.673298087816892,-3.3850688719616135,3.520538292528976,3.2220145012109467,-4.11302145579898,-6.713944979270965,-12.04529436985057,-16.80176608264895,-35.87993756322336,-124.86432852518215,-88.11712975779011,15.37133656970299,79.36250973940056,135.71790932330796,150.22932175845514,155.36800854521962,146.25472320595074,125.87110452115411,100.0652965751182,69.95006668407966,52.512837564985745,50.481112464951345,53.802156897951406,51.56213977191812,50.91845065835862,48.5288759496909,47.255892828166665,47.4317974079527,38.19406028619139,22.824807984665302,8.020399865898415,1.2973269801691951
1984-09-21 04:00:00,-20.305706925526167,0.7668748484997417,-11.079567421683342,2.0504666330815557,-10.128167612697272,-2.020631790105885,-1.5350820700687324,-0.9898165719213468,0.745742711033652,-7.84591823720058,-7.702699176744682,-13.616793302082963,-24.404109343974575,-52.56975131897627,-143.9164591699353,-93.02368794584585,18.656010670353186,99.15539486686897,157.84631883387053,163.04506007180657,156.9039766601367,148.00128641366746,128.8362332686761,99.11373770276458,65.2475270601548,44.51431769686383,44.89339183541588,48.61863762561293,47.589989964499495,46.12265058520851,42.75586886795934,45.87609010682974,47.51530712090564,35.4972360537519,20.913935986594222,8.81544810330916,3.0503757749513563
1984-09-21 05:00:00,-18.565986009602383,9.818915001144651,-7.206500481374269,-2.8748644356072006,-15.57452750133529,-7.8021706909379365,-0.7981464885712652,-0.1277846186390143,0.5206140617628751,-4.567968206254813,-4.319474925823327,-8.565381966945582,-27.735761174689266,-64.8699026914339,-163.95053437658305,-94.11031994731646,19.88945058829812,114.39059374207966,168.88815331679814,165.8051006053769,156.51330295203874,143.43187028018843,119.67864699553277,86.01152537233969,54.35430202001841,34.107100095302535,35.09644753186937,41.69558472656427,43.4468896267184,41.665979488287746,40.72493546145212,45.7630695193225,43.648724775438076,29.184316357411802,16.94939895599521,7.148641986660243,1.756567097062327
1984-09-21 06:00:00,-13.167643632308334,9.44906244450176,1.985994759029701,12.306085086883414,-7.611636901213581,-8.151806101357218,0.7308743946552428,1.1332609956298831,-0.28084440672731104,-3.7657599065498175,-7.05934619252622,-7.570528437748296,-28.19601518267416,-69.84751580190832,-169.53114187526685,-86.92482604645983,27.136567796655964,131.2807662023816,182.8532246375119,166.41473999514358,157.3131142114024,135.80662914062617,104.49744042660647,67.11062674388083,36.64278414781618,18.80366243280328,20.966626160234515,30.445419401770344,32.80939876021825,30.65234683087693,33.28736156013069,38.501922694304525,35.878492163000885,23.033011418532208,14.031004093020876,6.651672470746089,2.270869581455758
1984-09-21 07:00:00,-6.855202244311867,-9.355880332085444,14.784048663391875,3.506103942912453,-4.867465650320294,1.930634887851209,4.177164314937291,2.4343275419037598,-0.8996953915300778,1.7587011618152868,-9.941802675466718,-5.239180731834691,-25.074894368835,-79.70393638228971,-183.2834649086176,-95.40258426782813,23.65934231102846,149.26591413490542,190.00026694319908,157.7437222569858,154.49989722301177,136.29882321662103,106.8713214758165,68.26839203442536,33.912990701133886,15.953453078606376,21.336512030222565,32.17258758633791,36.76823675794539,34.36160998723568,32.30968213481163,34.580246318963944,31.704607137554092,20.241490580883962,10.873768417817605,4.362180877571974,0.7442896837885137
1984-09-21 08:00:00,-6.568027062660314,-13.929856990508677,19.09293644493863,-6.692584913503799,-7.10751849802694,2.6251498389002155,0.9759563272871444,2.1836077029122967,2.539864712651773,5.285468912730456,-11.24127488600387,-6.768978344297264,-19.399909974325286,-87.97624852392234,-196.3858877861643,-106.72154973243771,21.023891703750188,158.53351046866737,181.3763019530547,146.7837309564681,142.40417786651636,131.46489039812846,102.18138029971276,65.07294203455542,33.03454315210939,15.911764330534842,21.295423872345776,31.316142715197785,38.73695063925684,39.30873874034444,37.589309393526136,37.94882530433349,31.474275545831727,20.117069089643884,10.852434794940326,5.175782553638605,1.4190906797027512
1984-09-21 09:00:00,-13.632735009723943,-22.409719882160736,12.444485442426563,-5.155180710822892,-4.695289604979922,-1.4733417004426423,-2.592014467397879,0.5297090980432833,3.5532292917034,5.482917628440862,-15.631547690950663,-10.091755583709523,-15.381284336488962,-87.33972293000397,-193.31909696270512,-104.16292657716862,18.80775506565395,150.01258029572352,163.87011031959122,141.25421724037906,126.84086206749217,110.74922410266227,80.49479970987603,46.77885508503343,23.255513237704548,12.367450526016714,17.8760083928628,24.78097909339911,31.699997834693942,37.03888066766316,39.77512317852336,39.73206030594811,30.454920143438915,19.01666448644628,10.17962006607987,5.0390600525756035,1.6928122391279328
1984-09-21 10:00:00,-17.173882751956278,-12.8238216022314,13.331344352732515,1.5685749418241572,-3.1194831899694138,-2.743843729115856,-3.938999479706661,-0.6966401215666284,-2.6040348642357096,4.95267263669918,-12.673182083385385,-4.892017630122523,-7.131225738928576,-79.84849731348095,-200.13105620341722,-116.0558491703653,-4.253440457730718,122.88241460525124,143.78717030106898,135.24146754569253,109.92733161583376,89.3565150981329,64.7876696204376,39.68976672000174,24.157639539017158,16.982931293891106,19.451090305979648,25.714108657096553,33.51241307739569,42.58835045026997,46.592737882921135,42.82771854289444,33.417289066880265,20.875751393137975,9.982326717863398,4.990252167103856,1.5187388568922189
1984-09-21 11:00:00,-11.940001595778273,-12.269155600984492,9.71375524720627,-7.345932829408434,-0.12540413384378662,-2.323158441728109,-2.7556636933645673,-4.7763585697140725,-7.556758181599766,-3.5667973471479226,-21.377219373853425,-13.840377963794365,-10.605063762648108,-77.06702277588928,-193.2434147996771,-106.92415205721485,-4.873625785600367,116.31747885044099,149.25089704749442,130.87218687638017,91.87752246561494,73.20503780715728,51.18282879892398,30.52477453144343,19.62810632982858,14.432080351810649,13.526381279872405,20.29554192725615,28.8756201610961,39.73032941772712,45.58184408325168,40.04767570258219,30.952517568731686,20.136041008554077,9.894121844114837,4.973187066812505,1.6537181626267883
1984-09-21 12:00:00,-15.491926444585578,2.0928245502844707,1.4934310299828073,-4.450958028581117,2.594311670713534,5.787998142549937,-2.799913337885825,-0.5299595138945536,-5.767129235695579,-3.5134988495770085,-23.756901155283558,-17.40201496948035,-10.237820958183777,-70.53746510124272,-179.49971692920627,-100.37150900683011,-7.248267280456208,109.28154377199401,149.9811054361649,123.90437890895898,84.3911251011755,66.30118175268979,45.97903347490764,26.95196187338225,17.875795316915923,13.211025727456267,10.252123118752474,17.993595204470733,27.181720122239163,37.12828155038005,43.40233628017688,38.113041595639125,30.156217783484795,20.979616855286356,11.553675131662443,5.777757171780253,1.819532411399427
1984-09-21 13:00:00,-2.796063532689176,-16.052413409848796,-2.6670617359005404,-5.013979770626079,-1.9947595396443025,-0.4810751257465411,3.8912043454682443,1.3742467693865332,-1.5074502929516653,-6.582840372925606,-29.666359621256657,-21.102134386721882,-11.904503933732416,-53.49424033430286,-152.8985553096435,-80.30674332155279,-0.5540136493399742,120.54569961423758,142.10736469769813,107.2770209657206,81.05909220672719,66.74378122546663,43.960856646507025,24.98459605844404,17.50165670364856,11.0320406389003,8.258814451948465,15.15966529919183,22.03933896870475,30.48917424761283,34.88585084219334,30.634502926098893,24.63004996750567,17.58949254552726,9.998301541674289,4.455347792115945,1.1469611074614414
1984-09-21 14:00:00,0.24232604064245242,-0.9424239098969326,-4.926195393140796,-8.727165133830974,5.764345362833558,-3.3174041694371423,4.351361128196995,0.2219017920122657,0.10816502670101533,-4.4139516393107945,-28.1441568650461,-22.322637712665124,-13.295905631305114,-39.20595601905845,-130.11515988246396,-54.64644598973429,14.747746973899313,128.66636729136812,133.83882268157112,91.26495935612218,68.58986631234322,53.26219447890265,30.691974448000604,16.76951758775689,10.744595986651412,6.055145526710416,7.358714577279775,13.383092152845649,17.40493334142819,22.589286379882893,25.45260181863922,23.158954726743595,19.295477926487322,14.41389744719514,9.212965678199584,4.2400860989714735,0.573757613974013
1984-09-21 15:00:00,-7.072136866377952,-13.97756593883298,-21.69127342135625,-12.89068192534418,5.2489413776045115,0.7045206947308364,3.322254750685335,2.4267669803265095,-1.6297299173966748,-2.6523964337945345,-31.673036161369467,-26.76136331941019,-18.906164182423268,-31.806603896683253,-95.99979535513427,-31.39247096660677,38.247938926771035,138.4245932956325,134.26076915494633,83.46312858036772,50.09294805204593,33.43850014832397,16.900127465685145,10.123226103282768,8.148921651454259,6.58910400092511,7.8073000208216845,11.47546512596586,13.950709010052151,19.080548150436826,21.914988766798793,20.46422502112916,17.267386781693705,12.6878945957222,7.823602464787419,3.4116867141275473,1.0209292586861434
1984-09-21 16:00:00,-20.448243417231932,3.6850642832686757,-16.821125989799313,-20.91420782856404,2.4713038959549767,-3.8439590625547435,3.059686546494908,3.8504889736827392,-0.3482433457106848,-2.7425775722682606,-31.544459825256496,-36.02711224588049,-23.672184074121237,-14.051857717954986,-36.139915123624895,8.386641934625352,65.01888399497373,138.8257893902163,129.68130450871638,70.36330073544892,28.196803966473556,18.84175968164743,11.992056875905318,9.260641970849179,8.482745214961191,7.652957636889588,6.827867204627512,7.705845255563132,7.6590685141501735,10.872214566432154,14.04098474110392,15.032078157107865,13.581818118465545,10.517530799022516,7.5556203214821025,3.283650950947935,1.1408882109150924
1984-09-21 17:00:00,-9.217088449237066,-2.157667044577275,-18.22416622978766,-7.5043864464952845,-2.0411982353811315,-2.734150826248316,0.9981230660908816,5.4207069832144805,0.034540795779474734,-1.57318473621623,-21.29108313782396,-38.51277935985569,-26.968457405542132,-8.841466779305204,-4.0644633402766805,25.720072340584185,65.90840343172317,127.87985537431828,130.52213434570683,73.3790236748917,11.53711270765912,7.017438252343806,6.917327023170126,6.170474257199544,6.085279506107993,4.391438067936669,3.1781415746727952,2.9631605823852607,1.946991365004848,3.448982899487464,5.553375408625961,7.570624340350692,7.760943318430437,6.5624148343245245,5.418551429231325,2.1486866487728773,-0.12227462470987648
1984-09-21 18:00:00,-12.206718610731317,-23.107137174772785,10.951954291633465,-2.6803549486135836,1.9330076348338416,-0.6492483139309205,3.0638123210069175,3.5370702838528514,0.17504220412796706,-1.326685485121608,-9.421334620256085,-32.69208338713756,-22.70970978249772,-3.2759850550072382,14.236569438034623,30.05852197361203,58.98085761476733,113.16946870827402,123.25886148949732,64.76714998101478,3.205636836437,-2.5903369121341506,-0.8198230317654223,1.1350731293873553,2.012817146055358,0.5222493333300389,0.5846588172014547,-0.7747069294572445,-3.460476415634385,-1.6557102286587786,0.28997882108938927,1.810878165512666,2.6280034377650225,3.86036301989396,3.6481365021654875,1.347931246168037,0.1957023452354688
1984-09-21 19:00:00,-11.007722159225292,-8.929404523818269,19.903634859465768,-9.715365584053757,-6.968346740577192,-0.12233607380627146,-2.402819744743774,2.10208206847021,-2.6795161025055534,-3.811035134738259,-8.867910556844741,-27.15347159229974,-22.17762961240617,-5.065864803862372,15.494054194605932,31.704713889860923,58.11789824072462,105.38804060875319,112.68281459733817,65.77501125804237,4.193467536556127,-3.805335370729825,-1.7370937017901873,-0.25340460098471645,0.9085563898190814,0.6180246154400605,0.11804001633091461,-2.895826514375139,-5.5281918526846585,-3.4725026717601857,-2.726164167262258,-1.0145667250889765,-0.8809734684695628,1.3814710579556495,2.6346159377988987,1.4370632912038714,1.0813172462809353
1984-09-21 20:00:00,-11.615845820327012,2.7807880543836427,25.128807908992755,-14.348662856310666,-5.945489013183069,-4.197066505289582,2.2764703246817892,-0.41631022483273283,-2.5199893426630124,-4.929240917742639,-5.164189264981144,-15.56577440620554,-14.142576174884606,0.9513195046090965,21.950843511900135,40.37666288770203,66.80579280817615,95.18897374791348,110.01104141194777,57.41784203503236,-8.246188913989087,-13.729834182774129,-6.478670305480471,-4.790013019169702,-2.9608939346438614,-1.8886940235494896,-4.149935662572536,-7.41681585011298,-9.065018003336894,-9.062799782420198,-6.838439376747802,-4.132008447481866,-3.721821738984212,-2.1051919536512793,0.5849186474317987,0.07724605921989422,-0.535253968025103
1984-09-21 21:00:00,-16.543377044308073,13.810380597888473,16.903371454652955,-0.2762908392122453,-0.38530531130010914,-2.852462642128421,-0.7871506212658481,-3.0063879851570605,0.18880337257961768,-12.728477022977668,-9.99943817083508,-15.308696240712615,-15.535551189881293,9.142805492502658,35.52053149468324,63.348118585876755,76.44928374007888,88.1425409694731,84.92800091068015,21.35246481278616,-18.374743157545655,-16.42023294703729,-5.797093406738959,-4.229141993892223,-2.5320068222364647,-0.2808586400622242,-1.8359036279637913,-4.252995494186128,-5.444873940544926,-5.142669272094569,-2.8570952438176893,-1.0254687803656168,-0.6623509851934671,0.10867160199291155,1.893479120570278,1.9094875009664125,2.3274652302146106
1984-09-21 22:00:00,-9.935042403518572,28.06631686666419,17.563191598428773,4.885551144939851,-0.2409693522558745,-6.267742574134905,-3.298409817524077,-0.6107742959704898,9.383039564749149,-14.123209289037291,3.4169675415803202,5.212557129700341,-7.154080086472177,9.794833985337467,25.628952130555863,42.676670592392995,53.625297966644794,91.75236099280646,90.62250642248898,28.616302834078986,-12.047702506871229,-17.521489003206092,-8.688447904457997,-6.596982781624362,-3.3375390291455895,-0.05770188998052752,-0.7939037035098834,-1.7504918174274373,-0.9801331555921602,-0.9051351723375137,-1.216234007427489,-2.1567313859455757,-2.7583198330033154,-2.930094014067725,-1.3627836985262711,-0.5404428339090372,-0.5967521372408889
1984-09-21 23:00:00,-6.421951733219101,20.98465659314416,-9.014023987145167,6.893277910931768,-1.339369037561814,-3.3699475403695813,-8.626603813595562,-0.8143016714678196,2.1565879157156047,-20.33775470072256,-9.38809936626237,-4.692735846579262,-16.492077241476046,8.97712323802912,32.969309847640694,50.880308196341936,57.339953011407005,94.54166287046036,85.4535179035269,35.68860799622807,-6.084781473832136,-17.101335261104186,-12.852194902131293,-7.781625915999075,-1.4955000569895223,5.249901131820766,5.0840826907323935,3.957211740662212,3.529651219491458,2.7915004615337535,2.024088064284463,0.6331200813330199,-0.6641539865639069,-0.9204690769938882,1.6563240958188366,2.899831163863172,2.77222202439328
1984-09-22,-10.355362556027563,-18.988746633276257,3.0751118093803793,7.817695728318396,-1.527776175828081,-0.4821040580588596,0.8251675729913632,0.47727884923485736,2.487775858694426,-12.164748667674791,-9.916519940930067,-5.094238046611057,-17.526378792965055,3.1904193271643244,35.641106916920315,59.15396427885155,62.6822494951558,93.91728234765301,79.22139092892124,38.2677276750479,-1.726290796654715,-16.700732108467403,-12.487521731745236,-5.5886241929266385,2.137163680776125,7.075612387118831,5.562458724667086,5.832766047621254,4.1343950528796185,2.7043310698253533,1.7494666659522418,0.23940411946944376,-1.4788544910275168,-1.6657054700827176,0.4560681148369938,1.2935799278565654,1.280543655456954
1984-09-22 01:00:00,-26.59528530146563,-13.578691227280062,-14.278848940801355,-0.9830863179718616,-11.02141445883413,13.994407042466873,2.6490521983050024,-4.665606735462732,1.6024349240512106,-3.4154521684037285,-8.877388330049913,-7.469393308720234,-17.003891601055123,-1.08919702252627,37.84460745332905,71.48558399952739,75.46574109628358,91.51637292941099,68.00263919260065,36.74658421726654,2.597317706664317,-10.013955759612621,-6.163607690794079,-0.841487203031619,5.721210111914081,7.923773484356013,4.489623989769847,5.112942910674392,2.5163351766951574,0.6237120645788937,0.005550325515275217,-1.071799538165345,-2.630964877030853,-1.2118622890232285,1.0390640272935534,1.5902786109113949,1.5149026313465745
1984-09-22 02:00:00,-29.864587752585003,-13.091201159495471,-8.984852004143411,-3.7300713046324785,0.3499796879165501,9.242281663989887,-2.2077592968905617,-4.288987902540229,-2.5020466067778337,5.532800347286243,-6.603560675206856,-6.107446878792851,-11.607534439928036,2.9824125108106943,36.81073594583844,69.08526047970759,76.17362455444199,80.07651515817022,58.882905118954234,33.908070944746356,5.53341404025528,-5.532805335550165,-2.1297024821684167,1.1895183685949107,5.627242512375773,6.789910152062236,2.7368210073625545,2.662549214549046,-0.29048164412846383,-2.252389482888521,-2.537951110105718,-3.541372846691821,-5.0727237833276515,-2.2655226997292206,0.41476824954145053,0.4396041631215015,-0.021613806311515438
1984-09-22 03:00:00,-35.90477961908962,0.7548345757636787,17.18275630958254,-8.529489345001076,9.177649740532688,0.6260850753918952,-6.9192976462197,-3.2396720375803625,-1.8081850106483568,-0.7270523285388816,-9.292022941719415,-10.008147649908755,-6.561814263880772,5.882517148562824,35.36589795434292,65.46834519899005,77.32324676023866,76.02162102420222,54.83522586924612,30.36153917482654,6.205980137314907,-1.9328191826942545,1.6823365875683525,5.151166820104594,6.57848405479261,6.5389860929266375,4.926810503404365,5.7828788179805946,3.3559252602271408,0.951423819137559,0.5353732073565574,-0.7932894052853713,-2.47050212114913,0.01718226595171036,2.1447273278223866,2.039975198698842,1.9951212995845082
1984-09-22 04:00:00,-0.7536880989972272,1.2515758096670264,9.356631357080207,-9.199183180728092,7.724530593630398,-10.820627688565398,3.845704420369654,-4.414687477580492,-1.1493922300513484,-4.147191181758979,-2.685031064450048,-10.295620201814257,2.3730041373098407,9.97258356817362,30.98499566536794,51.61566380970927,61.15214061886407,65.98492987120738,40.534738189427635,16.33676438515093,5.513581003155203,3.4363704914179953,4.517607436125473,6.057999340897798,4.811755947144093,5.297529321321592,5.829272396483449,7.564767474234637,6.059259432835282,3.107747555710516,2.153501024666963,0.6517474219759031,-1.1680778971947023,0.17860092721253845,1.9976631368270559,1.626225797561117,1.20018504384496
1984-09-22 05:00:00,20.625855915487865,-2.055430645757939,7.834775167367945,-6.545240472515353,-5.673048391370404,-8.455801308346334,9.265439572283196,0.09850007629009307,0.5312864780276306,-4.621201865365242,1.2596833892681292,-11.062007633418354,6.092633179179296,10.058407249036689,27.70441219147005,39.51294372899475,42.03400640689325,49.78478808561227,28.106072524268065,13.227844824687516,7.179273256507576,3.205858894535212,4.793733550431647,5.204560832552662,3.7442921572899786,4.71693192972804,6.16517111082933,7.493368193099426,7.091726395610671,4.752637053598849,2.5214353949391306,0.6864636106462834,-0.7047154455299816,0.3292964864644419,1.9776839296254556,1.3944392843418472,1.029634385266801
1984-09-22 06:00:00,8.599827621467021,3.5908760963102577,16.4787690269265,-9.764823794307334,-10.660414299925499,-0.7682257760145297,6.582584619493698,4.6149612937238755,2.4650380082853363,-5.208022659622849,-1.5504263429374956,-13.566873689334782,3.153333999562933,8.470455577714771,32.12360061157671,41.509414857048725,37.88161416508385,39.62555358614996,20.583648240774828,12.070029740754672,4.964767734287361,2.465749319144963,3.339755920896072,3.505924040094637,3.8663077858775647,5.428631302868048,5.567498880289283,6.124579544296283,6.915382163482022,6.1559192674011864,2.9977023427565572,0.1694434424495629,-1.0668012061442524,0.53014164228142,2.2935838835535747,1.482729976738944,1.197735035906241
1984-09-22 07:00:00,8.60995022076532,-6.401796432675315,24.201538604957054,-4.837082419493009,-6.148803490328064,-4.273211045267021,7.6412931844257495,4.450917945786501,0.7924388683945836,-3.9963402755836404,-1.26369946966319,-10.886004340954653,-2.2315491577749116,8.044199318975751,37.08291794173894,47.51794449319118,39.05111720730067,37.374472459323314,13.78654159681459,9.619569495054073,1.8424990395338225,0.7255338502648815,0.8185728976447832,1.1675105602400568,4.455960219864877,7.309458782030299,6.134367582939471,5.963291246734323,6.585013481885946,7.267296301271286,3.8805560622221837,0.7925017832981881,-0.0809237267202601,1.6444384383910375,2.4972839143382255,1.6265813230368973,1.602879931733172
1984-09-22 08:00:00,5.296335016733189,-8.406791882889351,9.309550295805739,-9.696431522978077,-11.901371522358879,-0.24402016974218813,6.707896686721457,1.7244377988078192,1.1003730029966006,-1.534666140676417,2.978876549125157,-3.9567371375846405,-7.079689543066547,3.75367612453312,33.102327601718464,51.81163888206966,44.2765259711257,42.71771467114441,10.78727087708415,4.429099539170064,1.0759200771383355,-0.6613066422560048,-0.8021014803839607,0.07242723306146627,4.616994399472641,7.540214386277213,6.406768455182996,5.062899146351743,4.996507523169921,6.07504278731375,3.183124557672536,-0.4279043283058565,-0.9733444695920237,1.4540977068864565,1.7428252105077398,0.7772750584764557,0.7412894072848834
1984-09-22 09:00:00,1.2246850403456297,-11.427400771579311,14.430395729143484,-6.767052676302091,-11.487807727638426,0.1564618916462167,6.212820961503298,4.007091123033589,-3.222628157423965,-4.322127244935945,2.473421166698083,-1.749031614742625,-12.728771471935685,5.414871885629473,33.833791775123636,58.20589488092249,52.75491178301445,39.43408031112523,9.001365550596317,1.0248149825559127,2.590659874130205,-0.20672740611467444,-1.1363412713374532,0.5741199020058935,4.4241381231931,5.048279788436121,5.158131348438519,3.2284018862419974,3.2598451310165424,4.884526996530343,2.9893603890584055,-0.46419101937138907,-0.38175843067600124,2.240277829187644,2.562031240064978,1.3202760581921567,1.2812167635291831
1984-09-22 10:00:00,-5.582301199609285,-5.437123117722654,5.214697493543181,-7.691980095537823,-10.880002743478421,8.797197423665015,0.7072037567215351,1.1088122414596535,-1.662466065944676,-1.650042469644791,-1.3247796562741359,1.6303535952575634,-10.353074346407153,7.260508954743355,35.776366742008626,55.50764532344002,48.99926424544857,31.124330852204427,1.2245509260211331,0.8542537409731971,3.34122996384966,1.8414111364950865,-0.11819704655016394,0.20822826845477868,1.4469439508784434,2.1907027613155545,3.2768631789285356,1.9755593048131672,3.1745405022490205,5.802419856371534,4.7103259174030265,2.329960620365157,2.0665802662989172,3.7765390421234044,4.396672325072827,3.0389831070604143,2.9734743204748417
1984-09-22 11:00:00,-0.5802412382468816,-1.8034999167339156,0.6522612663371233,-7.802513090111487,1.1872815778492896,8.8469688866302,0.7200616386481071,0.7840036228163046,0.8762689650940217,3.9520270093160335,0.6207151892950846,11.561141855996134,1.0522603019755083,9.049809551392453,33.984705462134684,43.818776892864875,31.53122535267419,18.830643492670966,-1.1869564297628914,2.6776105873565768,9.458779723698353,4.7966687073857575,1.0652659667092241,-0.26261188624145143,-1.8729630623510218,-0.2841080108441394,1.216541688869239,-0.02095793160931547,1.8715700497899594,3.0589093124843405,0.29160846084495673,-1.7048959387281315,-0.6616448498776052,1.2613090528824011,2.063369321059217,0.921495104032971,0.7841780296643549
1984-09-22 12:00:00,-7.394622709359557,5.907224960925788,-2.7370155449392546,3.995601245721532,10.650082792616526,-7.653030641945843,3.6836941623431065,-1.2855736764352965,-5.348507297822923,-1.890568578576358,-1.5756361312616123,5.624519201843975,1.5131913570620588,16.79902405020619,51.74941861090066,66.22828607939611,53.02020038438584,24.95548696385716,-6.475434572539147,2.66306612526829,3.1663274347483883,3.1965235452364524,0.83986650254756,-0.02889097473065134,-1.9527209970425978,1.9453033075642923,2.001718819176651,0.6606343349119871,3.206766236267348,4.748620157992046,2.491600082701597,0.8802509339943663,2.9737215038884393,5.153484356999619,5.542175455638478,3.209007291299099,2.7698323475472577
1984-09-22 13:00:00,-6.7978814060130865,4.420652841639541,-14.125918743393838,-10.111658307707874,8.235626401842453,1.640016279028452,-0.7296731566954664,-1.2359022963167672,-6.29245848531976,-2.1107307074925856,0.928706716015118,10.120096455353641,12.786591235614791,13.840506453440286,41.79393739834103,60.15513851432276,54.03787882796207,27.33908328291887,-7.918341586794763,1.5298845152164509,1.3969850765868503,2.105476898645328,0.5997989478725627,0.6827936256879927,-1.1542094973961456,1.3238016700530122,-0.8286106521545132,-1.3461310406929334,0.04515319163804948,1.3998833199439573,-1.4634325355432796,-3.4532370353096327,-0.13770923309251779,3.051835013046406,3.5450396788084078,1.2263114277177258,0.5654913523928555
1984-09-22 14:00:00,-2.3359494793001137,6.690195984827064,-11.543475033239952,-2.0683616204182185,2.561581549769031,4.065406957203219,-1.4132165445262272,0.8355653510288166,-5.243113704632612,2.0958605441949496,-0.6746576671230973,12.41033839890081,24.603500208917467,12.18851375622191,29.245968392559664,54.327112571644214,59.4202010702701,26.610691747720548,-9.787573170237126,-0.9624596421819464,-0.17669731026416893,0.044171083044124045,-0.41405737925191877,0.2737894142829,0.498952255910085,1.4115113010572033,-0.06278157239155792,-0.9024574615635411,-0.12030391913743524,1.9045740016300003,-1.5018655040761024,-3.3048136842301687,0.07196747572604904,2.8066055236777263,3.1419418119696982,0.8679189060560186,0.3059771907121827
1984-09-22 15:00:00,-6.886107863294516,18.491211349259796,-4.184554037722795,1.0016347730435309,5.610113957195004,0.1812193371620926,-0.8876787431649418,0.04987511111071881,-3.70199710775367,2.155378789203398,-4.055798575526644,9.05443791856646,27.63505879144113,10.476607792254335,20.09499260143787,52.76172790278329,69.06689935114431,22.396808433417696,-11.163100207920541,-4.046933814801483,-3.156526854708839,-2.4514888109471844,-1.782733354734868,-1.5015656599665257,1.3362264105176027,1.0584955088396693,0.7985125779480683,-0.2688033633356349,0.5672632957887538,3.4337585237008392,0.9740033441602516,-0.5744242592280414,2.118312687267792,4.342032872546007,4.653350092090551,2.4283903745949225,2.095318079278676
1984-09-22 16:00:00,-4.879641022213148,15.447098076603105,-7.36785273498365,3.517776645873052,3.3204100925526103,2.739212254511545,-1.9533694333181117,-0.10907090684356822,2.0148405928589392,0.28851530015166427,-2.6549760336753376,9.181067229276982,24.414484426023282,0.5505366754372821,4.289943568514239,38.0181357183579,61.967918137779336,14.301110298267014,-10.104037091730184,-2.776526838941715,-2.101222698464962,-2.626819933444211,-3.108457151721097,-3.649506448186961,0.11113396154242572,-0.2888447096831436,-0.6176837778658488,-1.8022526821748441,-1.4690594500679226,1.179508120413389,-0.2511609922699829,-1.9949582080741184,0.2655347217555145,2.673192818806639,3.144178733277921,1.1741195563771036,0.7972587792744663
1984-09-22 17:00:00,-2.432553848382745,5.193091254737157,-7.100484226074137,2.3859633411364722,3.9352573376082653,6.0503582382005465,-2.387632482400267,1.4554180628493019,2.7715419005350665,-3.6589776135849275,-0.1746793376404833,0.6258656883704811,17.90201503022584,-3.485151085942755,-3.6590617853983787,29.559001186404835,55.4532397292038,8.503197734050094,-11.748838207827877,-2.0786294360199733,-2.5505705644402443,-3.0823688266050824,-4.60341235062048,-4.122112754182353,-0.3555067579844884,-0.36896616502556356,-1.6112141896555612,-2.6619360896352036,-2.0330905588613066,0.282375124061721,-0.5364775474920098,-2.8796031894224328,-1.6817925110276943,1.429545083771897,2.5504829451664146,0.7028098923521494,0.29403568169240246
1984-09-22 18:00:00,-7.224578758587682,-13.669240684303109,19.071112720084557,-11.273990000745227,4.211774406393173,1.3320433113001053,-0.7853501089453206,-1.1999315412393332,0.5864040922204802,-5.231861165905981,1.239787165824996,-11.491216855757845,8.033899875345162,0.5686116949093332,-0.3655668053665088,27.237551435831914,49.62855937661458,2.804485464795896,-10.346163189568411,-2.0586252364942528,-2.4374383231735157,-2.378473436379724,-4.147104664327501,-2.4335349720719655,-0.3654186386380706,-0.6402408508229129,-2.0877410678148833,-2.431735411202543,-1.306044804084851,1.0264389428738294,0.857663818153686,-1.8386950685060113,-1.8928439594335378,1.6931759512587017,3.1599229608811696,1.1754002027965778,0.997435142799355
1984-09-22 19:00:00,-6.30203128290351,-10.365454125149965,-6.493222065297115,-12.811992826500774,-1.4006041912065523,-0.5404777707290628,-3.177602090981179,-4.732299685339126,2.2204712551764767,-0.3783963657514732,1.7158991847554865,-14.793704764283468,1.9062864320080581,4.22124601045152,2.438856553668352,20.052672826936305,36.768115553488684,0.27115694627250286,-6.137721255939769,-1.5253851093861142,-0.6518536647059601,-1.2009897494617758,-2.941254164802307,0.0035880611117534117,-0.648392188521016,-0.6631446449609363,-1.4034303250714142,-1.2280242932275776,-0.47500931570938965,1.1302498787283757,1.1412568469928726,-1.7286491086597928,-2.462265434423413,1.3063984714937062,2.70516946518301,0.6804493122559517,0.6699224210356376
1984-09-22 20:00:00,-5.2506435987268985,-17.863097477505246,-11.877956789944236,-17.976471994970048,0.7502805406972375,-5.480841955124951,-8.529577496471362,-1.9676366356965345,3.6504621646458673,1.20525480175116,2.2767314825053866,-14.985635652617695,1.380784541201916,9.823054219408812,5.504648435808944,16.103319201731832,28.876592113993315,1.0614034211323546,-4.156765094347245,-1.2707226588311524,0.15895713996189761,0.00479070856242428,-1.522215834698505,1.5393414936354355,0.3188941443021751,0.9558789776638013,-0.24323526208976173,0.8949988391013816,1.4345438188017774,1.8685209214995386,2.4688910669620032,0.004580627579962176,-1.0978380271936745,1.8239479457500385,2.8393318742758726,0.8000990341233611,0.7169893261434617
1984-09-22 21:00:00,9.704617507360053,-32.755592854162785,-36.02317104602868,-5.4125215214026134,-1.7710045150113676,-4.57598915603659,-3.379026623033765,-0.4422822924107623,3.110497873617327,1.1222932525897158,0.8354696140797161,-8.547923603463117,1.5678453479031482,9.343297891655743,5.2625971496235495,11.21073652909981,21.13844596975812,1.689266289397973,-2.8190258334024105,-1.2656452340548472,-0.6782165417975613,0.6912671518011969,0.2230351872149457,1.7771751095864403,1.2438161866538855,1.2033083554630302,-0.7294976248349982,1.02336234730259,2.514394563743983,3.9004504234964763,4.2350785215006,1.6745336821624317,1.0056948186293588,2.7694129603200204,3.0856490636598557,0.8222260453647156,0.5773042726482557
1984-09-22 22:00:00,4.185661502262361,-25.755154344485014,-28.638436787024336,-3.4355352637203627,-4.213635474907646,0.5073626624391679,2.930856350559235,0.4136906212998586,-0.32683053498238535,1.002591242556356,-0.08380997429769008,-2.1319173841078283,-2.228273449455641,4.4760682106237,5.904125679698176,9.379111762952425,18.793176242793063,1.6216913995744142,-3.3069840760213514,-1.0305307680524438,-0.962375754339673,0.3198967433719826,1.2323714505498198,2.4184043987639248,1.263807773604064,1.040742420512279,-0.48182980176195356,1.0960679731532113,4.511684662055779,6.795351841652568,5.906504123564388,4.124895400797873,3.172958380334978,3.513449080933452,3.283103468065361,1.4082250958985651,1.1644799521834621
1984-09-22 23:00:00,-22.09112723437809,-3.216107076663644,-5.239958521355559,-1.2115197787660161,-8.244788207350506,2.71714306254356,2.527547612180378,-1.7020186484334912,-1.495234306528873,2.1941155848480447,-2.236944572184153,-0.9357935815144101,-2.2070865511600304,3.8693264338665925,7.342617258298962,8.243380812593127,14.6137849330744,1.6742363234511932,1.0406144950147973,4.855161021936469,2.2452073632999103,2.349992106106732,3.360198569327201,4.603711151793688,1.0333671055085583,1.2606241956470758,-0.06772196277103745,1.3817842557367483,5.079798311322732,6.945083190304614,5.2517275352581505,3.3760340348304023,2.8567309952867985,3.019167918247162,2.6423022635866555,0.8017531727251327,0.546542513563793
1984-09-23,-32.40548340053858,36.71489326893683,38.543917764080184,-1.644726847593203,-3.2030741486100447,4.603496179732702,-3.3055545706642118,-4.587027329437774,0.5850483156094833,-0.3966980173197634,-1.7799574962406612,-4.856232028798495,-1.5299349261511912,6.179886097482689,10.131289060040771,9.16960696331012,13.976982972793275,3.0007999565202135,3.895149788258776,10.540055762376948,6.927894033122006,5.131026421448741,5.104719489437214,5.362052569866635,1.599219177999191,1.9645710809256578,2.0017615561492934,2.13658090950901,5.186069933846687,5.4789806924481175,4.019650360080658,1.988895408994387,1.637448963136908,2.6507253829882917,2.4170503255906257,0.811137226581559,0.7616682255579563
1984-09-23 01:00:00,-9.936490767360473,1.5405946145552294,17.610118751332564,-3.5465988509021016,-2.420086951415344,-0.3872552146869837,-3.316357730874802,-7.0915315597829744,-0.5448228319394669,-2.5507021704879187,-2.673437420055748,-5.952261300008465,4.881614547532349,10.768860102696566,11.303067733644223,10.862315747977188,13.604795741253456,6.594187312697878,5.388224105362531,13.023127392699157,11.824705203945607,9.338026885549606,8.360424431047209,7.0991770237727065,2.357149648436914,2.119375342854596,5.86141684941015,4.553975688162786,5.379520973525956,4.449302548294197,3.931856180666463,1.142356860719626,1.9648669364377804,4.010426483400478,3.61585260294786,1.7766845654664554,1.746082362976567
1984-09-23 02:00:00,-14.088748664983335,-5.880147421789776,20.761428868946933,-7.227547247603151,-1.4389296171817014,-2.8546095350695873,-0.8841543476878542,-4.495986113615772,-0.5707856497973283,-0.668695985816016,-0.5629429658098267,-3.6840742338937273,7.8493927016311416,11.052568043329657,7.494250932269301,7.339499479952845,8.038835075097458,7.963601337572318,4.21093434194499,12.91652690508334,12.781072671660144,10.319168316589478,8.501350651663868,6.549414396879202,2.006921957778479,1.5103390132440395,5.736554024120848,5.105057180459768,5.297355298026561,5.341713464551385,3.870078002974927,-0.17024074083625187,0.41604551717476584,3.139273491780386,2.48419554671323,0.4548072897309754,0.5547468928693041
1984-09-23 03:00:00,-8.185327519438673,-8.665925040439642,42.398192990559075,-4.251010949566548,12.098001847735162,-5.603015727125433,-2.588085348711684,-2.6752127198969564,-0.7746928848845832,0.33285012777924583,0.0962690478629987,-1.6161318725077507,9.977819653696896,13.579197991160452,6.344393044219139,6.0262735562044405,4.805652499385508,6.5038335679435235,-0.6162500570028416,8.830146198291205,8.974556818100782,7.894735476709441,7.021590189864264,5.177753310940782,1.3983564770135355,1.9305856469992646,4.0529432577821,5.125992970283557,7.598016104522253,8.346245593610629,4.162732580142604,0.6738222676663745,1.3643952038107485,3.864900275121027,3.301990473099575,0.8753871092399905,0.9264318657303876
1984-09-23 04:00:00,10.50100460058436,1.4604962024355013,16.412602923257726,-5.284471988263065,13.083012845164577,-7.362500128584356,0.8346032480226081,0.10958708955024096,-1.6992381675855193,-1.9123726320128638,1.3804888406564055,-0.3155529194557572,8.761747358272245,14.136600626265983,7.283993491131498,4.866918867745775,3.6242531764458277,4.301939911057656,-3.719289282432559,3.4764561380715397,4.477464294067447,4.167197570289778,3.732666740619693,3.011815339955259,0.5429046300757666,2.5487765856788203,3.547865200114968,4.881913206587083,8.06880509235496,9.979508585649661,4.924148055178374,1.2475434923887352,2.012694446800196,4.644419322291137,4.857123265887899,1.9064259424336014,1.4447367069102273
1984-09-23 05:00:00,1.4619709312623017,2.7288186706831383,3.2966634161521067,-7.859026946285721,-2.397242310346437,0.17770241626738095,-0.31308945704753505,2.757334079242228,-3.460037557141843,-3.304897917230208,3.610513284044407,0.9449958751821769,6.682582970891858,10.369487256022571,7.776942194194323,1.105240917848763,-1.099962533113034,0.9667915831430934,-2.174949275806914,3.1641090301646675,2.115269558137662,0.6051427751631636,-0.08519641141531017,0.20096641725726566,-0.4338530393212338,2.4764728936092975,3.961251558316901,5.29789547261903,6.657216493010762,9.48738308104038,4.832046374743879,0.12841458039191245,0.8140268714070354,3.8089983711683297,4.33452329277764,1.1768496806156021,0.5819055900482245
1984-09-23 06:00:00,-10.229883053254468,-8.627363628286162,-3.767873399434289,-6.715316860233854,-8.735876134524785,-1.2761113347328898,-1.9121190128327517,1.3939600625198532,-7.150272375194787,-0.4645198895615514,2.2541862478199857,0.5394157849190815,3.200739401105855,6.683340940794928,9.079030696027607,0.9316098322570749,-3.325662537177818,0.7248526928341258,-1.2680922094921814,8.722976582717628,2.803264297340233,-0.24721329686791732,-0.959576443278743,0.24593066049074538,0.2555362226025762,2.050659036960186,4.39345561407024,5.7823868136677445,7.25162658634457,9.274612278608014,4.736445175540324,0.4919834496197146,0.8941438625010484,4.112461052269335,4.891998166255274,1.5100113198870206,0.9671337345249518
1984-09-23 07:00:00,-11.431139842349035,-12.678412692227624,-15.067885010510052,-10.635554093826185,-9.31556596225356,-6.218736141515196,-0.09233701523221284,-2.1052606245775656,-5.173218604987501,2.25610624223305,0.5749471378011256,0.05329084038191688,0.028493093785806962,5.205675558828135,10.619449898885316,3.7225656650884935,-1.9580866611038945,1.3531486088622502,-1.8221767091615053,13.08509100368694,5.594211438078633,2.1141976464316117,0.6831771516806021,1.9543870038524163,2.823633480791111,2.2983282384893133,5.324837763137643,6.18555756435942,8.321430924301062,9.217186676037388,4.1027130928075195,0.2995678956725234,1.058483197389853,4.420372902392014,5.648379274096526,2.1258852128137433,1.4772345420498612
1984-09-23 08:00:00,-11.363757843577867,-22.611651141737813,-28.145699518927742,-8.062702190282259,-14.200070765412296,-12.883981600228125,7.321584842263059,-2.3216767892735906,-1.4696691541832,2.967034703746767,2.045596479785294,-2.001892503089087,-2.0065215601897672,2.749090219266384,7.682837402674271,2.96650840050938,-2.6957437730642897,-0.017294316043522804,0.4940023079152848,10.890205149365624,6.291584991500188,3.945320487967008,2.1887015391821407,2.891369977911415,4.405780505794894,3.9149402503728306,7.2804680966127595,7.428260663749423,8.766867961003092,9.554869153473357,3.2209218702629485,-0.24937198811478448,0.11564692288802456,2.7709807744568216,3.5873143648252643,0.4459775393893522,0.3125505189053056
1984-09-23 09:00:00,-4.907816928271859,-41.01959726493493,-41.68579146855976,-18.761880068250886,-16.28345322451452,-15.877759187527671,5.4941446677635355,1.7263312905152393,-0.102905143987822,2.5571158506789704,0.7118700273589847,-2.2773496293168782,-1.1996597639448017,0.6399241698232909,4.873536566816253,4.32517821581514,-0.9856339020420868,0.3213284810065863,4.311120510002819,6.703689319248165,4.752463250621579,4.654674440485978,3.380739710174046,4.166703559971816,5.3028090817312705,5.533767536314217,9.757194815585121,9.436750883459318,9.711086796450621,10.82068003027868,3.6456491295989837,0.09608411917208744,1.3577879278514824,4.338392829801115,5.042921305531035,1.0527988112481315,0.5939526760772046
1984-09-23 10:00:00,-3.907923132417689,-18.685043637349512,-24.17845103692372,-24.280605179585134,-14.848340418199633,-14.276089231649276,-0.8803349494187648,5.356614655680005,-0.7403559849141225,0.5578986462178305,-3.333933822175713,-0.02640645645096951,1.8166192494588036,0.5265476866212623,1.0701427286992473,6.270130129802536,1.266784389107095,0.8740742199564154,3.6705396943200443,1.7164481901811564,2.625611152312571,5.184742367537676,4.903576826761963,5.7272159353888314,5.694995092933224,5.483195221801368,9.070686194021077,8.225844405655323,7.6475102164003115,7.055381194155578,0.7625707044263295,-2.22140040498509,2.0719702793427164,6.7685239375594985,8.309994559807278,3.583961833197983,2.271150635110874
1984-09-23 11:00:00,-0.03774920116324423,-7.9159143403344085,7.806081504134558,-25.367932127415653,-12.578842559075683,-15.071139151192877,-13.19748285778123,1.380588934468466,0.8325440311993532,-1.1110101289963776,-5.403712847937634,0.9961596885551951,1.4682322447378249,-1.8542605709625861,-1.1041391038397594,7.768067530757823,2.7904251344424726,0.3664747397079974,4.9265455585667794,4.106099798137222,4.701159620789807,6.305153096123683,4.733240472455165,4.027561188885722,4.139987079935352,4.936128399008863,5.7673174608228015,3.4758592254937324,2.854415520249599,2.0327133633131647,-4.051016272223217,-6.621708637561318,-0.9329167924826169,3.7802596870320024,5.550771000860715,1.5582681555429163,0.7998612482522854
1984-09-23 12:00:00,4.960106717339774,-9.76135307029857,1.9986176799911262,-44.98833641947915,-12.389724454119191,-14.40733768126072,-12.52034973001436,-2.7943394248610174,2.6461089130717026,-1.3833358140188856,-5.61389378992487,1.4632780531976826,0.3149501460211269,-2.336055421177043,-2.604624676603459,6.496019840706443,4.440084006137123,-0.9038015991857138,4.22889540674141,4.739254449488304,6.092863853036585,6.802963415461914,4.774176723469942,2.4243555011413123,1.6411510462421186,3.9009351996978405,2.221949063212921,-0.43561766140415215,-1.1590470858192514,-1.8195810428980146,-7.05051150271272,-8.68659697377297,-2.6277315524559746,2.360153877087008,4.787680204724336,0.6970867288237595,-0.16026377070669445
1984-09-23 13:00:00,1.4412710625011005,-5.071355884410315,-22.586206320717427,-43.4937132715704,-31.215447423021644,-6.837030038231338,3.2076451345627617,-0.3808349233497809,1.0517833498340625,-1.917082855799735,-6.4921480027967675,4.067382590628183,2.0791822583143165,1.2986997752747265,-1.3904264588822477,5.627156009957139,8.595841544051417,0.6094276437726273,5.475100364904454,6.057044727313584,7.660752146985024,7.504389632217416,6.05528531964223,2.5009706436347496,1.7095781207504062,3.4681788508081643,2.0514421526290194,0.7722583891266642,0.14242325177467194,-0.29224808489017284,-4.096220227357709,-3.8361336633713328,1.3191160053646267,5.762358182943478,8.187921605572102,2.9694816807887947,1.4518322600693423
1984-09-23 14:00:00,1.0360712563099772,-33.26024024967018,-35.95677698583334,-55.44179252165092,-35.156119332765414,18.048279576503646,11.854145965795198,4.388666142580889,-1.5697316336228793,-1.9930489633120492,-4.594694112937639,3.3389342031292126,1.7093124638763708,1.5917180333314698,-2.7275540992618605,1.8919823604819148,7.873490300503706,1.9256830674584386,3.746718488741505,3.8716749558616796,5.074329511657853,4.833530050863405,5.241317516369306,2.1302212585710274,1.1905519160757825,1.7843059992921393,1.203549508154166,0.5670350259797361,-0.18000968110376478,-0.17002615447521063,-3.4770449223975226,-3.0534063920135637,1.0049849945045366,4.783300305909369,6.722494011180431,1.770187734240815,0.4397085792604337
1984-09-23 15:00:00,-1.9180326901602498,-4.673955701911798,-37.8426748082106,-24.650998688383304,-32.672723134389535,20.927836063917727,13.08665018185037,3.896870868279735,-1.190153351989668,-1.5771011226138079,-3.9757211494028293,4.242999139840741,2.776041843106933,1.8637642587701417,-2.027957679011112,-0.08782393455874492,5.40932001715245,3.353522581711598,4.197150629067808,2.7830057788717966,2.19396116954945,3.3605531353082903,6.195571996343275,4.347714703479275,2.337819253619889,1.5817451239400502,2.633582472011854,1.9203776834730744,1.4442044574478377,0.9945688232598464,-2.1990694718505828,-0.3085717703326329,3.8639676597393637,7.504056523640445,9.771879632620008,3.8556910626797416,1.7371058497723606
1984-09-23 16:00:00,-0.09513522329008121,-1.3508391137360412,-64.5090839179541,-33.622313604667816,-20.589352965221323,12.542652372956956,7.592838501044988,7.911561524556295,0.6118943852356601,1.8090069194733367,-3.4154525492052943,4.185450389011757,1.8222035359595852,0.012821419852812066,-3.189600680631844,-1.7246519994404486,1.8498430367289203,2.307042387602928,3.278150512752508,1.416137279432556,-1.3028640619524539,1.0634242514694345,6.682124284183982,5.751239774602367,4.138806007914995,2.2098949137071764,1.9185301904673824,0.8435656545394427,-0.3105428164625056,-1.3794278198161667,-4.045506952382088,-1.6258935459602277,2.126170912545233,5.624678517074451,7.772608157795065,2.345898009753923,0.39391208452234405
1984-09-23 17:00:00,-2.6923881982547044,-4.836152263292487,-47.625491137201756,-25.878962793588048,-27.36829739313291,23.45252023897988,-7.601624482990788,6.4996700197441974,1.7235268587848465,2.162640890010896,-3.4026353031230063,3.865858889049899,2.477904544499489,0.6893812673982985,-2.1034863900229928,-2.9579006742981417,-1.6515755545046638,1.5600490429146703,2.8067119197881674,1.2991111618999764,-2.6105622386894773,0.2865017798501536,7.150480023645518,6.563825614621551,5.51708854405654,2.941182675343292,2.2884135418905727,1.6215875760402418,-0.7196841132279034,-3.0149183808942603,-4.62256206258584,-1.869969271474689,2.2859616331143564,5.82965439093938,8.039641101997287,2.9660333474277483,1.0462307878215305
1984-09-23 18:00:00,-4.25936807914777,-14.310697414683062,-44.15708971107058,-39.921160030421255,-29.608130137907,16.560933054124167,-19.01374517622166,-0.27676013554687773,2.8175772877624152,0.012751444674850797,-1.6144516085118188,2.4332914542983843,2.6085405558367243,0.6189793633268557,-0.9744305094356334,-5.2549517199044935,-4.207946426415454,1.168224875719506,2.681188732544181,0.9738401216483167,-2.372534491660589,-0.5428593492232793,5.067900882760858,4.68536117566563,4.308214326936312,1.7957709909284802,1.501499517982463,0.29888837826543924,-3.5967178458124196,-6.5797088843976415,-7.369384853001546,-4.001447928645468,0.8247763169030837,3.7842439409418542,6.1291412812943795,2.0292955732004345,0.45223098355130353
1984-09-23 19:00:00,-4.500870230976946,-12.944536070988907,-35.32924112017287,-37.819672988610606,-36.86153701987726,19.653959339691653,-22.811441897863798,-9.798324572171381,2.9691106076812472,-1.8219677426953191,-0.002520559485678428,2.084761407131335,1.8044410913456854,0.7744853747144984,0.6276966399600887,-6.128986949203159,-6.057463601730747,1.6496547359741922,4.90720400793648,2.839461421966792,0.9931566051880745,1.874366139384205,5.1634746205729565,3.844833418911381,3.4946664542020405,0.8167132336464344,0.7952979600975985,-1.5325916739629992,-6.3081089188176245,-9.278871929266943,-9.151132201422406,-4.933524143007389,0.3555994704288296,3.175101560514887,5.335009705608127,1.5156415724590864,0.13802829010414439
1984-09-23 20:00:00,-3.982433684252918,-1.4652895218794808,-27.298873692466596,-34.29379787733135,-31.257817806715185,11.308665572077944,-23.30197048443458,-22.15033104604978,-0.647543990457705,-1.2460917207794873,0.8115239007736352,3.3080920966300207,1.6363102001813479,0.6936278257655291,0.446252176499839,-6.341812142293643,-7.7310477160868585,2.009554600577461,8.43486682443958,8.956556165606983,6.981757610344208,7.316428945185986,7.133511270119526,4.822869495781509,4.7553263781814845,2.2269443596588805,1.3406391186386093,-1.3197785568153004,-6.009898312684537,-8.676829380309485,-8.905935947724995,-4.879978447364679,0.12154863660991805,2.812823520440879,4.734392524357461,1.054734837440114,-0.2625700972473993
1984-09-23 21:00:00,-4.406791609871119,7.904126318610288,-36.52258937846041,-33.16160606705563,-36.02619286203725,7.144654049894803,-23.45668857102418,-27.333718580177404,-4.212024029920633,0.6077410811361154,-0.010798751269692132,3.5501737482602147,2.5259424083889344,0.6451028260861985,0.26067599081056103,-4.669425156626341,-6.677918777159507,2.548203397217716,11.215586080618868,15.491444888306141,12.637733345577724,13.827843911100278,11.133696866151993,7.622650104883399,7.21479733031919,5.003396525382189,2.9844088316223742,0.41540618795723655,-4.07814388375614,-5.963812359212879,-6.183099177378623,-2.401799113563143,1.474824913681007,3.493339685078293,5.575408358087667,1.634831315855387,-0.08459809409208385
1984-09-23 22:00:00,-0.8868526020345203,21.638937891229105,-29.99086164165992,-35.418902505633774,-34.066018346445404,3.394880714279302,-19.559273373757836,-28.59830683787436,-2.1324104572755798,0.3777087888965339,0.08515401466544241,3.419631368863386,3.2029912320549196,1.0121027858726854,-0.23564377179542909,-2.030485639210303,-6.003692965883474,3.25665832753794,14.21791237506832,21.115421386780863,15.401034266796934,16.94201134805971,14.913225271744768,9.916993674421137,8.382477959848567,6.872179282749598,5.304301620947168,3.603437330025164,-0.26415454849269265,-1.1226149740640998,-1.4300500428864842,0.8163331430076383,3.1090695556811565,4.824984994689578,5.912573559085859,2.2458214411832245,0.1346310036433605
1984-09-23 23:00:00,-2.5656246371128906,37.39190504753028,-17.82931136943864,-30.464776482681405,-33.012541844609956,0.4493374431242764,-18.888975882760793,-27.992986967257558,-1.3233959621882576,0.3575667502062525,0.15076962313684564,2.1390177596439677,2.499983875872715,0.35413601598009725,-0.7696444132301782,3.012715270592401,-1.3667727770080156,3.3521886086926043,14.478448323743082,21.122127020469645,14.593682237322064,15.116732859069776,12.090462482601195,7.8695764559022505,4.906575619674607,2.5596463087081838,1.8617748821185904,1.4976389206157765,-2.9557970922173835,-4.935407480923795,-3.0530531650858355,-1.3278845848827943,-0.4142525175002278,0.9013334524179931,1.0884219691250798,0.10931687228835087,-0.8418215207175784
1984-09-24,-5.462298982336983,22.088572172332817,-14.198752898081855,-32.37475397029258,-35.51192357671913,0.7922511563421919,-13.928780625728676,-25.84051508335812,-4.972397948291949,0.5852871660029473,0.2841163830473764,1.3713015706612548,2.8601352234396193,1.6910296132941083,0.13881478946536133,2.760265752102568,0.6109187261184186,3.370943077062342,16.23834103028306,22.538131762590975,13.24036189912669,11.41482641629581,8.792641317933061,6.460808186278671,2.495603011876165,-1.208639684928755,0.05452660715529911,0.5416263615482495,-3.569573476057475,-6.421580226176236,-2.9988792322143993,-1.2947974359981138,0.18891880921706025,1.1107038664310716,0.21505849374604488,-0.559485495634082,-1.1370319012888745
1984-09-24 01:00:00,-5.453900593612798,7.9884098300237785,-3.6205774414754814,-23.982247340692407,-29.74732772532058,-2.4015152505053288,-18.41229702391319,-28.65252213860055,-9.373168941416598,0.9987635960802225,0.6846335572679876,3.5696835779579774,4.380530145546619,4.410778244514895,1.8052350431703492,-1.5579892593522053,-2.97107935023686,2.7437158516927593,18.613667646419163,27.240287567506854,15.609118395681435,10.502095944289188,8.173714919925352,7.218606292346337,2.4946083889365167,-1.4811237837459634,-0.2375410393070718,-0.8812443717316378,-5.489943173715016,-8.172050552265956,-4.297529922170043,0.4825574144201204,4.542058862637611,6.293713019184313,6.728195084216406,4.770942754732619,2.427351414402651
1984-09-24 02:00:00,-7.504806346363041,0.9895891196179268,-6.959855607657945,-30.731070336827898,-29.14870719456177,-11.684927791147448,-6.505023017911796,-11.122510892540275,-6.470861043868401,0.8860621397338777,0.43106030532215744,2.5974492616113927,2.6909120865625398,2.78299923997581,1.251933966209333,-0.3141095916899428,-1.3875709529011089,1.6195854666659888,15.044233502639043,22.63523039961213,11.067844411501008,5.330265031143155,3.4527835451949884,4.152023989237592,-0.2428223652752196,-5.410227695376823,-2.6386574027796534,-3.0160558289707717,-8.57824918836826,-11.057721509140826,-8.886375019785987,-3.848592922111251,-0.43264691839550723,0.5810150278743126,-2.4293392556623052,-2.8169100268521574,-2.1528727241280814
1984-09-24 03:00:00,-0.8749164222406782,7.574762870819916,-11.634414700664433,-12.097202270889229,-20.12065102485866,-5.3404794737938435,-13.916127588864367,-8.672395498655286,-5.9424621396751895,0.24835963882999937,0.2832449513712672,2.7833903760548786,4.945233203417321,3.2980012966304098,1.6181326879652098,-0.9485826514336673,-1.4679315939116404,3.2984211017730645,15.158771299977365,20.983271019758412,13.832249680623224,8.887132630866956,5.99395215368426,7.546294437178051,5.664834919098434,-0.5730068316160075,-0.050770559035640116,-0.6647970314766312,-5.766279415314619,-8.083280989872875,-7.337273698116835,-1.0637356599786023,4.06197191682851,7.0592061655740626,2.991806723754426,0.3609050552872524,-0.5454985328716855
1984-09-24 04:00:00,-5.262122838153056,2.240035009826473,-12.305091377269441,-3.2281220345482287,-18.274914689941927,-7.5364921336871795,-13.490788659811178,-9.86749198040923,-5.68444862514245,1.8880193099897407,-0.5304293320580695,1.224377687276442,5.058478171613826,4.598110785348777,2.8069305340026665,1.0526754476865505,1.2189422754379036,6.032227502433655,13.972478141490805,17.653088309257356,13.820281115479334,10.521906065922433,8.618991498392832,11.015084999284843,10.308111545424067,4.015506855029978,1.623858725575365,0.3131989051538156,-4.711389857584826,-6.169097974583852,-5.077438946868055,0.03207893365472593,5.222119451942149,8.599523907705002,4.771043356452188,2.1058901971252615,0.646630670407097
1984-09-24 05:00:00,1.2743372103496164,-2.929902581535247,-3.2546090115820685,7.86119291852674,-19.763393637472305,-3.9652408343265426,-10.073457937415538,-14.701057290271068,-7.43829165795109,2.4527190613637275,-0.2304037017910899,1.256071414880102,4.1637507799761675,5.215068622698678,3.2497228088581833,1.7361958212580197,1.5579542343784278,6.018398430616464,10.444012064069184,12.353642918232294,9.861212146138548,9.396604961809855,9.1205401854445,10.212770040168584,9.556154510988913,4.977005577077993,2.7713032219348483,1.8060230818420826,-1.6810030657278512,-1.8107035495610886,0.9635920565166494,4.590391289842477,7.8009932848497785,7.9230405924647735,4.952690638942433,1.551116133271369,0.15310014806107577
1984-09-24 06:00:00,-0.24335112055956903,-11.055955211509836,-11.592921357641776,0.8417943404267106,-17.283098031334315,-6.773126243845348,-11.030776979209893,-11.578735821889596,-3.122922837444945,1.7996222688283527,0.21372678974019282,0.650110918012546,2.2802080029559066,4.446577402749423,5.587369582060809,6.631624777599197,7.3918366297599105,9.608738096741892,8.14603145438231,7.549715594138794,5.553429577225738,5.631830070045986,6.489282522977579,6.004122982408009,1.9223510316804562,0.2587001152835753,0.6443355657989531,0.37672996517314644,0.271441349085114,0.3417143690522819,2.9975515570958526,5.428255080289876,4.302684435276398,4.874789444702236,5.1321471410530695,0.891452428705114,-0.8398430068558539
1984-09-24 07:00:00,0.4067172920744554,0.3220743949874122,8.292908986025283,-2.3658564261567694,-6.736352065470223,-7.6764057798026535,-7.1353115950812445,-9.99055200513874,-2.825819087835888,-0.11312110173014618,0.7034364649294371,1.5866795081592588,3.1625387008626253,3.69961639351373,6.391321601058593,8.78863864574072,9.97658973643665,10.364251355850204,8.00289494282094,6.4112912950345375,6.9946126380187374,5.53950591844339,5.379231382365246,3.758452339786416,-0.2905094637052744,-0.17812014900832068,0.19387673582981355,0.32113896701086114,2.6101852798019114,2.16855203272915,2.4872430056352997,1.245100950561228,2.4656547678392307,8.34804338562875,6.795545777336587,1.9537449697653293,0.2852517444704766
1984-09-24 08:00:00,-6.014645536349198,-6.841336850200115,3.4456847094115983,-4.573564440562138,-6.911486345481301,-5.9405167861493595,-5.282571255760823,-6.574138677780637,-3.0669478467981666,-0.5961743541154322,-0.4477593048029419,0.8514233467481749,3.4770066779048965,4.911827512282698,9.21803935664578,14.702584341390521,15.871277036824116,12.022081308390504,9.203695205135821,6.293419811046497,7.434720996134046,5.2255788703408195,3.084682123790907,0.1252361856414226,-4.2763671361004345,-4.121145454227486,-0.8793712596980574,-0.7206697079521747,2.1310344783958346,0.6540628975800923,-3.6296348770348064,-2.566539170779012,2.2828427023555733,6.48110900358188,4.324357912986197,-1.8616480992662097,-2.5083605058766105
1984-09-24 09:00:00,-8.088508029855557,-3.9089444171626138,1.9939532732225576,-4.495412907373004,-6.05307955562279,-5.801208122892192,-5.495163208693086,-3.155397424310652,-3.601900685482361,-2.134519144732745,-0.5431733893731351,0.6436295849908261,3.1765167575879834,6.207401416304367,11.785490378201045,19.88708386746093,20.850673638981625,15.25089630395796,10.196474860690584,5.586047997059559,7.298070683798833,4.910496633017843,1.6359166976140476,-3.3129466731480512,-9.003217708875477,-7.547538766812656,-2.7153917953704174,-2.893486023599026,-2.0330107947763896,-3.4081368681418316,-5.981027035323078,2.140023398037199,3.9156379030705684,4.815685923364134,3.0931245538285816,-2.9604185980690816,-3.5736505899473103
