19980093,275,1998-02-12 10:00:00,-38.201935,-25.169308,1.681680,321.489000,-23.888440,1013.705000,321.000000,-24.250000,15.357770
19980093,276,1998-02-12 11:00:00,-37.415222,-25.976656,1.686463,320.991000,-23.309550,1014.005000,321.500000,-24.500000,14.754470
19980093,277,1998-02-12 12:00:00,-37.865570,-25.457777,1.777597,321.264000,-23.411330,1014.598000,321.500000,-24.500000,14.187550
19980093,278,1998-02-12 13:00:00,-38.298737,-24.885040,1.831250,321.419300,-23.287380,1014.452000,321.500000,-24.500000,13.782580
19980093,279,1998-02-12 14:00:00,-38.531219,-24.417730,1.828334,321.718600,-23.508520,1014.790000,321.250000,-24.250000,13.126760
19980093,280,1998-02-12 15:00:00,-38.933197,-23.520191,1.739717,320.940600,-22.716110,1014.514000,326.250000,-27.250000,12.845250
19980093,281,1998-02-12 16:00:00,-38.374603,-25.112995,1.734241,320.936300,-22.629010,1014.604000,326.250000,-27.250000,13.210660
19980093,282,1998-02-12 17:00:00,-38.512146,-24.941584,1.924199,320.885700,-22.668120,1014.198000,326.000000,-27.000000,13.197740
19980093,283,1998-02-12 18:00:00,-38.396576,-25.129574,1.981690,321.061900,-22.948430,1014.311000,325.250000,-26.500000,13.268840
19980093,284,1998-02-12 19:00:00,-38.083374,-25.365746,1.939671,321.066800,-22.832590,1013.913000,325.500000,-26.500000,13.253180
19980093,285,1998-02-12 20:00:00,-37.930054,-25.435324,2.093660,-999.000000,-999.000000,1017.245000,324.500000,-26.000000,13.705190
19980093,286,1998-02-12 21:00:00,-37.867157,-25.481915,2.282589,321.169300,-22.898080,1013.901000,321.500000,-24.250000,13.729270
19980093,287,1998-02-12 22:00:00,-37.387207,-25.213339,2.245467,321.238300,-22.852120,1014.255000,324.250000,-25.750000,15.118130
19980093,288,1998-02-12 23:00:00,-37.361969,-25.320684,2.224167,-999.000000,-999.000000,1017.787000,321.250000,-23.750000,14.966780
19980093,289,1998-02-13 00:00:00,-37.607605,-25.384607,2.272878,-999.000000,-999.000000,1018.478000,324.250000,-25.750000,14.956650
19980093,290,1998-02-13 01:00:00,-37.803467,-25.473644,2.374903,323.417400,-23.801470,1016.286000,324.000000,-25.500000,14.786320
19980093,291,1998-02-13 02:00:00,-38.078735,-25.435125,2.352556,323.283300,-23.965330,1016.098000,320.000000,-22.500000,14.321100
19980093,292,1998-02-13 03:00:00,-38.186127,-25.374212,2.293018,323.015900,-23.546420,1015.345000,324.000000,-25.500000,14.346660
19980093,293,1998-02-13 04:00:00,-38.012268,-25.296965,2.206327,323.035700,-23.411360,1014.999000,324.000000,-25.500000,14.988240
19980093,294,1998-02-13 05:00:00,-38.008087,-25.274578,2.169793,320.511300,-22.518340,1013.757000,324.250000,-25.750000,13.873320
19980093,295,1998-02-13 06:00:00,-37.837738,-25.251713,2.148362,320.380500,-22.524320,1013.594000,319.750000,-22.750000,13.137100
19980093,296,1998-02-13 07:00:00,-37.839966,-25.303719,2.300207,320.309700,-22.466870,1013.573000,319.750000,-22.750000,12.915060
19980093,297,1998-02-13 08:00:00,-37.808594,-25.387426,2.279964,322.717000,-23.931300,1014.955000,325.000000,-26.750000,12.781700
19980093,298,1998-02-13 09:00:00,-37.922638,-25.284744,2.200635,323.262500,-23.994640,1015.694000,325.000000,-26.750000,12.663730
19980093,299,1998-02-13 10:00:00,-37.494568,-25.029520,2.181400,322.974200,-24.157790,1015.969000,324.250000,-26.500000,12.688870
19980093,300,1998-02-13 11:00:00,-37.700714,-25.042412,2.121454,-999.000000,-999.000000,1017.134000,325.250000,-27.000000,12.837770
19980093,301,1998-02-13 12:00:00,-37.768311,-24.910397,2.072326,322.688000,-23.432450,1016.735000,325.250000,-27.250000,12.878220
19980093,302,1998-02-13 13:00:00,-37.359192,-25.324474,2.209712,320.022100,-22.253290,1015.188000,325.250000,-27.250000,12.893850
19980093,303,1998-02-13 14:00:00,-37.180298,-25.413651,2.339038,320.014000,-22.239810,1015.129000,325.250000,-28.750000,12.745300
19980093,304,1998-02-13 15:00:00,-36.922638,-25.645641,2.495477,323.682100,-25.432850,1016.991000,324.500000,-28.500000,12.916830
19980093,305,1998-02-13 16:00:00,-36.988251,-25.662600,2.630609,320.021000,-22.237270,1014.662000,324.250000,-28.500000,12.843830
19980093,306,1998-02-13 17:00:00,-36.913727,-25.694960,2.652214,324.151600,-25.598010,1016.974000,326.250000,-29.250000,13.103190
19980093,307,1998-02-13 18:00:00,-36.958923,-25.758108,2.625380,323.551000,-25.226230,1016.988000,326.250000,-29.250000,13.170230
19980093,308,1998-02-13 19:00:00,-36.694061,-25.924213,2.696282,323.757100,-25.466760,1016.960000,325.500000,-29.000000,13.225840
19980093,309,1998-02-13 20:00:00,-36.387543,-26.239576,2.872252,324.059900,-25.981250,1017.099000,325.000000,-28.500000,13.633720
19980093,310,1998-02-13 21:00:00,-36.002319,-26.519592,2.895400,325.358400,-27.641240,1016.232000,325.250000,-28.750000,13.644320
19980093,311,1998-02-13 22:00:00,-36.793121,-26.092613,3.071164,325.138200,-27.755170,1016.207000,325.000000,-28.750000,14.464570
19980093,312,1998-02-13 23:00:00,-36.887451,-26.086662,2.954853,325.150300,-27.923580,1016.312000,324.750000,-28.750000,14.368340
19980093,313,1998-02-14 00:00:00,-36.769073,-26.379751,2.836184,325.218300,-28.067340,1016.472000,325.000000,-29.000000,14.249490
19980093,314,1998-02-14 01:00:00,-36.555298,-26.825565,2.845261,325.229000,-28.207200,1016.193000,324.750000,-29.000000,14.248420
19980093,315,1998-02-14 02:00:00,-36.371216,-27.244747,2.855376,325.274700,-28.309120,1015.808000,325.250000,-29.250000,14.056470
19980093,316,1998-02-14 03:00:00,-36.178070,-27.630640,2.718633,325.356700,-28.398870,1015.397000,325.000000,-29.250000,14.085000
19980093,317,1998-02-14 04:00:00,-36.180023,-27.826794,2.571843,325.486200,-28.522250,1015.357000,325.000000,-29.500000,13.662170
19980093,318,1998-02-14 05:00:00,-36.350830,-27.804518,2.383675,325.660000,-28.624790,1014.876000,326.000000,-28.500000,13.421730
19980093,319,1998-02-14 06:00:00,-35.582397,-28.647648,2.409597,325.855000,-28.818230,1014.767000,326.000000,-28.500000,13.255260
19980093,320,1998-02-14 07:00:00,-35.532043,-28.792921,2.464280,325.965600,-28.948300,1014.852000,326.250000,-28.750000,13.759790
19980093,321,1998-02-14 08:00:00,-35.371002,-29.065399,2.432638,326.163600,-29.119870,1014.916000,326.250000,-28.750000,13.171500
19980093,322,1998-02-14 09:00:00,-35.105560,-29.455326,2.318854,326.258900,-29.368800,1015.433000,330.000000,-32.250000,13.743200
19980093,323,1998-02-14 10:00:00,-34.866211,-30.239906,2.645594,326.275300,-29.532910,1014.793000,330.250000,-32.500000,14.810810
19980093,324,1998-02-14 11:00:00,-34.658813,-30.582460,2.624739,326.478500,-29.757330,1015.105000,330.250000,-32.500000,15.599620
19980093,325,1998-02-14 12:00:00,-34.194916,-31.136795,2.681535,326.746700,-30.003680,1015.250000,330.500000,-32.750000,15.822310
19980093,326,1998-02-14 13:00:00,-33.652405,-31.590057,2.831010,327.021900,-30.256540,1015.133000,330.250000,-32.500000,16.175560
19980093,327,1998-02-14 14:00:00,-33.239197,-31.875446,3.074448,327.150500,-30.402390,1015.137000,331.000000,-33.250000,16.474180
19980093,328,1998-02-14 15:00:00,-32.902802,-32.073780,3.171040,327.483500,-30.635260,1014.952000,331.250000,-33.500000,16.302920
19980093,329,1998-02-14 16:00:00,-32.786774,-32.210258,3.153547,327.913000,-30.909360,1014.588000,331.500000,-33.750000,15.355310
19980093,330,1998-02-14 17:00:00,-32.309448,-32.450508,3.247703,328.277700,-31.207940,1014.384000,331.250000,-33.250000,16.269780
19980093,331,1998-02-14 18:00:00,-31.533844,-32.798325,3.487375,328.858100,-31.620690,1014.305000,331.500000,-33.500000,16.581460
19980093,332,1998-02-14 19:00:00,-31.648193,-32.730587,3.325660,329.140500,-31.689690,1014.183000,332.250000,-33.750000,14.382870
19980093,333,1998-02-14 20:00:00,-31.343201,-32.867439,3.203685,329.925100,-32.305740,1014.119000,332.750000,-34.000000,13.889130
19980093,334,1998-02-14 21:00:00,-30.583374,-33.237862,3.459330,329.922500,-33.429900,1013.890000,333.000000,-34.250000,13.689800
19980093,335,1998-02-14 22:00:00,-31.412140,-32.759235,3.505672,330.004300,-32.931400,1013.271000,332.250000,-35.500000,15.556400
19980093,336,1998-02-14 23:00:00,-31.096130,-32.956100,3.460527,330.729800,-33.680580,1013.277000,332.500000,-35.750000,14.730660
19980093,337,1998-02-15 00:00:00,-30.706635,-33.235641,3.461765,331.685700,-34.192900,1012.339000,332.750000,-36.000000,13.885710
19980093,338,1998-02-15 01:00:00,-30.276917,-33.570366,3.401898,331.908400,-34.620540,1011.397000,332.250000,-34.000000,13.729820
19980093,339,1998-02-15 02:00:00,-29.635895,-34.034195,3.424658,332.564000,-35.130440,1010.540000,333.000000,-34.750000,13.832710
19980093,340,1998-02-15 03:00:00,-28.985229,-34.462730,3.552859,333.247300,-35.956620,1009.189000,333.250000,-35.250000,14.359650
19980093,341,1998-02-15 04:00:00,-28.309875,-34.845810,3.591683,333.249100,-36.493270,1007.691000,327.000000,-39.500000,14.832140
19980093,342,1998-02-15 05:00:00,-27.555115,-35.289150,3.656818,333.831100,-36.853260,1006.252000,327.750000,-40.000000,15.840940
19980093,343,1998-02-15 06:00:00,-26.695679,-35.855667,3.758782,334.347200,-37.214050,1005.333000,328.250000,-40.000000,16.362120
19980093,344,1998-02-15 07:00:00,-25.975159,-36.441723,3.710141,334.980400,-37.541290,1004.269000,335.750000,-37.250000,17.271760
19980093,345,1998-02-15 08:00:00,-25.115723,-37.094143,3.973692,335.497300,-37.843850,1004.152000,336.750000,-37.750000,17.395730
19980093,346,1998-02-15 09:00:00,-24.399933,-37.675270,4.080320,336.038200,-38.235470,1003.928000,337.500000,-38.250000,17.244600
19980093,347,1998-02-15 10:00:00,-24.345398,-38.072746,3.945897,336.545200,-38.606120,1004.258000,338.500000,-38.750000,17.393710
19980093,348,1998-02-15 11:00:00,-23.506500,-38.690548,4.106609,337.716200,-39.305320,1004.280000,339.000000,-39.250000,17.605590
19980093,349,1998-02-15 12:00:00,-22.465607,-39.319660,4.320297,339.733200,-40.094180,1003.200000,340.000000,-39.750000,17.430950
19980093,350,1998-02-15 13:00:00,-21.538605,-39.912426,4.628539,340.477100,-40.680860,1002.451000,340.500000,-40.250000,17.405020
19980093,351,1998-02-15 14:00:00,-20.417145,-40.457531,4.792327,341.179800,-41.241300,1000.536000,341.750000,-41.000000,17.049560
19980093,352,1998-02-15 15:00:00,-19.485229,-40.990665,4.897701,341.941300,-41.745290,999.309600,342.750000,-41.500000,18.461290
19980093,353,1998-02-15 16:00:00,-18.522003,-41.576115,5.108003,-999.000000,-999.000000,1000.373000,343.750000,-42.250000,19.398550
19980093,354,1998-02-15 17:00:00,-17.573944,-42.203613,5.198654,-999.000000,-999.000000,998.904400,345.750000,-43.000000,20.236530
19980093,355,1998-02-15 18:00:00,-16.644012,-42.760929,5.332188,343.574100,-45.118120,995.562200,346.750000,-43.500000,20.890530
19980093,356,1998-02-15 19:00:00,-15.763916,-43.361729,5.327369,344.706300,-45.843150,994.456500,347.500000,-44.250000,21.370030
19980093,357,1998-02-15 20:00:00,-14.826996,-43.936562,5.306603,-999.000000,-999.000000,996.323700,348.500000,-44.750000,21.220040
19980093,358,1998-02-15 21:00:00,-13.882385,-44.672436,5.291693,-999.000000,-999.000000,995.215000,349.250000,-45.250000,21.016850
19980093,359,1998-02-15 22:00:00,-13.261932,-45.330639,5.779232,346.730500,-47.049830,990.854300,350.250000,-46.000000,21.873640
19980093,360,1998-02-15 23:00:00,-12.325104,-45.916130,5.757730,-999.000000,-999.000000,992.442700,350.750000,-46.500000,21.451450
19980093,361,1998-02-16 00:00:00,-11.336151,-46.533733,5.670830,-999.000000,-999.000000,991.592500,352.000000,-47.000000,20.421680
19980093,362,1998-02-16 01:00:00,-10.356567,-47.174919,5.621801,-999.000000,-999.000000,990.649600,353.000000,-47.500000,19.813070
19980093,363,1998-02-16 02:00:00,-9.356079,-47.839817,5.638034,-999.000000,-999.000000,989.552400,354.000000,-48.000000,19.755340
19980093,364,1998-02-16 03:00:00,-8.382874,-48.420273,5.654029,-999.000000,-999.000000,988.798800,355.250000,-48.500000,19.510810
19980093,365,1998-02-16 04:00:00,-7.386597,-48.969139,5.625436,-999.000000,-999.000000,988.048600,356.000000,-49.000000,19.000270
19980093,366,1998-02-16 05:00:00,-6.381226,-49.539879,5.569364,-999.000000,-999.000000,987.205400,357.000000,-49.250000,18.269370
19980093,367,1998-02-16 06:00:00,-5.411407,-50.208462,5.451405,-999.000000,-999.000000,986.150700,358.250000,-51.500000,17.993570
19980093,368,1998-02-16 07:00:00,-4.453400,-50.853420,5.312098,-999.000000,-999.000000,985.265600,359.250000,-51.750000,18.048290
19980093,369,1998-02-16 08:00:00,-3.460480,-51.482800,5.152650,-999.000000,-999.000000,984.285200,0.500000,-52.250000,17.957300
19980093,370,1998-02-16 09:00:00,-2.557648,-52.215679,5.027181,-999.000000,-999.000000,982.504700,1.250000,-53.000000,17.888360
19980093,371,1998-02-16 10:00:00,-1.326752,-52.899696,5.424253,-999.000000,-999.000000,980.141200,2.500000,-53.250000,19.001920
19980093,372,1998-02-16 11:00:00,-0.604889,-53.922623,5.376990,-999.000000,-999.000000,976.710900,3.750000,-53.500000,18.260010
19840151,295,1984-03-13 06:00:00,-35.950745,-35.602993,1.243122,-999.000000,-999.000000,1010.490000,330.500000,-38.500000,15.380440
19840151,296,1984-03-13 07:00:00,-34.732361,-34.896885,1.483484,-999.000000,-999.000000,1009.268000,331.250000,-38.500000,15.365270
19840151,297,1984-03-13 08:00:00,-33.906006,-34.384369,1.765449,-999.000000,-999.000000,1009.390000,327.000000,-39.750000,14.602340
19840151,298,1984-03-13 09:00:00,-33.294708,-34.232883,2.064257,-999.000000,-999.000000,1009.689000,327.250000,-39.750000,14.611190
19840151,299,1984-03-13 10:00:00,-33.307648,-34.306381,2.505936,-999.000000,-999.000000,1010.335000,324.000000,-38.000000,14.256120
19840151,300,1984-03-13 11:00:00,-32.785156,-34.165405,2.641331,-999.000000,-999.000000,1010.647000,324.000000,-37.750000,14.328310
19840151,301,1984-03-13 12:00:00,-32.142700,-33.936230,2.748848,-999.000000,-999.000000,1010.318000,325.500000,-36.250000,14.027480
19840151,302,1984-03-13 13:00:00,-31.593506,-33.733181,2.891066,-999.000000,-999.000000,1010.149000,325.250000,-37.250000,14.153880
19840151,303,1984-03-13 14:00:00,-31.144043,-33.426704,2.952858,-999.000000,-999.000000,1010.015000,325.000000,-36.500000,13.884850
19840151,304,1984-03-13 15:00:00,-30.843109,-33.142681,2.962510,332.782000,-33.609610,1008.548000,325.750000,-33.000000,13.810710
19840151,305,1984-03-13 16:00:00,-30.605927,-32.767933,3.006526,-999.000000,-999.000000,1009.867000,325.750000,-33.000000,14.219700
19840151,306,1984-03-13 17:00:00,-30.518005,-32.334511,2.996508,-999.000000,-999.000000,1010.006000,325.750000,-32.750000,14.316130
19840151,307,1984-03-13 18:00:00,-30.485962,-31.907202,3.068411,-999.000000,-999.000000,1010.435000,325.250000,-32.250000,14.156590
19840151,308,1984-03-13 19:00:00,-30.339020,-31.655798,3.137722,-999.000000,-999.000000,1010.400000,325.250000,-31.750000,14.265190
19840151,309,1984-03-13 20:00:00,-30.234344,-31.363602,3.279269,-999.000000,-999.000000,1010.820000,325.750000,-33.000000,14.583670
19840151,310,1984-03-13 21:00:00,-29.948853,-31.008339,3.366807,-999.000000,-999.000000,1010.870000,325.750000,-32.750000,14.841170
19840151,311,1984-03-13 22:00:00,-29.283600,-30.536013,3.489228,-999.000000,-999.000000,1010.264000,325.750000,-32.250000,14.607400
19840151,312,1984-03-13 23:00:00,-28.933350,-30.271950,3.714449,333.635700,-31.191690,1009.661000,325.750000,-32.000000,14.734970
19840151,313,1984-03-14 00:00:00,-28.583313,-30.017096,3.885213,-999.000000,-999.000000,1010.984000,329.250000,-33.000000,15.366990
19840151,314,1984-03-14 01:00:00,-28.264679,-29.816784,4.033874,-999.000000,-999.000000,1010.794000,329.250000,-33.000000,15.937660
19840151,315,1984-03-14 02:00:00,-27.807434,-29.653763,4.192836,-999.000000,-999.000000,1010.356000,329.250000,-32.250000,16.443760
19840151,316,1984-03-14 03:00:00,-27.369781,-29.491985,4.363585,333.257900,-30.291500,1009.688000,332.500000,-33.000000,16.433680
19840151,317,1984-03-14 04:00:00,-26.944153,-29.340591,4.431633,333.279400,-29.744300,1009.187000,332.500000,-32.750000,16.571690
19840151,318,1984-03-14 05:00:00,-26.712708,-29.213217,4.631245,-999.000000,-999.000000,1008.845000,332.750000,-32.750000,16.770970
19840151,319,1984-03-14 06:00:00,-26.551636,-29.065115,4.758261,338.738500,-28.318730,1006.637000,332.500000,-32.250000,16.882820
19840151,320,1984-03-14 07:00:00,-25.861389,-29.063972,4.887785,-999.000000,-999.000000,1008.245000,332.750000,-32.250000,17.129550
19840151,321,1984-03-14 08:00:00,-25.394440,-29.084364,5.048350,337.230600,-29.028550,1007.547000,332.750000,-32.000000,17.677000
19840151,322,1984-03-14 09:00:00,-24.951111,-29.059187,5.135035,336.972300,-28.160430,1007.906000,332.500000,-31.750000,17.488900
19840151,323,1984-03-14 10:00:00,-24.380493,-29.017052,5.347878,340.463100,-30.608150,1005.813000,341.250000,-31.500000,17.354330
19840151,324,1984-03-14 11:00:00,-24.145081,-29.024368,5.438257,340.317800,-30.619500,1005.651000,340.250000,-31.250000,17.575710
19840151,325,1984-03-14 12:00:00,-24.085297,-28.954823,5.424109,340.198400,-30.660080,1006.146000,340.250000,-31.250000,17.723170
19840151,326,1984-03-14 13:00:00,-24.331848,-28.822369,5.419273,339.980900,-30.517380,1005.631000,340.250000,-31.250000,17.826750
19840151,327,1984-03-14 14:00:00,-24.597931,-28.664291,5.404983,336.625400,-27.935120,1007.953000,339.500000,-31.000000,18.203180
19840151,328,1984-03-14 15:00:00,-24.638153,-28.616699,5.423595,339.553500,-30.157090,1006.222000,339.250000,-31.000000,17.856420
19840151,329,1984-03-14 16:00:00,-24.242676,-28.774139,5.522606,339.204700,-29.999440,1006.306000,339.000000,-30.750000,17.377920
19840151,330,1984-03-14 17:00:00,-24.361389,-28.717804,5.571574,336.735400,-28.284520,1006.827000,339.750000,-30.750000,17.376740
19840151,331,1984-03-14 18:00:00,-24.478485,-28.613176,5.484140,336.638600,-29.735370,1006.940000,333.750000,-31.250000,17.327610
19840151,332,1984-03-14 19:00:00,-24.468933,-28.590679,5.488901,336.264200,-29.744340,1006.701000,334.750000,-31.750000,17.589390
19840151,333,1984-03-14 20:00:00,-24.489136,-28.496330,5.456683,336.159200,-29.869740,1006.837000,334.750000,-31.750000,18.009480
19840151,334,1984-03-14 21:00:00,-24.510651,-28.431482,5.464515,336.180200,-29.349600,1006.674000,334.250000,-31.500000,18.513910
19840151,335,1984-03-14 22:00:00,-24.700104,-28.598101,5.669253,336.440900,-29.308810,1006.572000,333.750000,-31.250000,19.189310
19840151,336,1984-03-14 23:00:00,-24.569672,-28.676596,5.772109,336.803500,-29.232050,1007.399000,333.750000,-31.000000,19.451240
19840151,337,1984-03-15 00:00:00,-24.311676,-28.754450,5.710987,334.981200,-30.041550,1006.386000,333.500000,-30.750000,18.798560
19840151,338,1984-03-15 01:00:00,-24.138275,-28.732708,5.641534,334.877700,-29.981420,1006.559000,334.500000,-30.500000,18.215270
19840151,339,1984-03-15 02:00:00,-24.075378,-28.734716,5.701996,334.845500,-29.885520,1006.683000,334.750000,-30.500000,18.360110
19840151,340,1984-03-15 03:00:00,-24.102112,-28.688658,5.735119,334.653100,-29.576130,1006.496000,334.750000,-30.500000,18.120480
19840151,341,1984-03-15 04:00:00,-24.230286,-28.535904,5.655525,334.724300,-29.505290,1005.873000,335.000000,-30.500000,18.294160
19840151,342,1984-03-15 05:00:00,-24.215820,-28.439384,5.545822,334.759800,-29.505520,1005.790000,334.750000,-30.500000,18.723030
19840151,343,1984-03-15 06:00:00,-24.218506,-28.277729,5.412144,335.530500,-29.953680,1006.305000,335.500000,-31.250000,17.760410
19840151,344,1984-03-15 07:00:00,-24.106384,-28.206585,5.376460,334.535200,-29.212220,1006.121000,335.500000,-31.250000,17.954540
19840151,345,1984-03-15 08:00:00,-24.025024,-28.272579,5.210097,334.372400,-28.981370,1006.276000,336.500000,-31.500000,17.929000
19840151,346,1984-03-15 09:00:00,-23.774811,-28.348343,5.089718,334.229500,-28.566070,1006.479000,336.250000,-31.500000,17.771400
19840151,347,1984-03-15 10:00:00,-23.385101,-28.584553,5.306519,336.722500,-28.487470,1007.837000,336.250000,-31.500000,17.437680
19840151,348,1984-03-15 11:00:00,-23.021759,-28.840612,5.459402,337.462800,-30.337850,1008.404000,336.250000,-31.500000,17.351890
19840151,349,1984-03-15 12:00:00,-22.925842,-28.985846,5.459620,336.010700,-29.941120,1008.481000,336.000000,-31.500000,16.885580
19840151,350,1984-03-15 13:00:00,-22.845856,-29.112169,5.428673,336.544500,-29.742180,1008.401000,334.500000,-30.500000,16.703500
19840151,351,1984-03-15 14:00:00,-22.586670,-29.345898,5.559238,338.366500,-30.218700,1008.117000,334.750000,-30.500000,16.701490
19840151,352,1984-03-15 15:00:00,-22.303009,-29.538902,5.571485,339.002400,-30.233200,1007.712000,334.750000,-30.500000,16.593230
19840151,353,1984-03-15 16:00:00,-22.106201,-29.606525,5.444561,341.736400,-30.491610,1006.023000,334.750000,-30.500000,16.497960
19840151,354,1984-03-15 17:00:00,-21.993805,-29.627707,5.360726,341.801200,-31.048670,1005.842000,335.000000,-30.500000,16.226760
19840151,355,1984-03-15 18:00:00,-21.536621,-29.901529,5.297397,339.599100,-30.919900,1007.703000,336.750000,-31.500000,16.382470
19840151,356,1984-03-15 19:00:00,-21.009979,-30.204678,5.287115,342.196800,-31.555860,1006.122000,335.750000,-30.500000,16.025360
19840151,357,1984-03-15 20:00:00,-20.579163,-30.437906,5.089415,341.874400,-31.987980,1005.573000,336.000000,-30.500000,16.208820
19840151,358,1984-03-15 21:00:00,-20.136871,-30.884058,5.287424,342.233000,-32.429670,1005.174000,336.000000,-30.500000,16.356780
19840151,359,1984-03-15 22:00:00,-19.785614,-31.022480,4.870857,342.434000,-32.744410,1004.911000,336.000000,-30.250000,16.388250
19840151,360,1984-03-15 23:00:00,-19.568848,-31.168224,4.817285,342.438800,-33.199440,1004.807000,336.000000,-30.000000,16.174030
19840151,361,1984-03-16 00:00:00,-19.113281,-31.525240,4.898302,342.828200,-33.517590,1004.289000,335.750000,-29.750000,15.430330
19840151,362,1984-03-16 01:00:00,-18.631500,-31.862099,4.780888,342.752300,-33.660910,1003.429000,341.750000,-34.000000,15.044080
19840151,363,1984-03-16 02:00:00,-18.040924,-32.295326,4.698948,343.040200,-33.855920,1003.225000,345.500000,-33.750000,15.019380
19840151,364,1984-03-16 03:00:00,-17.421021,-32.796669,4.725629,343.497100,-34.039620,1003.229000,341.750000,-33.250000,15.260100
19840151,365,1984-03-16 04:00:00,-16.792145,-33.269642,4.579547,343.814800,-34.202950,1003.044000,342.750000,-34.000000,16.273510
19840151,366,1984-03-16 05:00:00,-16.174164,-33.786198,4.970326,344.514900,-34.552280,1002.871000,343.500000,-34.250000,17.435760
19840151,367,1984-03-16 06:00:00,-15.756989,-34.101952,4.886979,345.071000,-35.182210,1002.925000,344.000000,-34.500000,17.032470
19840151,368,1984-03-16 07:00:00,-15.183685,-34.551819,4.766082,345.396600,-35.304330,1003.351000,344.250000,-34.500000,15.675700
19840151,369,1984-03-16 08:00:00,-14.750458,-34.825771,4.662913,345.768200,-35.418100,1004.068000,345.000000,-35.250000,16.089770
19840151,370,1984-03-16 09:00:00,-14.355469,-35.138863,4.612804,346.077200,-35.541250,1004.096000,345.250000,-35.250000,15.801570
19840151,371,1984-03-16 10:00:00,-14.206787,-34.895424,3.737043,346.136200,-35.561160,1004.667000,345.500000,-35.500000,16.505710
19840151,372,1984-03-16 11:00:00,-13.944061,-34.837631,3.691150,346.388200,-35.594650,1004.633000,345.750000,-35.750000,15.821220
19840151,373,1984-03-16 12:00:00,-13.683197,-34.892731,3.645857,346.571700,-35.593540,1004.717000,346.000000,-36.000000,15.577340
19840151,374,1984-03-16 13:00:00,-13.401733,-34.924694,3.545603,346.799300,-35.491370,1004.637000,346.500000,-36.250000,15.967470
19840151,375,1984-03-16 14:00:00,-13.103668,-35.040668,3.436277,347.004800,-35.519430,1003.576000,347.000000,-36.500000,15.392880
19840151,376,1984-03-16 15:00:00,-12.674713,-35.343399,3.371780,347.224600,-35.510360,1003.860000,346.750000,-36.000000,15.387930
19840151,377,1984-03-16 16:00:00,-12.278687,-35.575382,3.312355,347.591900,-35.458450,1003.701000,347.000000,-35.750000,14.836640
19840151,378,1984-03-16 17:00:00,-11.831696,-35.797283,3.232661,347.920000,-35.433130,1004.097000,350.000000,-33.500000,14.309920
19840151,379,1984-03-16 18:00:00,-11.498108,-35.880066,3.090159,348.165600,-35.432110,1004.636000,350.250000,-33.500000,13.835150
19840151,380,1984-03-16 19:00:00,-11.233521,-35.863289,2.927472,348.618300,-35.437580,1005.035000,350.750000,-34.000000,14.006770
19840151,381,1984-03-16 20:00:00,-10.996643,-35.890442,2.745749,348.902500,-35.431070,1005.676000,351.250000,-34.250000,13.468710
19840151,382,1984-03-16 21:00:00,-10.688995,-35.976120,2.608939,349.092900,-35.342860,1006.771000,347.750000,-35.000000,13.395640
19840151,383,1984-03-16 22:00:00,-10.755463,-35.446045,2.488661,349.474400,-35.383250,1007.153000,348.000000,-35.250000,13.985730
19840151,384,1984-03-16 23:00:00,-10.624237,-35.300163,2.357536,349.799400,-35.344780,1007.718000,348.500000,-35.250000,13.782400
19840151,385,1984-03-17 00:00:00,-10.491974,-35.185062,2.248053,350.033700,-35.247320,1007.688000,349.000000,-35.250000,13.769800
19840151,386,1984-03-17 01:00:00,-10.234375,-35.274021,2.076792,350.447300,-35.210530,1008.045000,349.250000,-35.250000,13.716970
19840151,387,1984-03-17 02:00:00,-9.820709,-35.473953,1.911438,350.710200,-35.039490,1008.496000,349.500000,-35.000000,13.381680
19840151,388,1984-03-17 03:00:00,-9.447449,-35.625137,1.829054,351.061600,-35.158660,1008.291000,350.000000,-35.250000,13.291440
19840151,389,1984-03-17 04:00:00,-9.137573,-35.736660,1.758479,351.349100,-35.115940,1008.253000,350.250000,-35.000000,12.827240
19840151,390,1984-03-17 05:00:00,-8.905640,-35.763603,1.732269,351.754400,-35.186750,1008.479000,350.500000,-35.000000,12.263360
19840151,391,1984-03-17 06:00:00,-8.779266,-35.621819,1.670944,352.090300,-35.300990,1008.731000,350.750000,-34.750000,11.718550
19840151,392,1984-03-17 07:00:00,-8.661743,-35.598415,1.528327,352.117100,-35.039990,1009.626000,351.000000,-34.750000,11.126200
19840151,393,1984-03-17 08:00:00,-8.664246,-35.506477,1.429748,352.554700,-35.128040,1010.317000,355.750000,-35.750000,10.546160
19840151,394,1984-03-17 09:00:00,-8.803436,-35.350647,1.330023,353.075800,-35.237230,1010.834000,355.000000,-34.750000,10.311960
19880209,167,1988-04-07 22:00:00,-48.882355,-33.516376,2.365686,316.158000,-34.370990,1006.644000,308.250000,-32.500000,14.030390
19880209,168,1988-04-07 23:00:00,-48.326080,-33.612682,2.548475,314.259600,-32.148290,1006.745000,308.250000,-32.000000,13.844670
19880209,169,1988-04-08 00:00:00,-47.350189,-33.835384,2.683127,315.079500,-34.466220,1006.451000,308.500000,-31.250000,13.913860
19880209,170,1988-04-08 01:00:00,-46.570374,-34.110928,2.982257,318.210300,-35.500030,1005.265000,308.500000,-31.250000,13.463950
19880209,171,1988-04-08 02:00:00,-46.034088,-34.231464,3.270020,318.809200,-36.016880,1004.713000,317.750000,-34.000000,14.388240
19880209,172,1988-04-08 03:00:00,-45.389954,-34.450470,3.498067,318.970800,-35.881860,1003.224000,318.750000,-34.750000,14.687860
19880209,173,1988-04-08 04:00:00,-45.044220,-34.517742,3.710551,319.016800,-35.744430,1002.751000,319.250000,-35.250000,16.094190
19880209,174,1988-04-08 05:00:00,-44.454132,-34.600601,3.978072,319.417200,-36.046060,1001.781000,319.750000,-35.000000,16.558580
19880209,175,1988-04-08 06:00:00,-43.748657,-34.737469,4.207880,319.972900,-36.484630,1000.656000,320.500000,-35.250000,16.922920
19880209,176,1988-04-08 07:00:00,-42.848206,-35.068031,4.387915,320.498000,-36.849140,999.769700,322.750000,-36.000000,16.663890
19880209,177,1988-04-08 08:00:00,-42.314270,-35.192856,4.531296,319.215900,-34.574270,1001.544000,321.500000,-36.750000,16.859430
19880209,178,1988-04-08 09:00:00,-42.000885,-35.010963,4.695274,319.993300,-34.867950,1000.521000,321.750000,-37.500000,16.845390
19880209,179,1988-04-08 10:00:00,-40.985596,-35.215069,4.978744,322.020300,-37.910810,996.419400,322.500000,-37.750000,17.106180
19880209,180,1988-04-08 11:00:00,-40.865570,-34.808647,4.980932,321.089500,-35.375820,999.748600,323.250000,-38.500000,18.210900
19880209,181,1988-04-08 12:00:00,-40.966583,-34.290092,5.126596,-999.000000,-999.000000,1001.480000,323.750000,-38.750000,19.033540
19880209,182,1988-04-08 13:00:00,-40.548004,-34.200951,5.513445,-999.000000,-999.000000,1001.426000,324.250000,-38.750000,16.413540
19880209,183,1988-04-08 14:00:00,-40.145935,-34.161961,5.647774,-999.000000,-999.000000,1001.319000,324.000000,-38.000000,16.887660
19880209,184,1988-04-08 15:00:00,-39.840057,-34.052620,5.730255,-999.000000,-999.000000,1000.395000,324.000000,-37.750000,17.235050
19880209,185,1988-04-08 16:00:00,-39.662109,-33.761162,5.733729,323.097100,-36.262530,998.126100,324.750000,-38.250000,17.317470
19880209,186,1988-04-08 17:00:00,-39.400208,-33.555500,5.768231,322.781300,-34.946400,997.852200,323.500000,-34.250000,17.266390
19880209,187,1988-04-08 18:00:00,-38.410248,-34.183575,5.658863,323.234900,-35.310670,997.920700,323.250000,-34.250000,17.684190
19880209,188,1988-04-08 19:00:00,-36.941986,-35.579735,5.774226,323.936900,-36.098860,997.752600,321.000000,-34.500000,17.727940
19880209,189,1988-04-08 20:00:00,-36.357147,-36.005817,5.645558,324.106600,-36.135760,997.784100,321.250000,-34.250000,17.705650
19880209,190,1988-04-08 21:00:00,-35.750519,-36.608501,5.605699,324.965200,-36.920970,997.455400,321.250000,-33.000000,17.443490
19880209,191,1988-04-08 22:00:00,-34.796051,-37.996803,5.391067,325.776300,-37.454700,997.527000,324.250000,-33.500000,18.742150
19880209,192,1988-04-08 23:00:00,-33.872986,-39.594147,5.337298,327.034100,-39.270520,997.189000,330.000000,-44.750000,20.568620
19850421,131,1985-07-06 10:00:00,-50.725098,-26.969223,4.293212,313.262500,-25.962100,1012.307000,310.500000,-32.250000,12.962620
19850421,132,1985-07-06 11:00:00,-49.347687,-27.782768,4.303976,314.350400,-30.318820,1012.776000,311.000000,-31.250000,13.202410
19850421,133,1985-07-06 12:00:00,-49.905182,-27.335257,4.274766,314.559700,-29.865390,1012.690000,311.000000,-31.250000,12.858630
19850421,134,1985-07-06 13:00:00,-51.453857,-26.361507,4.198606,-999.000000,-999.000000,1019.889000,311.500000,-31.750000,12.390080
19850421,135,1985-07-06 14:00:00,-52.110687,-26.013344,4.138314,-999.000000,-999.000000,1021.293000,311.000000,-31.250000,11.687490
19850421,136,1985-07-06 15:00:00,-51.671295,-26.151030,4.142609,-999.000000,-999.000000,1019.872000,311.250000,-31.500000,11.693770
19850421,137,1985-07-06 16:00:00,-51.057159,-26.481052,4.082692,-999.000000,-999.000000,1017.967000,311.750000,-31.500000,12.118790
19850421,138,1985-07-06 17:00:00,-50.550537,-26.819839,3.921229,311.561300,-25.504700,1014.136000,312.250000,-31.250000,12.663990
19850421,139,1985-07-06 18:00:00,-49.526581,-27.579861,3.839633,313.310800,-30.742510,1011.135000,312.500000,-31.500000,12.962690
19850421,140,1985-07-06 19:00:00,-48.363220,-28.459724,3.769051,313.023300,-30.380730,1010.901000,313.000000,-31.750000,13.131110
19850421,141,1985-07-06 20:00:00,-47.897736,-28.728914,3.817510,313.139100,-30.423800,1011.152000,313.000000,-31.500000,13.427790
19850421,142,1985-07-06 21:00:00,-47.762390,-28.685349,3.956690,313.030400,-30.110550,1011.186000,313.250000,-31.750000,13.420450
19850421,143,1985-07-06 22:00:00,-48.095978,-28.171110,4.710001,312.590300,-29.659700,1010.495000,312.000000,-30.500000,13.952500
19850421,144,1985-07-06 23:00:00,-47.902222,-28.174995,4.758665,312.603200,-29.704820,1010.439000,312.250000,-30.500000,14.538320
19850421,145,1985-07-07 00:00:00,-47.710114,-28.199398,4.698139,312.668800,-29.709640,1009.924000,312.250000,-30.500000,15.147010
19850421,146,1985-07-07 01:00:00,-47.488190,-28.150518,4.735774,312.690700,-29.701380,1009.629000,312.250000,-30.250000,15.257150
19850421,147,1985-07-07 02:00:00,-47.287323,-28.171242,4.794600,312.729600,-29.652730,1009.394000,312.250000,-30.000000,15.347360
19850421,148,1985-07-07 03:00:00,-47.020416,-28.187479,4.685020,312.836600,-29.599370,1009.570000,312.500000,-30.250000,15.630350
19850421,149,1985-07-07 04:00:00,-46.710876,-28.221203,4.754217,312.985200,-29.460130,1009.376000,312.500000,-30.250000,16.107800
19850421,150,1985-07-07 05:00:00,-46.475433,-28.255835,4.934127,313.070300,-29.457460,1009.628000,312.500000,-30.000000,16.665430
19850421,151,1985-07-07 06:00:00,-46.383820,-27.987391,5.110657,313.168000,-29.406650,1009.036000,312.000000,-28.000000,17.232070
19850421,152,1985-07-07 07:00:00,-46.125732,-27.955347,5.244170,313.228500,-29.224150,1008.944000,312.500000,-28.000000,17.997270
19850421,153,1985-07-07 08:00:00,-46.006226,-27.760031,5.370095,313.248400,-29.069180,1008.743000,312.500000,-28.000000,19.075920
19850421,154,1985-07-07 09:00:00,-45.881989,-27.650766,5.498549,313.309900,-28.808760,1008.535000,312.500000,-28.000000,19.216940
19850421,155,1985-07-07 10:00:00,-45.707184,-27.655380,5.600299,313.334000,-28.564890,1007.866000,312.750000,-28.750000,20.279120
19850421,156,1985-07-07 11:00:00,-45.508911,-27.667673,5.717538,313.416500,-28.349740,1007.873000,312.750000,-28.500000,21.005910
19850421,157,1985-07-07 12:00:00,-45.294434,-27.815092,5.787045,313.547100,-28.132410,1007.641000,312.750000,-28.250000,21.095190
19850421,158,1985-07-07 13:00:00,-45.073517,-27.732605,5.779787,313.686200,-27.917460,1008.490000,312.750000,-28.250000,20.458770
19850421,159,1985-07-07 14:00:00,-44.854156,-27.676310,5.662274,313.997200,-27.657650,1008.291000,313.500000,-27.250000,20.938250
19850421,160,1985-07-07 15:00:00,-44.625702,-27.832212,5.681145,314.318900,-27.494670,1007.980000,313.500000,-27.250000,21.083650
19850421,161,1985-07-07 16:00:00,-44.341400,-28.113914,5.450751,314.746400,-27.379580,1007.869000,313.500000,-27.000000,20.763380
19850421,162,1985-07-07 17:00:00,-44.135071,-28.310871,5.423615,315.097800,-27.364610,1007.629000,313.500000,-27.000000,19.672080
19850421,163,1985-07-07 18:00:00,-43.953461,-28.508699,5.482533,315.489400,-27.377900,1007.612000,313.500000,-26.750000,18.941830
19850421,164,1985-07-07 19:00:00,-43.794922,-28.610518,5.490566,315.819700,-27.511060,1008.222000,313.500000,-27.750000,18.520430
19850421,165,1985-07-07 20:00:00,-43.590881,-28.690859,5.520198,316.223400,-27.648860,1008.646000,313.750000,-28.000000,18.406590
19850421,166,1985-07-07 21:00:00,-43.428711,-28.683491,5.553583,316.478700,-27.785340,1008.966000,314.000000,-28.750000,17.880850
19850421,167,1985-07-07 22:00:00,-42.732605,-28.757753,5.227458,316.720700,-27.840000,1009.474000,314.000000,-27.500000,18.452030
19850421,168,1985-07-07 23:00:00,-42.551392,-28.916611,5.332221,316.919700,-27.926440,1009.169000,314.250000,-28.250000,17.636440
19850421,169,1985-07-08 00:00:00,-42.358490,-29.021858,5.435389,317.127500,-27.967110,1009.573000,314.500000,-28.250000,17.275910
19850421,170,1985-07-08 01:00:00,-42.226440,-29.107157,5.400926,317.300200,-28.032380,1009.890000,314.500000,-27.750000,17.126760
19850421,171,1985-07-08 02:00:00,-42.118866,-29.207493,5.383314,317.444700,-28.043890,1009.983000,314.750000,-27.750000,16.106520
19850421,172,1985-07-08 03:00:00,-41.952057,-29.350182,5.374635,317.555000,-28.052540,1010.210000,314.750000,-27.750000,15.679100
19850421,173,1985-07-08 04:00:00,-41.774048,-29.443396,5.394858,317.750500,-28.044090,1010.668000,315.000000,-27.500000,14.813150
19850421,174,1985-07-08 05:00:00,-41.615326,-29.470415,5.387977,318.086200,-28.106050,1010.800000,315.000000,-27.750000,14.020920
19850421,175,1985-07-08 06:00:00,-41.482544,-29.525080,5.383573,318.295800,-28.105800,1010.650000,317.750000,-32.000000,13.551410
19850421,176,1985-07-08 07:00:00,-41.391205,-29.564062,5.427685,318.622300,-28.250210,1010.886000,317.000000,-30.250000,13.607060
19850421,177,1985-07-08 08:00:00,-41.298676,-29.579594,5.406197,318.759200,-28.366220,1010.878000,317.500000,-32.000000,14.077380
19850421,178,1985-07-08 09:00:00,-41.149841,-29.522388,5.352088,318.913400,-28.512390,1011.500000,317.000000,-31.750000,14.619740
19850421,179,1985-07-08 10:00:00,-40.998352,-29.159609,5.523629,319.042100,-28.658210,1011.478000,316.500000,-31.000000,14.312510
19850421,180,1985-07-08 11:00:00,-41.030487,-29.160027,5.447021,319.109900,-28.729010,1011.873000,318.500000,-32.750000,13.714500
19850421,181,1985-07-08 12:00:00,-41.113831,-29.218533,5.340396,319.011200,-28.934310,1012.246000,318.750000,-33.000000,13.262610
19850421,182,1985-07-08 13:00:00,-41.143921,-29.249060,5.265524,319.022100,-28.976940,1013.011000,317.750000,-33.500000,13.242480
19850421,183,1985-07-08 14:00:00,-41.051483,-29.268040,5.167423,319.000700,-29.066660,1012.859000,318.500000,-33.250000,13.283620
19850421,184,1985-07-08 15:00:00,-40.833527,-29.258612,5.204577,319.015200,-29.177160,1012.577000,317.750000,-33.250000,13.203110
19850421,185,1985-07-08 16:00:00,-40.689209,-29.302219,5.207573,319.046200,-29.206690,1012.120000,317.500000,-33.250000,12.956960
19850421,186,1985-07-08 17:00:00,-40.566803,-29.363674,5.109698,318.972500,-29.186790,1011.713000,318.750000,-33.250000,13.100050
19850421,187,1985-07-08 18:00:00,-40.399384,-29.409594,5.000705,319.003800,-29.214090,1011.724000,319.000000,-33.250000,13.299940
19850421,188,1985-07-08 19:00:00,-40.217682,-29.464811,4.951085,319.110600,-29.250170,1012.316000,319.250000,-33.000000,13.342070
19850421,189,1985-07-08 20:00:00,-40.090851,-29.505308,4.928421,319.137800,-29.245030,1012.515000,324.250000,-31.250000,12.894110
19850421,190,1985-07-08 21:00:00,-40.115265,-29.579906,4.826218,319.181600,-29.294460,1013.109000,324.750000,-30.250000,12.750730
19850421,191,1985-07-08 22:00:00,-40.156281,-29.494768,4.759852,319.070000,-29.286210,1013.810000,324.000000,-31.500000,14.146260
19850421,192,1985-07-08 23:00:00,-40.062500,-29.487787,4.742542,319.086900,-29.342650,1014.086000,324.000000,-31.500000,13.407790
19850421,193,1985-07-09 00:00:00,-39.934387,-29.521904,4.682731,319.199500,-29.383060,1014.334000,323.750000,-31.750000,12.791700
19850421,194,1985-07-09 01:00:00,-39.940979,-29.617483,4.500783,319.323900,-29.477500,1014.333000,325.000000,-30.250000,12.439680
19850421,195,1985-07-09 02:00:00,-39.971924,-29.663858,4.300216,319.203500,-29.467170,1014.276000,325.000000,-30.750000,12.747110
19850421,196,1985-07-09 03:00:00,-39.880249,-29.680296,4.246780,319.231400,-29.544310,1014.420000,325.000000,-30.750000,13.432820
19850421,197,1985-07-09 04:00:00,-39.796722,-29.720331,4.165019,319.309100,-29.610500,1014.356000,325.000000,-30.750000,13.677160
19850421,198,1985-07-09 05:00:00,-39.720276,-29.777357,4.071226,319.502800,-29.749640,1014.591000,325.000000,-30.750000,13.848070
19850421,199,1985-07-09 06:00:00,-39.660339,-29.841074,3.975024,319.097300,-29.822190,1014.533000,325.000000,-31.000000,13.927090
19850421,200,1985-07-09 07:00:00,-39.545471,-29.915594,3.915718,319.141200,-30.036480,1014.291000,325.750000,-30.500000,13.409370
19850421,201,1985-07-09 08:00:00,-39.295197,-30.015633,3.964027,319.577100,-30.223640,1014.322000,326.000000,-30.250000,14.253420
19850421,202,1985-07-09 09:00:00,-39.003540,-30.144266,4.022324,319.760700,-30.457830,1014.663000,326.000000,-30.250000,14.606320
19850421,203,1985-07-09 10:00:00,-38.828796,-30.171867,3.867727,319.674700,-30.617600,1015.756000,326.000000,-30.250000,14.509890
19850421,204,1985-07-09 11:00:00,-38.739624,-30.353573,3.847850,319.799300,-30.947810,1015.830000,326.000000,-30.250000,14.155390
19850421,205,1985-07-09 12:00:00,-38.840210,-30.530827,3.699489,319.941100,-31.134960,1016.447000,326.000000,-30.250000,13.621370
19850421,206,1985-07-09 13:00:00,-38.929382,-30.683598,3.506383,319.900400,-31.310710,1016.611000,326.000000,-30.500000,13.145940
19850421,207,1985-07-09 14:00:00,-38.961121,-30.839127,3.324861,319.950600,-31.388690,1016.427000,325.750000,-32.500000,12.993370
19850421,208,1985-07-09 15:00:00,-38.734314,-31.031034,3.234725,319.978700,-31.605070,1015.724000,325.750000,-33.000000,13.686570
19850421,209,1985-07-09 16:00:00,-38.385498,-31.210049,3.214356,319.938800,-32.000710,1014.941000,325.750000,-33.000000,13.726750
19850421,210,1985-07-09 17:00:00,-38.059357,-31.384357,3.191059,319.116900,-33.286200,1014.546000,326.000000,-33.250000,13.805010
19850421,211,1985-07-09 18:00:00,-37.915985,-31.488302,3.082660,319.524600,-33.445240,1014.173000,326.250000,-33.500000,13.321540
19850421,212,1985-07-09 19:00:00,-37.809326,-31.622013,3.004025,319.901200,-33.824250,1014.266000,327.000000,-32.500000,13.086830
19850421,213,1985-07-09 20:00:00,-37.602142,-31.792721,2.993140,-999.000000,-999.000000,1016.031000,326.750000,-32.500000,13.507490
19850421,214,1985-07-09 21:00:00,-37.495911,-31.919079,2.927441,-999.000000,-999.000000,1015.897000,326.750000,-32.750000,13.727590
19850421,215,1985-07-09 22:00:00,-37.251373,-31.943747,2.900922,320.480300,-33.883570,1015.579000,327.000000,-33.000000,13.247210
19850421,216,1985-07-09 23:00:00,-37.172913,-32.160934,2.775769,-999.000000,-999.000000,1016.651000,326.750000,-33.250000,12.928050
19850421,217,1985-07-10 00:00:00,-37.127991,-32.417645,2.625241,-999.000000,-999.000000,1016.669000,326.750000,-32.750000,13.196980
19850421,218,1985-07-10 01:00:00,-36.939209,-32.725273,2.542861,-999.000000,-999.000000,1016.268000,326.750000,-33.000000,13.077320
19850421,219,1985-07-10 02:00:00,-36.788879,-33.064243,2.410772,-999.000000,-999.000000,1015.854000,326.750000,-36.750000,12.688470
19850421,220,1985-07-10 03:00:00,-36.660126,-33.455067,2.284768,-999.000000,-999.000000,1015.249000,325.250000,-39.250000,13.072170
19850421,221,1985-07-10 04:00:00,-36.675903,-33.948658,2.177116,-999.000000,-999.000000,1014.362000,326.750000,-39.250000,13.427010
19850421,222,1985-07-10 05:00:00,-36.651154,-34.444584,2.101136,-999.000000,-999.000000,1013.334000,327.250000,-39.500000,13.738550
19850421,223,1985-07-10 06:00:00,-36.557861,-34.878559,2.075008,-999.000000,-999.000000,1012.719000,327.250000,-40.000000,14.053410
19850421,224,1985-07-10 07:00:00,-36.581421,-35.367290,2.078537,-999.000000,-999.000000,1011.702000,328.500000,-39.750000,14.282220
19850421,225,1985-07-10 08:00:00,-36.442169,-35.743870,2.112555,-999.000000,-999.000000,1011.092000,328.750000,-40.000000,14.545450
19850421,226,1985-07-10 09:00:00,-36.221954,-36.019691,2.206956,-999.000000,-999.000000,1010.967000,329.000000,-40.250000,14.584310
19850421,227,1985-07-10 10:00:00,-36.425873,-36.381397,2.189927,-999.000000,-999.000000,1010.627000,330.500000,-38.750000,14.039280
19850421,228,1985-07-10 11:00:00,-36.064728,-36.726807,2.354845,-999.000000,-999.000000,1010.424000,330.500000,-39.500000,14.037890
19850421,229,1985-07-10 12:00:00,-35.767792,-36.976818,2.500352,-999.000000,-999.000000,1010.154000,331.000000,-39.750000,14.343700
19850421,230,1985-07-10 13:00:00,-35.842560,-37.054852,2.674229,-999.000000,-999.000000,1009.466000,331.250000,-39.250000,14.028940
19850421,231,1985-07-10 14:00:00,-35.345551,-37.233036,2.756117,-999.000000,-999.000000,1008.888000,332.000000,-38.750000,14.477970
19920474,717,1992-07-30 20:00:00,-52.544464,-32.205776,3.487894,308.680400,-31.519530,1009.821000,305.000000,-36.250000,11.591980
19920474,718,1992-07-30 21:00:00,-51.170227,-32.578976,3.468164,310.827200,-32.915080,1009.901000,305.000000,-36.500000,11.806850
19920474,719,1992-07-30 22:00:00,-50.280334,-32.998898,3.705868,313.377300,-32.332010,1008.260000,306.000000,-35.500000,12.755540
19920474,720,1992-07-30 23:00:00,-49.148560,-33.259472,3.597526,314.328000,-32.605070,1008.043000,314.250000,-32.250000,14.467870
19920474,721,1992-07-31 00:00:00,-47.832977,-33.635788,3.551229,314.558300,-32.839290,1007.837000,314.500000,-32.500000,14.591730
19920474,722,1992-07-31 01:00:00,-46.849823,-33.819214,3.743538,315.235700,-33.271860,1007.130000,315.000000,-32.750000,15.301730
19920474,723,1992-07-31 02:00:00,-46.002960,-33.994267,3.878179,315.959700,-33.645010,1006.653000,316.000000,-33.000000,15.913820
19920474,724,1992-07-31 03:00:00,-45.174774,-34.210522,3.960139,316.491800,-33.862410,1005.759000,316.500000,-33.250000,16.593690
19920474,725,1992-07-31 04:00:00,-44.312500,-34.418262,4.134875,317.194500,-34.029640,1005.264000,317.500000,-33.750000,16.998600
19920474,726,1992-07-31 05:00:00,-43.430176,-34.677635,4.249470,317.874100,-34.261400,1004.374000,318.250000,-34.000000,17.679880
19920474,727,1992-07-31 06:00:00,-42.728058,-34.822174,4.537715,318.568100,-34.493840,1003.904000,318.750000,-34.250000,17.910250
19920474,728,1992-07-31 07:00:00,-42.115387,-35.016445,4.503957,319.156700,-34.751790,1003.079000,319.750000,-34.250000,17.977130
19920474,729,1992-07-31 08:00:00,-41.357941,-35.278156,4.545377,319.908100,-35.012250,1002.794000,320.250000,-34.500000,18.822030
19920474,730,1992-07-31 09:00:00,-40.622925,-35.505573,4.652670,320.562700,-35.242420,1003.079000,321.000000,-34.750000,19.312990
19920474,731,1992-07-31 10:00:00,-39.684540,-35.801266,4.487619,321.208600,-35.474690,1003.064000,321.750000,-35.000000,20.619480
19920474,732,1992-07-31 11:00:00,-38.695557,-36.180454,4.592806,322.007500,-35.766580,1003.124000,322.250000,-35.250000,20.357460
19920474,733,1992-07-31 12:00:00,-37.485107,-36.640785,4.712431,322.842200,-36.047620,1002.902000,323.000000,-35.500000,20.501670
19920474,734,1992-07-31 13:00:00,-36.487213,-36.968662,4.887842,323.634900,-36.369480,1002.300000,324.000000,-35.750000,20.590820
19920474,735,1992-07-31 14:00:00,-35.429382,-37.285011,5.106559,324.466700,-36.643330,1001.851000,324.750000,-36.250000,20.885230
19920474,736,1992-07-31 15:00:00,-34.324158,-37.607479,5.161584,325.420700,-36.897380,1000.987000,325.750000,-36.500000,20.958290
19920474,737,1992-07-31 16:00:00,-33.347412,-37.816341,5.552682,326.367200,-37.138400,1000.284000,326.750000,-36.750000,20.966230
19920474,738,1992-07-31 17:00:00,-32.429138,-38.020313,5.498779,327.360000,-37.314960,1000.497000,327.750000,-37.000000,21.147590
19920474,739,1992-07-31 18:00:00,-31.310608,-38.326305,5.621244,328.457500,-37.519700,1001.091000,328.500000,-37.250000,21.154640
19920474,740,1992-07-31 19:00:00,-30.431122,-38.543079,5.677999,329.550800,-37.766390,1001.571000,329.750000,-37.500000,20.673230
19920474,741,1992-07-31 20:00:00,-29.387207,-38.847179,5.724902,330.918600,-38.119200,1002.026000,330.750000,-37.750000,20.004540
19920474,742,1992-07-31 21:00:00,-28.258942,-39.231495,5.737767,332.361500,-38.611590,1002.064000,332.000000,-38.000000,19.476720
19920474,743,1992-07-31 22:00:00,-26.340302,-39.968967,4.868731,335.377400,-40.727080,1002.004000,334.000000,-38.500000,18.651850
19920474,744,1992-07-31 23:00:00,-24.624084,-40.569115,4.939399,336.416900,-40.917590,1001.729000,335.750000,-39.000000,19.143000
19920474,1,1992-07-01 00:00:00,-22.919769,-41.151562,4.920620,337.234100,-40.894380,1001.618000,337.000000,-39.250000,19.310380
19920474,2,1992-07-01 01:00:00,-21.475311,-41.639965,5.111874,338.555100,-40.997490,1001.068000,338.500000,-39.750000,19.515950
19920474,3,1992-07-01 02:00:00,-20.186646,-42.051437,5.255608,339.700700,-41.283590,1000.837000,339.500000,-40.250000,19.925060
19920474,4,1992-07-01 03:00:00,-18.858612,-42.458683,5.369664,344.809400,-43.577160,997.918900,340.750000,-40.750000,20.311760
19920474,5,1992-07-01 04:00:00,-17.651062,-42.794083,5.408990,345.697600,-43.720350,997.279700,342.000000,-41.250000,20.649620
19920474,6,1992-07-01 05:00:00,-16.382324,-43.095634,5.320714,346.646400,-43.950470,996.862500,343.500000,-41.500000,20.405360
19920474,7,1992-07-01 06:00:00,-14.893646,-43.444904,5.308080,347.240900,-44.052520,996.641800,345.000000,-42.000000,19.947530
19920474,8,1992-07-01 07:00:00,-13.425629,-43.797882,5.163065,348.469800,-44.276490,996.382800,346.250000,-42.250000,19.692870
19920474,9,1992-07-01 08:00:00,-11.919281,-44.138039,5.194751,349.055900,-44.386120,995.957100,347.750000,-42.750000,19.462000
19920474,10,1992-07-01 09:00:00,-10.465546,-44.480225,5.141233,349.748000,-44.440270,995.550700,348.750000,-43.250000,19.319360
19920474,11,1992-07-01 10:00:00,-8.595886,-45.169178,5.019217,351.896100,-45.031330,995.730200,351.250000,-43.500000,18.527180
19920474,12,1992-07-01 11:00:00,-7.381317,-45.394985,4.987152,352.469400,-45.156110,995.464400,352.500000,-43.750000,19.287330
19920474,13,1992-07-01 12:00:00,-6.176178,-45.624626,4.938273,353.506500,-45.401240,994.793800,354.000000,-44.000000,19.362050
19920474,14,1992-07-01 13:00:00,-5.036194,-45.820049,4.938817,354.656200,-45.642790,993.180800,355.000000,-44.250000,19.298060
19920474,15,1992-07-01 14:00:00,-3.933807,-45.993008,4.926682,355.400900,-45.787280,992.445300,354.000000,-44.500000,20.137020
19920474,16,1992-07-01 15:00:00,-2.746490,-46.183899,4.961977,356.931500,-46.153950,991.751000,355.500000,-45.000000,20.342200
19920474,17,1992-07-01 16:00:00,-1.485779,-46.394718,5.054144,357.762800,-46.314680,991.353200,357.000000,-45.250000,20.246660
19920474,18,1992-07-01 17:00:00,-0.165497,-46.600525,5.180724,359.039500,-46.573640,991.101200,358.250000,-45.750000,20.105140
19920474,19,1992-07-01 18:00:00,1.232530,-46.823502,5.247568,0.000000,-46.759300,991.246500,0.500000,-46.500000,19.830420
19920474,20,1992-07-01 19:00:00,2.673327,-47.088619,5.403799,1.412127,-47.025090,991.154700,0.750000,-46.000000,19.619170
19920474,21,1992-07-01 20:00:00,3.930854,-47.295696,5.500339,2.954922,-47.428940,991.227700,2.000000,-45.750000,19.563900
19920474,22,1992-07-01 21:00:00,5.296746,-47.523834,5.570390,4.100320,-47.670880,991.026100,3.000000,-46.000000,19.743390
19920474,23,1992-07-01 22:00:00,6.779969,-47.569702,5.601573,5.057144,-47.768590,991.191600,4.500000,-46.000000,18.361670
19920474,24,1992-07-01 23:00:00,8.056945,-47.810135,5.614647,6.546253,-48.193280,990.822100,5.250000,-46.500000,18.526010
19920474,25,1992-07-02 00:00:00,9.125237,-48.028091,5.642322,7.324098,-48.318160,990.212700,6.250000,-46.750000,18.265800
19920474,26,1992-07-02 01:00:00,10.079744,-48.212902,5.541429,8.591295,-48.639680,990.008100,7.250000,-46.250000,18.185840
19920474,27,1992-07-02 02:00:00,11.171179,-48.456181,5.509174,9.544345,-48.842730,990.127400,8.250000,-46.500000,18.703240
19920474,28,1992-07-02 03:00:00,12.385885,-48.743858,5.544012,11.263050,-49.240440,989.906200,9.500000,-46.750000,19.084880
19920474,29,1992-07-02 04:00:00,13.566663,-49.018841,5.620383,11.964000,-49.389930,989.777200,10.500000,-46.750000,19.236110
19920474,30,1992-07-02 05:00:00,14.758057,-49.244923,5.650900,13.180180,-49.634260,990.130100,11.750000,-47.000000,18.991080
19920474,31,1992-07-02 06:00:00,15.924256,-49.432976,5.647785,13.975590,-49.699450,989.775100,12.750000,-47.250000,18.833830
19920474,32,1992-07-02 07:00:00,17.161373,-49.628578,5.726039,15.250300,-49.961620,990.155800,13.750000,-47.250000,18.693010
19920474,33,1992-07-02 08:00:00,18.325003,-49.791462,5.764701,17.158000,-50.378760,990.510700,14.750000,-47.500000,18.597090
19920474,34,1992-07-02 09:00:00,19.453003,-49.923862,5.720473,18.473190,-50.639160,990.590100,15.750000,-47.500000,18.436340
19920474,35,1992-07-02 10:00:00,21.319517,-50.228928,5.659128,20.075400,-51.041640,991.394300,16.750000,-47.500000,17.571770
19920474,36,1992-07-02 11:00:00,22.660694,-50.406452,5.591587,21.442880,-51.342540,990.993200,17.500000,-47.500000,17.775880
19920474,37,1992-07-02 12:00:00,23.922905,-50.544510,5.480411,22.795190,-51.603530,990.661600,18.750000,-47.500000,17.485750
19920474,38,1992-07-02 13:00:00,25.090990,-50.656010,5.410650,24.709430,-51.926850,990.500200,20.000000,-47.500000,17.284440
19920474,39,1992-07-02 14:00:00,26.311810,-50.783009,5.391033,25.912250,-52.066380,990.694500,21.250000,-47.500000,17.079520
19920474,40,1992-07-02 15:00:00,27.568712,-50.907784,5.415431,26.900800,-52.202820,991.024800,21.500000,-47.500000,16.791230
19920474,41,1992-07-02 16:00:00,28.766769,-51.019653,5.424788,28.568540,-52.377500,991.077200,24.500000,-48.000000,16.156870
19920474,42,1992-07-02 17:00:00,30.024569,-51.102505,5.453053,29.997750,-52.517850,991.465600,25.000000,-47.750000,15.776230
19920474,43,1992-07-02 18:00:00,31.424774,-51.187366,5.468847,31.185740,-52.594420,991.848100,28.750000,-48.500000,15.579670
19920474,44,1992-07-02 19:00:00,32.711178,-51.218884,5.468571,32.521050,-52.685270,992.031600,30.000000,-48.500000,15.453980
19920474,45,1992-07-02 20:00:00,34.072403,-51.232342,5.422261,34.206100,-52.745790,992.344000,31.000000,-48.750000,15.304870
19920474,46,1992-07-02 21:00:00,35.519783,-51.246174,5.337436,35.893620,-52.774380,992.498700,31.500000,-48.750000,15.132530
19920474,47,1992-07-02 22:00:00,36.624245,-51.342739,5.530286,38.436060,-52.747900,991.395100,43.000000,-50.750000,15.679420
19920474,48,1992-07-02 23:00:00,38.065563,-51.327873,5.434099,39.500960,-52.754060,991.600500,44.250000,-50.750000,15.604280
19920474,49,1992-07-03 00:00:00,39.621964,-51.291668,5.333074,41.315480,-52.730580,991.618500,45.500000,-50.750000,15.511690
19920474,50,1992-07-03 01:00:00,41.121243,-51.221416,5.259402,42.856590,-52.687920,991.930100,47.000000,-50.500000,15.441280
19920474,51,1992-07-03 02:00:00,42.880020,-51.125748,5.217251,44.104110,-52.596950,991.968300,48.500000,-50.500000,15.711400
19920474,52,1992-07-03 03:00:00,44.228760,-51.005699,5.146727,45.333560,-52.483350,992.799600,49.750000,-50.250000,15.830660
19920474,53,1992-07-03 04:00:00,45.902370,-50.825176,5.050747,48.985050,-51.985570,992.944500,50.750000,-50.250000,15.805320
19920474,54,1992-07-03 05:00:00,47.507160,-50.631840,4.991509,51.152330,-51.580450,993.731800,52.750000,-50.000000,15.773860
19920474,55,1992-07-03 06:00:00,49.650642,-50.369823,4.883052,53.828890,-51.079060,993.431800,54.000000,-49.750000,16.128420
19920474,56,1992-07-03 07:00:00,52.510487,-50.006836,4.751630,55.711240,-50.783950,993.341700,55.500000,-49.250000,16.388470
19920474,57,1992-07-03 08:00:00,55.318237,-49.631401,4.733744,57.436600,-50.531810,992.776300,57.000000,-49.000000,16.728470
19920474,58,1992-07-03 09:00:00,57.458508,-49.366787,4.776596,58.723070,-50.320510,992.127300,59.000000,-43.500000,17.278720
19920474,59,1992-07-03 10:00:00,59.196640,-48.995552,4.700767,59.951240,-50.119070,992.137800,62.250000,-45.000000,17.182220
19920474,60,1992-07-03 11:00:00,60.768494,-48.818230,4.752753,61.277810,-49.874360,992.332300,60.250000,-43.000000,17.177120
19920474,61,1992-07-03 12:00:00,62.353123,-48.641361,4.843849,65.054320,-49.320280,991.373200,60.500000,-43.250000,17.821670
19920474,62,1992-07-03 13:00:00,63.911179,-48.462624,4.932979,66.779120,-49.050940,990.590000,64.000000,-44.250000,17.787210
19920474,63,1992-07-03 14:00:00,65.433487,-48.240826,4.960349,68.305210,-48.803010,989.585800,61.250000,-44.500000,17.764020
19920474,64,1992-07-03 15:00:00,67.114700,-48.025341,4.942728,69.944300,-48.550800,989.455600,61.500000,-44.750000,18.226590
19920474,65,1992-07-03 16:00:00,68.964279,-47.795731,4.974609,71.575390,-48.259000,988.270800,62.250000,-44.500000,18.956880
19920474,66,1992-07-03 17:00:00,70.722710,-47.539387,4.939455,73.095890,-48.042030,987.913800,75.000000,-45.500000,18.280730
19920474,67,1992-07-03 18:00:00,72.350845,-47.272572,4.999067,74.882880,-47.846740,986.133200,78.250000,-44.000000,19.901950
19920474,68,1992-07-03 19:00:00,73.719467,-47.057919,5.134501,76.079220,-47.725910,985.751000,76.500000,-45.500000,20.464820
19920474,69,1992-07-03 20:00:00,74.954208,-46.847786,5.186630,77.861090,-47.514820,984.737300,79.500000,-45.000000,21.839640
19920474,70,1992-07-03 21:00:00,76.193474,-46.675594,5.198963,79.242710,-47.368630,983.680300,79.250000,-45.000000,21.744150
19920474,71,1992-07-03 22:00:00,77.306557,-46.624863,4.786435,-999.000000,-999.000000,986.791600,83.250000,-44.000000,21.476500
19920474,72,1992-07-03 23:00:00,78.900620,-46.541519,4.730962,-999.000000,-999.000000,984.923000,83.250000,-43.750000,20.981170
19920474,73,1992-07-04 00:00:00,80.447823,-46.438053,4.776740,84.100690,-46.957130,979.719400,83.250000,-44.000000,20.710550
19920474,74,1992-07-04 01:00:00,82.022911,-46.347206,4.835193,85.345140,-46.929080,978.254100,82.500000,-44.000000,21.427530
19920474,75,1992-07-04 02:00:00,83.473839,-46.250496,4.987338,-999.000000,-999.000000,982.345800,84.000000,-43.750000,20.956080
19920474,76,1992-07-04 03:00:00,84.914627,-46.144802,5.244523,-999.000000,-999.000000,981.821400,82.750000,-42.500000,21.179160
19920474,77,1992-07-04 04:00:00,86.312096,-46.093117,5.415730,-999.000000,-999.000000,980.810700,86.000000,-43.000000,21.478930
19920474,78,1992-07-04 05:00:00,87.577553,-46.048851,5.462276,-999.000000,-999.000000,979.961200,86.500000,-42.750000,21.671520
19920474,79,1992-07-04 06:00:00,88.896713,-46.052494,5.447376,91.245200,-47.275810,972.033600,88.500000,-42.750000,21.504600
19920474,80,1992-07-04 07:00:00,90.084846,-46.072620,5.440362,92.127220,-47.429360,970.318100,88.750000,-42.500000,21.428360
19920474,81,1992-07-04 08:00:00,91.373161,-46.164711,5.521182,93.221510,-47.610600,969.070300,89.250000,-42.250000,21.346490
19920474,82,1992-07-04 09:00:00,92.552513,-46.278210,5.501834,94.011920,-47.779560,967.940300,89.000000,-41.750000,21.411430
19920474,83,1992-07-04 10:00:00,93.917320,-46.679893,5.416096,95.162720,-47.976860,966.634900,89.250000,-41.750000,20.541750
19920474,84,1992-07-04 11:00:00,95.047745,-46.818272,5.399086,96.069000,-48.161580,965.759100,91.500000,-42.000000,20.145620
19920474,85,1992-07-04 12:00:00,96.208496,-47.032501,5.494933,97.200410,-48.373470,964.818800,93.250000,-42.000000,20.259360
19920474,86,1992-07-04 13:00:00,97.269035,-47.227482,5.532502,98.059700,-48.573100,964.150600,94.250000,-42.000000,19.820350
19920474,87,1992-07-04 14:00:00,98.372307,-47.508621,5.479289,99.159710,-48.839120,963.338500,95.750000,-42.250000,19.461180
19920474,88,1992-07-04 15:00:00,99.459808,-47.851692,5.638015,99.996300,-49.073330,962.760000,104.500000,-48.250000,19.629420
19920474,89,1992-07-04 16:00:00,100.543640,-48.040031,5.504725,101.091900,-49.425300,961.901600,98.500000,-42.500000,19.682950
19920474,90,1992-07-04 17:00:00,101.586609,-48.346573,5.584922,101.846100,-49.632350,961.345000,99.750000,-42.750000,19.425360
19920474,91,1992-07-04 18:00:00,102.658058,-48.591606,5.470336,102.763100,-50.007710,960.461900,100.250000,-43.000000,20.024560
19920474,92,1992-07-04 19:00:00,103.677299,-48.921612,5.542769,103.762000,-50.420510,959.986100,104.750000,-48.500000,19.223270
19920474,93,1992-07-04 20:00:00,104.616974,-49.168758,5.446274,104.843000,-50.894250,959.132000,103.500000,-44.250000,19.100080
19920474,94,1992-07-04 21:00:00,105.504730,-49.465382,5.346993,105.655100,-51.302720,958.408300,104.250000,-44.500000,19.379000
19920474,95,1992-07-04 22:00:00,107.253151,-49.854713,5.282416,106.907100,-51.740010,958.875600,104.750000,-44.500000,18.766910
19920474,96,1992-07-04 23:00:00,108.016380,-50.257812,5.218254,107.761300,-52.196440,958.653000,106.000000,-45.000000,19.225150
19920474,97,1992-07-05 00:00:00,108.717827,-50.702473,5.188293,108.475900,-52.585190,958.068200,107.250000,-45.250000,19.222270
19920474,98,1992-07-05 01:00:00,109.408142,-51.045326,5.127474,109.057100,-52.943770,957.959700,108.500000,-45.750000,19.441740
19920474,99,1992-07-05 02:00:00,110.107483,-51.450275,5.168716,109.771100,-53.398930,957.484700,108.750000,-45.750000,18.368670
19920474,100,1992-07-05 03:00:00,110.787575,-51.836132,5.133455,110.264300,-53.826110,957.320800,109.500000,-46.000000,18.147320
19920474,101,1992-07-05 04:00:00,111.362389,-52.212326,5.016763,110.720900,-54.238720,956.595900,110.750000,-46.500000,18.240960
19920474,102,1992-07-05 05:00:00,111.889641,-52.550900,4.826114,111.333000,-54.734550,955.697700,111.250000,-46.750000,18.533480
19920474,103,1992-07-05 06:00:00,112.343178,-53.041641,4.659887,111.534000,-55.164830,954.933300,112.250000,-47.250000,18.518880
19920474,104,1992-07-05 07:00:00,112.720604,-53.427822,4.453810,111.834400,-55.494460,954.354900,113.250000,-47.500000,17.810590
19920474,105,1992-07-05 08:00:00,113.101646,-53.810196,4.364736,112.161000,-55.863070,953.884200,114.000000,-48.000000,17.350110
19920474,106,1992-07-05 09:00:00,113.424118,-54.218185,4.258330,112.295500,-56.257730,953.496600,115.250000,-48.750000,17.071610
20130576,677,2013-08-29 04:00:00,-39.497559,-38.508080,1.919379,-999.000000,-999.000000,1012.419000,324.250000,-37.250000,15.211810
20130576,678,2013-08-29 05:00:00,-38.176300,-38.465469,1.995011,-999.000000,-999.000000,1011.725000,325.000000,-37.250000,15.652230
20130576,679,2013-08-29 06:00:00,-37.022888,-38.456940,1.948735,-999.000000,-999.000000,1010.864000,326.000000,-37.250000,16.065830
20130576,680,2013-08-29 07:00:00,-35.907867,-38.457909,2.023126,-999.000000,-999.000000,1010.760000,326.750000,-37.000000,15.928180
20130576,681,2013-08-29 08:00:00,-34.875732,-38.464554,1.972588,-999.000000,-999.000000,1010.024000,327.250000,-36.750000,16.090620
20130576,682,2013-08-29 09:00:00,-33.988464,-38.364494,2.069603,-999.000000,-999.000000,1010.593000,328.000000,-36.500000,16.063750
20130576,683,2013-08-29 10:00:00,-33.512268,-38.086140,2.095838,-999.000000,-999.000000,1011.501000,329.500000,-37.000000,15.794710
20130576,684,2013-08-29 11:00:00,-32.570862,-38.112907,2.069457,-999.000000,-999.000000,1011.154000,330.250000,-37.000000,16.126280
20130576,685,2013-08-29 12:00:00,-31.539886,-38.252907,2.163910,-999.000000,-999.000000,1011.014000,331.000000,-37.250000,16.428110
20130576,686,2013-08-29 13:00:00,-30.689667,-38.447487,2.182897,-999.000000,-999.000000,1010.579000,332.250000,-37.750000,16.815620
20130576,687,2013-08-29 14:00:00,-29.780762,-38.613358,2.151924,-999.000000,-999.000000,1010.135000,333.000000,-37.500000,16.872960
20130576,688,2013-08-29 15:00:00,-28.846680,-38.815895,2.187842,-999.000000,-999.000000,1009.602000,334.000000,-38.000000,16.932480
20130576,689,2013-08-29 16:00:00,-28.060608,-38.927906,2.169302,-999.000000,-999.000000,1008.978000,335.250000,-38.750000,17.013510
20130576,690,2013-08-29 17:00:00,-27.197021,-39.053604,2.184683,-999.000000,-999.000000,1009.019000,336.000000,-38.750000,17.158900
20130576,691,2013-08-29 18:00:00,-26.274658,-39.151772,2.123030,-999.000000,-999.000000,1009.090000,336.750000,-39.000000,16.664870
20130576,692,2013-08-29 19:00:00,-25.326294,-39.192795,2.106536,-999.000000,-999.000000,1009.113000,337.500000,-38.750000,16.543950
20130576,693,2013-08-29 20:00:00,-24.195648,-39.355228,2.109822,-999.000000,-999.000000,1009.011000,338.250000,-38.750000,16.632790
20130576,694,2013-08-29 21:00:00,-22.872101,-39.515354,2.089725,-999.000000,-999.000000,1008.455000,339.000000,-39.250000,16.652800
20130576,695,2013-08-29 22:00:00,-21.526367,-39.914261,1.951632,339.792900,-40.730060,1005.060000,339.000000,-37.500000,15.870840
20130576,696,2013-08-29 23:00:00,-19.961060,-39.935169,2.112279,340.496700,-40.784900,1004.596000,340.000000,-38.250000,16.543600
20130576,697,2013-08-30 00:00:00,-18.485870,-39.999626,2.379385,-999.000000,-999.000000,1007.134000,341.000000,-38.750000,17.314390
20130576,698,2013-08-30 01:00:00,-17.096893,-40.063736,2.586620,-999.000000,-999.000000,1008.593000,341.750000,-39.250000,17.629820
20130576,699,2013-08-30 02:00:00,-16.014069,-40.183212,2.848460,-999.000000,-999.000000,1008.901000,342.500000,-39.250000,16.983220
20130576,700,2013-08-30 03:00:00,-15.142883,-40.380424,2.995209,343.489600,-41.673100,1004.383000,343.250000,-39.000000,16.230910
20130576,701,2013-08-30 04:00:00,-14.336060,-40.575584,3.193151,343.774400,-41.335750,1003.492000,344.000000,-39.250000,16.852190
20130576,702,2013-08-30 05:00:00,-13.290405,-40.802399,3.354787,-999.000000,-999.000000,1007.910000,345.000000,-40.000000,16.758960
20130576,703,2013-08-30 06:00:00,-12.323700,-40.944183,3.564954,-999.000000,-999.000000,1008.163000,345.750000,-39.500000,16.639000
20130576,704,2013-08-30 07:00:00,-11.422943,-41.170887,3.801800,-999.000000,-999.000000,1008.109000,355.750000,-41.750000,16.696590
20130576,705,2013-08-30 08:00:00,-10.617096,-41.596535,4.085745,-999.000000,-999.000000,1008.018000,356.750000,-43.500000,16.956900
20130576,706,2013-08-30 09:00:00,-9.778473,-41.929970,4.386924,348.264600,-44.564530,1002.833000,356.750000,-43.250000,16.814590
20130576,707,2013-08-30 10:00:00,-8.968628,-42.232449,4.631484,348.788300,-44.582230,1001.974000,356.750000,-43.250000,17.208450
20130576,708,2013-08-30 11:00:00,-8.401703,-42.482224,4.830096,-999.000000,-999.000000,1007.182000,358.250000,-44.250000,18.685050
20130576,709,2013-08-30 12:00:00,-7.862000,-42.712238,5.028521,-999.000000,-999.000000,1006.505000,358.500000,-44.250000,18.255760
20130576,710,2013-08-30 13:00:00,-7.349945,-42.994514,5.227224,350.236400,-45.213240,1000.872000,358.250000,-44.250000,17.690300
20130576,711,2013-08-30 14:00:00,-6.772308,-43.281082,5.327862,350.751200,-45.248260,999.849400,359.250000,-44.750000,17.836150
20130576,712,2013-08-30 15:00:00,-6.166840,-43.536694,5.428567,351.185800,-45.455150,999.836700,359.250000,-44.500000,18.106280
20130576,713,2013-08-30 16:00:00,-5.536377,-43.777328,5.434561,351.715900,-45.706720,999.188800,359.750000,-43.750000,18.242460
20130576,714,2013-08-30 17:00:00,-4.931061,-44.100712,5.637479,352.271900,-45.825260,999.056700,359.750000,-44.000000,18.620890
20130576,715,2013-08-30 18:00:00,-4.336395,-44.443005,5.738151,352.659300,-46.051000,998.824900,359.750000,-44.250000,18.191520
20130576,716,2013-08-30 19:00:00,-3.740723,-44.741764,5.763408,-999.000000,-999.000000,1002.656000,0.500000,-44.250000,18.264200
20130576,717,2013-08-30 20:00:00,-3.178009,-44.996647,5.786145,-999.000000,-999.000000,1002.476000,1.000000,-44.250000,18.008470
20130576,718,2013-08-30 21:00:00,-2.645172,-45.294590,5.703661,-999.000000,-999.000000,1001.824000,0.750000,-44.000000,18.126610
20130576,719,2013-08-30 22:00:00,-2.074341,-45.617767,5.456349,353.713100,-46.743450,996.900900,1.500000,-43.250000,18.697820
20130576,720,2013-08-30 23:00:00,-1.523376,-46.042648,5.296610,-999.000000,-999.000000,1000.309000,2.500000,-44.250000,18.499980
20130576,721,2013-08-31 00:00:00,-0.998657,-46.533657,5.151090,358.199200,-49.123220,996.575600,3.000000,-44.500000,18.137340
20130576,722,2013-08-31 01:00:00,-0.509613,-47.042042,4.933857,358.712600,-49.402720,995.623900,3.750000,-44.500000,18.198560
20130576,723,2013-08-31 02:00:00,-0.009918,-47.595615,4.739033,358.777500,-49.592860,995.314600,4.000000,-44.750000,17.274330
20130576,724,2013-08-31 03:00:00,0.456268,-48.033730,4.597504,0.000000,-50.175130,994.755900,4.500000,-48.750000,16.971320
20130576,725,2013-08-31 04:00:00,0.833408,-48.391045,4.435630,0.000000,-50.671450,993.735500,4.500000,-44.750000,16.810170
20130576,726,2013-08-31 05:00:00,1.172715,-48.699707,4.246833,0.000000,-50.827150,992.843600,5.750000,-48.750000,16.428130
20130576,727,2013-08-31 06:00:00,1.412210,-48.945847,4.054908,0.000000,-50.866100,992.417400,5.500000,-49.000000,16.579630
20130576,728,2013-08-31 07:00:00,1.566278,-49.126907,3.882855,0.000000,-51.059460,991.514500,5.500000,-51.250000,16.606190
20130576,729,2013-08-31 08:00:00,1.334145,-49.135220,3.708668,0.000000,-51.361760,990.932900,6.250000,-51.250000,17.232880
20020632,652,2002-09-28 03:00:00,-53.529388,-35.684032,1.964675,-999.000000,-999.000000,1016.414000,312.250000,-39.500000,12.123670
20020632,653,2002-09-28 04:00:00,-53.225891,-35.372662,1.856077,305.493700,-36.473610,1013.832000,310.750000,-33.500000,12.113690
20020632,654,2002-09-28 05:00:00,-52.995667,-35.196308,1.889308,305.870900,-36.197110,1012.921000,311.000000,-33.500000,12.045130
20020632,655,2002-09-28 06:00:00,-52.631317,-35.354630,1.898136,306.658100,-36.166210,1012.546000,312.750000,-39.500000,11.986520
20020632,656,2002-09-28 07:00:00,-52.421906,-35.446865,1.838550,307.809800,-36.269730,1012.306000,311.000000,-33.250000,11.971890
20020632,657,2002-09-28 08:00:00,-51.978455,-35.720619,1.885033,308.222000,-35.974500,1012.346000,311.000000,-33.000000,12.136680
20020632,658,2002-09-28 09:00:00,-51.629456,-35.876114,1.853630,309.758100,-36.324600,1013.091000,311.250000,-30.500000,12.357580
20020632,659,2002-09-28 10:00:00,-50.083527,-37.220924,2.646940,311.962900,-38.482690,1012.319000,316.500000,-40.250000,12.783190
20020632,660,2002-09-28 11:00:00,-49.642395,-37.293800,2.561004,-999.000000,-999.000000,1013.657000,317.000000,-40.250000,12.443310
20020632,661,2002-09-28 12:00:00,-49.109253,-37.431755,2.460862,-999.000000,-999.000000,1013.627000,313.750000,-36.250000,12.453150
20020632,662,2002-09-28 13:00:00,-48.495331,-37.603161,2.391958,-999.000000,-999.000000,1013.372000,318.750000,-39.500000,12.623620
20020632,663,2002-09-28 14:00:00,-47.858856,-37.754501,2.329450,313.572600,-38.303950,1012.704000,319.250000,-39.500000,13.775340
20020632,664,2002-09-28 15:00:00,-46.984772,-38.069324,2.351409,316.218000,-40.462900,1011.700000,320.250000,-40.000000,14.551030
20020632,665,2002-09-28 16:00:00,-46.102417,-38.310581,2.375326,-999.000000,-999.000000,1012.257000,321.250000,-40.000000,15.437490
20020632,666,2002-09-28 17:00:00,-45.465942,-38.370853,2.358771,317.734200,-39.741830,1010.835000,321.000000,-40.000000,15.162710
20020632,667,2002-09-28 18:00:00,-44.574524,-38.580627,2.577060,-999.000000,-999.000000,1011.658000,319.500000,-39.500000,15.179110
20020632,668,2002-09-28 19:00:00,-43.926056,-38.593018,2.664795,318.922600,-39.609740,1010.693000,320.750000,-40.250000,15.522790
20020632,669,2002-09-28 20:00:00,-43.397583,-38.534054,2.621914,319.301400,-40.277110,1010.310000,319.500000,-39.250000,15.211310
20020632,670,2002-09-28 21:00:00,-42.681000,-38.597904,2.757606,-999.000000,-999.000000,1012.619000,319.750000,-39.000000,15.443030
20020632,671,2002-09-28 22:00:00,-41.269440,-39.036537,2.941972,320.505800,-40.120060,1010.160000,320.750000,-39.250000,15.278670
20020632,672,2002-09-28 23:00:00,-40.601959,-39.140648,2.888006,321.052500,-40.214830,1010.429000,321.000000,-39.500000,16.875350
20020632,673,2002-09-29 00:00:00,-39.884338,-39.280224,2.874033,321.677700,-40.190510,1009.750000,321.750000,-39.500000,16.079550
20020632,674,2002-09-29 01:00:00,-39.230011,-39.411160,2.820508,322.301800,-40.198440,1009.405000,322.750000,-39.250000,15.986370
20020632,675,2002-09-29 02:00:00,-38.479584,-39.555035,2.798496,322.941800,-40.217160,1009.083000,323.500000,-39.500000,16.099510
20020632,676,2002-09-29 03:00:00,-37.733551,-39.697269,2.727016,323.463700,-40.234090,1008.607000,324.000000,-39.500000,16.241460
20020632,677,2002-09-29 04:00:00,-36.954437,-39.825058,2.812905,324.067100,-40.237210,1008.343000,324.500000,-38.750000,16.049540
20020632,678,2002-09-29 05:00:00,-36.341980,-39.877419,2.788281,324.752600,-40.246440,1007.981000,325.000000,-38.750000,16.063480
20020632,679,2002-09-29 06:00:00,-35.675354,-39.916245,2.959080,325.360700,-40.243320,1008.179000,326.000000,-39.000000,15.947770
20020632,680,2002-09-29 07:00:00,-35.105896,-39.926109,2.955236,325.832100,-40.260510,1008.289000,326.250000,-38.750000,16.155700
20020632,681,2002-09-29 08:00:00,-34.519226,-39.952999,2.919627,326.482100,-40.278480,1008.571000,327.000000,-38.750000,16.011940
20020632,682,2002-09-29 09:00:00,-33.886353,-40.009789,2.936490,327.170900,-40.256290,1008.991000,327.750000,-38.750000,15.850940
20020632,683,2002-09-29 10:00:00,-32.781616,-40.208084,2.594103,328.140900,-40.115610,1009.707000,328.750000,-39.250000,15.898960
20020632,684,2002-09-29 11:00:00,-32.062103,-40.206120,2.567037,328.949700,-40.096740,1010.265000,329.250000,-38.750000,15.303420
20020632,685,2002-09-29 12:00:00,-31.407227,-40.234386,2.550216,329.693100,-40.065160,1010.405000,330.750000,-39.250000,15.248320
20020632,686,2002-09-29 13:00:00,-30.803711,-40.302391,2.576662,330.442300,-40.083290,1010.778000,331.500000,-39.250000,15.683940
20020632,687,2002-09-29 14:00:00,-30.162048,-40.423569,2.657548,331.232600,-40.118260,1011.024000,332.250000,-39.250000,15.768700
20020632,688,2002-09-29 15:00:00,-29.611481,-40.554348,2.698490,331.993000,-40.192780,1010.860000,332.750000,-39.000000,15.946530
20020632,689,2002-09-29 16:00:00,-29.017120,-40.705650,2.825552,332.772200,-40.267210,1010.484000,333.500000,-39.250000,16.164930
20020632,690,2002-09-29 17:00:00,-28.430908,-40.831097,2.921717,333.355800,-40.360030,1010.368000,334.250000,-39.000000,15.931230
20020632,691,2002-09-29 18:00:00,-27.751465,-40.941216,3.051942,334.110900,-40.433930,1010.387000,335.000000,-39.000000,15.895150
20020632,692,2002-09-29 19:00:00,-27.124237,-41.028824,3.058204,334.850300,-40.576810,1010.457000,335.750000,-39.000000,15.976830
20020632,693,2002-09-29 20:00:00,-26.379974,-41.050556,3.225296,335.861600,-40.636830,1010.935000,336.500000,-39.250000,15.864870
20020632,694,2002-09-29 21:00:00,-25.739197,-41.101852,3.242313,336.596800,-40.720750,1010.903000,337.250000,-39.250000,15.641090
20020632,695,2002-09-29 22:00:00,-24.759338,-41.051273,3.463421,337.351900,-40.799290,1011.124000,338.000000,-39.250000,15.943450
20020632,696,2002-09-29 23:00:00,-23.973969,-41.129047,3.488488,338.313100,-40.888760,1011.284000,339.000000,-39.750000,15.881780
20020632,697,2002-09-30 00:00:00,-23.178864,-41.177105,3.559060,339.225000,-40.953740,1011.564000,339.750000,-40.000000,15.853410
20020632,698,2002-09-30 01:00:00,-22.371765,-41.263260,3.589097,340.013900,-41.057450,1010.809000,340.500000,-40.000000,16.011990
20020632,699,2002-09-30 02:00:00,-21.562775,-41.379848,3.591042,340.848700,-41.330370,1010.364000,341.250000,-40.000000,15.991280
20020632,700,2002-09-30 03:00:00,-20.687195,-41.479965,3.654043,341.989500,-41.659800,1010.039000,342.000000,-40.000000,15.826480
20020632,701,2002-09-30 04:00:00,-19.883179,-41.578949,3.704048,-999.000000,-999.000000,1012.599000,342.750000,-40.250000,15.726610
20020632,702,2002-09-30 05:00:00,-19.029999,-41.635567,3.793226,-999.000000,-999.000000,1012.257000,343.500000,-40.250000,15.645250
20020632,703,2002-09-30 06:00:00,-18.157959,-41.668064,3.810239,345.766200,-42.508460,1008.457000,344.500000,-40.250000,15.657600
20020632,704,2002-09-30 07:00:00,-17.309479,-41.681324,3.866064,345.689800,-42.191280,1007.910000,345.250000,-40.250000,15.997060
20020632,705,2002-09-30 08:00:00,-16.355133,-41.712849,3.897326,346.341300,-42.089270,1007.844000,346.000000,-40.250000,15.861440
20020632,706,2002-09-30 09:00:00,-15.443420,-41.723648,4.001523,347.972600,-42.501220,1007.410000,347.000000,-40.250000,15.673570
20020632,707,2002-09-30 10:00:00,-13.883301,-42.044968,4.089993,348.767800,-42.489310,1005.879000,351.250000,-42.750000,15.301070
20020632,708,2002-09-30 11:00:00,-12.909973,-42.021191,4.049691,349.538800,-42.492570,1005.103000,346.750000,-38.500000,15.292170
20020632,709,2002-09-30 12:00:00,-11.918915,-41.956390,4.279729,350.582000,-42.722350,1004.613000,347.750000,-39.250000,15.696940
20020632,710,2002-09-30 13:00:00,-10.804138,-41.971203,4.362024,351.627800,-42.895870,1003.333000,349.000000,-40.000000,15.865690
20020632,711,2002-09-30 14:00:00,-9.635345,-41.972576,4.512010,352.433700,-42.896300,1002.324000,351.000000,-40.000000,16.194350
20020632,712,2002-09-30 15:00:00,-8.474426,-42.005379,4.683825,353.266900,-42.903570,1001.129000,347.750000,-37.500000,16.387620
20020632,713,2002-09-30 16:00:00,-7.300537,-42.035858,4.788956,354.476900,-42.988290,1000.179000,352.500000,-40.250000,16.410720
20020632,714,2002-09-30 17:00:00,-6.187927,-42.090900,4.910700,355.291400,-43.009990,998.979300,353.500000,-40.000000,16.203090
20020632,715,2002-09-30 18:00:00,-5.153137,-42.129391,4.856543,356.344400,-43.199330,998.219300,354.000000,-39.500000,16.492540
20020632,716,2002-09-30 19:00:00,-4.115082,-42.234524,4.834079,357.177300,-43.242390,997.313300,356.000000,-40.500000,16.791690
20020632,717,2002-09-30 20:00:00,-3.032928,-42.317352,4.881183,358.308000,-43.473500,996.296000,357.000000,-40.500000,17.247010
20020632,718,2002-09-30 21:00:00,-1.986359,-42.484577,4.961517,359.112400,-43.531960,994.906000,357.750000,-40.750000,17.492300
20020632,719,2002-09-30 22:00:00,-0.927765,-42.667847,4.906929,359.750000,-43.562060,994.311300,358.500000,-43.250000,17.976720
20020632,720,2002-09-30 23:00:00,0.159055,-42.848377,5.005956,1.197442,-44.010630,992.443700,0.000000,-41.500000,17.984620
20020632,721,2002-10-01 00:00:00,1.349941,-43.104942,4.960771,2.080558,-44.168520,991.192000,0.500000,-43.500000,18.777280
20020632,722,2002-10-01 01:00:00,2.485218,-43.318264,5.184681,2.977732,-44.356070,989.430800,1.500000,-43.750000,19.143250
20020632,723,2002-10-01 02:00:00,3.666636,-43.690586,5.206764,3.756910,-44.500970,987.946300,2.500000,-44.000000,19.704390
20020632,724,2002-10-01 03:00:00,4.749931,-43.980690,5.412849,4.513676,-44.649620,986.557200,3.250000,-44.250000,20.308140
20020632,725,2002-10-01 04:00:00,5.689450,-44.160995,5.583576,5.314588,-44.802720,985.341100,4.000000,-44.250000,20.512530
20020632,726,2002-10-01 05:00:00,6.575012,-44.466782,5.601232,6.132449,-44.957600,984.115500,4.750000,-43.500000,21.460200
20020632,727,2002-10-01 06:00:00,7.402263,-44.604351,5.728313,6.886871,-45.040340,982.837600,6.000000,-43.500000,21.876960
20020632,728,2002-10-01 07:00:00,8.189590,-44.812817,5.737797,7.935418,-45.340520,982.356100,6.250000,-44.250000,21.797840
20020632,729,2002-10-01 08:00:00,8.939417,-45.044338,5.773440,8.779139,-45.638470,981.392800,7.250000,-44.500000,22.469960
20020632,730,2002-10-01 09:00:00,9.720025,-45.234051,5.783119,9.572679,-45.805020,980.227900,8.250000,-44.500000,22.105770
20020632,731,2002-10-01 10:00:00,10.182963,-45.847137,5.536874,10.470820,-46.305220,978.940500,9.750000,-44.250000,22.976980
20020632,732,2002-10-01 11:00:00,10.824583,-46.107849,5.556032,11.223860,-46.598210,978.184700,9.750000,-45.750000,22.355720
20020632,733,2002-10-01 12:00:00,11.380405,-46.509060,5.564125,11.935500,-46.896130,977.035100,11.000000,-45.000000,21.541230
20020632,734,2002-10-01 13:00:00,11.947215,-46.823444,5.558539,12.570330,-47.089370,976.245100,11.750000,-45.500000,21.280280
20020632,735,2002-10-01 14:00:00,12.334971,-47.191540,5.572009,13.311640,-47.433910,975.138500,12.250000,-45.750000,20.806830
20020632,736,2002-10-01 15:00:00,12.703090,-47.487534,5.551930,13.978470,-47.768320,974.441500,14.000000,-45.500000,21.081210
20020632,737,2002-10-01 16:00:00,13.102649,-47.726185,5.613676,14.663470,-48.143790,973.938700,15.000000,-45.500000,20.779900
20020632,738,2002-10-01 17:00:00,13.489194,-47.925163,5.530870,15.310900,-48.442160,973.536000,15.750000,-45.750000,20.549840
20020632,739,2002-10-01 18:00:00,13.668603,-48.120068,5.391016,15.889570,-48.702010,973.161700,16.500000,-45.750000,20.261730
20180741,20,2018-11-01 19:00:00,-40.473053,-32.770329,2.822105,322.006500,-33.736470,1004.882000,324.250000,-35.000000,13.327900
20180741,21,2018-11-01 20:00:00,-39.973358,-32.546650,3.120895,322.602000,-33.799030,1004.743000,322.500000,-33.500000,13.561000
20180741,22,2018-11-01 21:00:00,-39.485779,-32.547752,3.419758,323.175800,-34.089830,1004.508000,323.000000,-33.500000,13.625650
20180741,23,2018-11-01 22:00:00,-38.666260,-32.956490,3.838099,-999.000000,-999.000000,1005.576000,326.000000,-37.500000,14.678220
20180741,24,2018-11-01 23:00:00,-38.169861,-33.139610,3.842090,323.797100,-34.868400,1004.360000,326.750000,-37.500000,14.278200
20180741,25,2018-11-02 00:00:00,-37.781250,-32.874340,4.012290,323.249500,-32.718570,1004.628000,326.750000,-37.500000,14.130580
20180741,26,2018-11-02 01:00:00,-37.309418,-32.911007,4.166329,324.711300,-33.799680,1003.751000,327.000000,-37.750000,14.300570
20180741,27,2018-11-02 02:00:00,-36.876434,-32.772305,4.388439,323.973400,-32.329850,1003.331000,327.000000,-37.750000,14.490030
20180741,28,2018-11-02 03:00:00,-36.422241,-32.763653,4.445961,324.386800,-32.554480,1002.632000,327.000000,-38.000000,14.438790
20180741,29,2018-11-02 04:00:00,-35.907043,-32.735294,4.499306,324.844700,-32.882390,1001.330000,325.500000,-32.250000,14.951150
20180741,30,2018-11-02 05:00:00,-35.361633,-32.815369,4.615362,325.567100,-33.240210,1000.588000,325.750000,-32.500000,15.991790
20180741,31,2018-11-02 06:00:00,-34.820435,-32.887661,4.611996,326.124500,-33.578470,1000.203000,326.500000,-32.750000,16.032050
20180741,32,2018-11-02 07:00:00,-34.283020,-32.827263,4.650167,326.556500,-33.889880,999.878000,326.750000,-32.750000,16.271330
20180741,33,2018-11-02 08:00:00,-33.753204,-32.929516,4.585731,326.911900,-34.267890,999.672000,328.000000,-33.250000,16.751880
20180741,34,2018-11-02 09:00:00,-33.240997,-33.153580,4.640413,327.300200,-34.507950,999.602700,328.000000,-33.000000,17.597850
20180741,35,2018-11-02 10:00:00,-32.582153,-33.088242,4.508940,327.697100,-34.678980,998.976300,329.500000,-33.000000,14.970680
20180741,36,2018-11-02 11:00:00,-32.004761,-33.302757,4.660237,328.043500,-34.838820,998.188700,329.500000,-34.250000,16.278200
20180741,37,2018-11-02 12:00:00,-31.569733,-33.649536,4.751214,328.493000,-34.972130,997.944500,329.750000,-33.500000,16.593750
20180741,38,2018-11-02 13:00:00,-31.069824,-34.157288,5.002823,328.913200,-35.162490,996.959700,328.000000,-35.000000,16.451690
20180741,39,2018-11-02 14:00:00,-30.676941,-34.849773,5.077235,329.180400,-35.478260,996.499500,328.750000,-35.000000,17.131520
20180741,40,2018-11-02 15:00:00,-30.334503,-35.421497,5.184114,329.600000,-35.879340,995.833300,329.000000,-35.250000,18.105520
20180741,41,2018-11-02 16:00:00,-29.729645,-35.762875,5.075316,329.999800,-36.098570,994.848100,329.500000,-35.500000,18.038220
20180741,42,2018-11-02 17:00:00,-29.245239,-36.138912,5.252980,330.414200,-36.402680,994.326500,330.000000,-35.750000,18.850840
20180741,43,2018-11-02 18:00:00,-28.730377,-36.599285,5.299685,330.988800,-36.510720,993.644800,330.500000,-36.000000,18.239850
20180741,44,2018-11-02 19:00:00,-28.216370,-36.765675,5.414495,331.468300,-36.751920,992.881300,333.000000,-36.500000,17.775470
20180741,45,2018-11-02 20:00:00,-27.737701,-37.115288,5.468950,331.974200,-36.964480,992.108500,331.750000,-36.000000,17.559480
20180741,46,2018-11-02 21:00:00,-27.379852,-37.430840,5.479994,332.439700,-37.189190,991.503800,334.250000,-36.750000,17.238970
20180741,47,2018-11-02 22:00:00,-26.880524,-38.057430,5.397002,333.111600,-37.546710,992.332200,334.750000,-37.500000,17.697300
20180741,48,2018-11-02 23:00:00,-26.440521,-38.289989,5.522939,333.811500,-38.055140,991.768200,335.250000,-38.000000,17.251690
20180741,49,2018-11-03 00:00:00,-25.992371,-38.590935,5.548963,334.088300,-38.511230,991.913100,335.500000,-38.500000,16.958010
20180741,50,2018-11-03 01:00:00,-25.667084,-39.085434,5.518486,334.360800,-39.046260,991.628100,335.750000,-39.000000,17.244200
20180741,51,2018-11-03 02:00:00,-25.499268,-39.591682,5.732931,334.619100,-39.514080,990.737600,334.000000,-38.500000,17.679760
20180741,52,2018-11-03 03:00:00,-25.314819,-40.008472,5.780379,334.712600,-39.942870,989.774700,334.250000,-39.000000,19.130350
20180741,53,2018-11-03 04:00:00,-24.920471,-40.237328,5.644085,334.823400,-40.316250,988.905900,334.500000,-39.500000,18.895050
20180741,54,2018-11-03 05:00:00,-24.782288,-40.583458,5.522935,334.849200,-40.730240,988.386800,335.500000,-41.500000,19.096370
20180741,55,2018-11-03 06:00:00,-24.631653,-40.907551,5.368864,334.785300,-41.078220,988.004900,335.500000,-41.750000,18.883930
20180741,56,2018-11-03 07:00:00,-24.991547,-41.420986,5.481370,334.879200,-41.354320,987.727200,335.500000,-42.000000,18.946610
20180741,57,2018-11-03 08:00:00,-25.300232,-41.844765,5.506709,334.828300,-41.658490,987.809700,335.000000,-40.750000,18.310410
20180741,58,2018-11-03 09:00:00,-26.236420,-42.348976,5.592875,335.000500,-41.856700,987.932200,335.250000,-41.000000,18.118100
19820818,433,1982-12-19 00:00:00,-40.610657,-33.231159,2.672760,-999.000000,-999.000000,1007.771000,322.250000,-31.500000,13.880700
19820818,434,1982-12-19 01:00:00,-40.363068,-33.762741,2.619088,316.197700,-35.783200,1004.895000,322.250000,-31.750000,13.491900
19820818,435,1982-12-19 02:00:00,-40.114075,-34.190956,2.638595,318.918500,-35.573440,1005.010000,322.500000,-32.000000,12.874000
19820818,436,1982-12-19 03:00:00,-39.983032,-34.629444,2.648864,317.354400,-35.789230,1004.199000,322.750000,-32.250000,12.492960
19820818,437,1982-12-19 04:00:00,-39.586578,-34.818764,2.749283,318.605600,-35.772490,1003.486000,322.500000,-30.750000,12.242920
19820818,438,1982-12-19 05:00:00,-38.867371,-34.877754,2.861055,319.342300,-35.839440,1002.919000,323.500000,-32.250000,12.374250
19820818,439,1982-12-19 06:00:00,-38.396027,-34.952682,3.073355,320.373300,-35.853800,1002.759000,323.750000,-32.500000,12.953000
19820818,440,1982-12-19 07:00:00,-37.874390,-34.952377,3.323623,320.618000,-35.880720,1002.427000,324.250000,-32.750000,13.164070
19820818,441,1982-12-19 08:00:00,-37.394562,-35.018185,3.647414,321.291900,-35.872930,1002.823000,324.750000,-32.750000,13.214620
19820818,442,1982-12-19 09:00:00,-36.916687,-35.063278,3.995340,321.926100,-35.807340,1002.784000,325.250000,-31.750000,13.554430
19820818,443,1982-12-19 10:00:00,-36.444672,-34.902027,4.703605,322.552100,-35.626500,1001.592000,325.750000,-32.000000,14.043610
19820818,444,1982-12-19 11:00:00,-36.004364,-34.899010,5.099819,323.629700,-35.466390,1001.924000,326.250000,-32.500000,15.723800
19820818,445,1982-12-19 12:00:00,-35.611359,-34.852581,5.246918,323.674600,-35.516000,1001.769000,326.750000,-32.500000,15.255720
19820818,446,1982-12-19 13:00:00,-35.135895,-34.780689,5.310861,324.956200,-35.383690,1001.135000,327.000000,-32.500000,15.064070
19820818,447,1982-12-19 14:00:00,-34.600861,-34.743698,5.388771,325.572800,-35.318700,1000.321000,327.500000,-32.500000,14.939080
19820818,448,1982-12-19 15:00:00,-34.171387,-34.728046,5.424819,325.788700,-35.361270,999.656100,327.750000,-32.500000,14.857210
19820818,449,1982-12-19 16:00:00,-33.672089,-34.694893,5.588311,326.998800,-35.040180,999.644000,328.250000,-32.500000,14.807400
19820818,450,1982-12-19 17:00:00,-33.228790,-34.669086,5.647834,328.124100,-34.963200,999.289700,328.750000,-32.500000,15.027260
19820818,451,1982-12-19 18:00:00,-32.813812,-34.673065,5.586767,328.881200,-35.091050,998.918400,329.250000,-32.750000,15.148170
19820818,452,1982-12-19 19:00:00,-32.360657,-34.660583,5.529272,329.322400,-35.208250,999.210400,330.000000,-32.750000,15.159940
19820818,453,1982-12-19 20:00:00,-31.908325,-34.618420,5.464413,329.884600,-35.258190,999.371000,330.500000,-32.750000,14.878780
19820818,454,1982-12-19 21:00:00,-31.322754,-34.618156,5.404968,330.057900,-35.311600,999.380700,331.750000,-33.250000,15.055390
19820818,455,1982-12-19 22:00:00,-30.533051,-34.510658,5.746504,330.793700,-35.267110,997.791400,332.250000,-33.500000,16.066710
19820818,456,1982-12-19 23:00:00,-29.968170,-34.521122,5.664884,331.305700,-35.266010,998.133300,335.000000,-33.250000,16.003520
19820818,457,1982-12-20 00:00:00,-29.219818,-34.568623,5.637815,331.911100,-35.251140,998.577900,328.250000,-30.000000,15.948900
19820818,458,1982-12-20 01:00:00,-28.508850,-34.578270,5.633360,332.622800,-35.237390,998.704000,331.250000,-31.250000,15.883610
19820818,459,1982-12-20 02:00:00,-27.937653,-34.538639,5.629331,333.252300,-35.200770,999.114500,331.500000,-31.500000,16.015680
19820818,460,1982-12-20 03:00:00,-27.314758,-34.508038,5.608283,333.129000,-35.014070,998.793200,337.750000,-35.000000,15.873240
19820818,461,1982-12-20 04:00:00,-26.422302,-34.557991,5.550390,333.998200,-34.955070,998.895400,338.750000,-35.000000,16.759240
19820818,462,1982-12-20 05:00:00,-25.751160,-34.538383,5.378499,335.466900,-34.937810,999.109300,339.500000,-35.000000,16.989310
19820818,463,1982-12-20 06:00:00,-24.809723,-34.615746,5.354989,334.954800,-34.674370,999.429000,340.500000,-35.000000,16.665720
19820818,464,1982-12-20 07:00:00,-23.862640,-34.710796,5.314908,335.980700,-34.654210,1000.175000,335.000000,-32.000000,16.850270
19820818,465,1982-12-20 08:00:00,-23.197113,-34.753925,5.249605,337.791500,-34.682840,1000.369000,335.750000,-32.500000,17.099060
19820818,466,1982-12-20 09:00:00,-22.601044,-34.765980,5.372773,337.154800,-34.378600,1001.173000,342.000000,-35.000000,17.070500
19820818,467,1982-12-20 10:00:00,-22.010010,-34.744514,5.774686,337.973500,-34.351430,1000.401000,336.750000,-32.000000,17.601420
19820818,468,1982-12-20 11:00:00,-21.177734,-34.833710,5.610654,339.098400,-34.396270,1000.769000,344.000000,-35.250000,17.278220
19820818,469,1982-12-20 12:00:00,-20.135651,-34.949932,5.619286,339.917000,-34.383460,1000.824000,344.000000,-35.000000,17.689490
19820818,470,1982-12-20 13:00:00,-19.264526,-35.055664,5.572121,341.194500,-34.405820,1001.223000,344.750000,-35.000000,18.265390
19820818,471,1982-12-20 14:00:00,-17.929718,-35.281715,5.523600,341.964800,-34.436630,1000.988000,346.000000,-35.250000,18.954040
19820818,472,1982-12-20 15:00:00,-16.287231,-35.578186,5.626864,343.776200,-34.710980,1001.159000,347.000000,-35.250000,19.674950
19820818,473,1982-12-20 16:00:00,-15.548920,-35.605137,5.600660,344.769800,-34.750480,1000.944000,347.750000,-35.250000,19.742640
19820818,474,1982-12-20 17:00:00,-14.780243,-35.636440,5.669388,345.496400,-34.760070,1001.274000,348.750000,-35.500000,19.227270
19820818,475,1982-12-20 18:00:00,-14.143219,-35.637367,5.585044,346.111500,-34.733970,1001.409000,349.750000,-35.500000,19.185130
19820818,476,1982-12-20 19:00:00,-13.499207,-35.665211,5.602974,346.853000,-34.732420,1002.330000,350.500000,-35.500000,18.579280
19820818,477,1982-12-20 20:00:00,-12.489166,-35.784725,5.586190,351.096200,-35.957610,1000.964000,351.250000,-35.750000,18.481750
19820818,478,1982-12-20 21:00:00,-11.784760,-35.811783,5.449795,351.947800,-36.115940,1001.343000,352.000000,-35.750000,18.479750
19820818,479,1982-12-20 22:00:00,-13.104614,-35.425938,5.283449,352.919100,-36.389030,1000.943000,352.750000,-35.750000,19.618800
19820818,480,1982-12-20 23:00:00,-14.841156,-34.787712,5.089021,345.766100,-33.726070,1005.190000,352.250000,-35.250000,16.986970
19820818,481,1982-12-21 00:00:00,-15.256439,-34.485607,4.935710,345.182200,-33.311430,1005.413000,351.000000,-34.000000,16.741100
19820818,482,1982-12-21 01:00:00,-15.417511,-34.238831,4.875897,-999.000000,-999.000000,1006.668000,345.500000,-31.750000,16.553120
19820818,483,1982-12-21 02:00:00,-15.505707,-34.054031,4.789801,-999.000000,-999.000000,1007.176000,347.500000,-32.750000,16.413480
19820818,484,1982-12-21 03:00:00,-14.979004,-34.042976,4.741705,-999.000000,-999.000000,1007.316000,348.000000,-32.750000,17.668430
19820818,485,1982-12-21 04:00:00,-14.372620,-34.113323,4.703453,-999.000000,-999.000000,1007.429000,348.750000,-32.750000,18.092820
19820818,486,1982-12-21 05:00:00,-13.922241,-34.100044,4.508238,-999.000000,-999.000000,1007.807000,349.500000,-33.000000,18.096980
19820818,487,1982-12-21 06:00:00,-12.809357,-34.255886,4.374496,-999.000000,-999.000000,1007.929000,350.500000,-33.250000,17.977730
19820818,488,1982-12-21 07:00:00,-11.251068,-34.529144,4.295399,-999.000000,-999.000000,1008.204000,351.250000,-33.250000,17.663650
19820818,489,1982-12-21 08:00:00,-9.400116,-34.821331,4.153502,353.137600,-33.961490,1005.192000,352.500000,-33.500000,17.947770
19820818,490,1982-12-21 09:00:00,-8.273987,-34.926510,4.034038,353.818000,-33.955610,1005.372000,353.250000,-33.500000,17.760000
19820818,491,1982-12-21 10:00:00,-6.458923,-35.140499,3.462709,354.696300,-33.867130,1006.952000,354.250000,-33.500000,16.442090
19920805,53,1992-12-03 04:00:00,-35.763458,-32.963810,3.877123,325.522600,-33.978320,998.959000,325.750000,-33.750000,18.832890
19920805,54,1992-12-03 05:00:00,-34.735718,-34.321754,3.808736,326.008900,-34.331150,998.658300,326.500000,-34.250000,18.452090
19920805,55,1992-12-03 06:00:00,-34.272644,-34.740936,3.841631,326.548400,-34.629940,998.362200,327.000000,-34.750000,18.514960
19920805,56,1992-12-03 07:00:00,-33.575348,-35.569874,4.175908,327.018800,-34.970070,997.871900,327.750000,-34.750000,18.796760
19920805,57,1992-12-03 08:00:00,-33.033417,-36.182693,4.094044,327.551400,-35.268470,998.096100,328.250000,-35.000000,19.825800
19920805,58,1992-12-03 09:00:00,-32.251923,-37.682144,4.209824,329.813000,-39.085140,998.952800,329.000000,-35.500000,19.779520
19920805,59,1992-12-03 10:00:00,-32.107544,-35.838860,4.316508,328.367600,-35.904110,999.118300,329.500000,-35.750000,18.754510
19920805,60,1992-12-03 11:00:00,-31.445557,-36.759357,4.240578,328.957200,-36.299470,999.292700,332.000000,-39.500000,19.207160
19920805,61,1992-12-03 12:00:00,-30.897736,-37.443501,4.313462,329.570400,-36.647010,999.545800,332.250000,-40.000000,18.613370
19920805,62,1992-12-03 13:00:00,-30.224213,-38.521164,4.380333,330.090500,-37.134710,999.073300,330.750000,-36.250000,18.359470
19920805,63,1992-12-03 14:00:00,-29.568878,-40.033356,4.470479,329.809100,-42.652400,997.220300,331.500000,-36.500000,18.318480
19920805,64,1992-12-03 15:00:00,-28.888062,-40.842583,4.701286,329.945200,-42.776380,996.516700,332.250000,-36.750000,18.246820
19920805,65,1992-12-03 16:00:00,-28.361053,-41.066971,4.850210,330.016400,-42.862540,995.810200,333.000000,-37.250000,18.113910
19920805,66,1992-12-03 17:00:00,-27.838470,-41.238808,5.010989,330.056700,-42.941330,995.215700,333.750000,-37.500000,17.816150
19920805,67,1992-12-03 18:00:00,-27.360626,-41.441097,5.207861,330.155000,-43.029720,994.938700,334.250000,-37.750000,17.505640
19920805,68,1992-12-03 19:00:00,-26.941254,-41.637917,5.357806,330.484400,-43.130340,994.324800,335.000000,-38.000000,17.329870
19920805,69,1992-12-03 20:00:00,-26.588257,-41.841717,5.578092,330.617100,-43.283440,994.578600,335.750000,-38.250000,17.123750
19920805,70,1992-12-03 21:00:00,-26.291229,-42.030552,5.775820,332.885000,-43.108530,994.445600,331.750000,-46.500000,16.924470
19920805,71,1992-12-03 22:00:00,-25.017273,-41.513714,5.574166,335.511700,-40.660040,995.601300,337.250000,-38.500000,17.124340
19920805,72,1992-12-03 23:00:00,-24.660095,-41.781460,5.661604,336.058500,-41.013200,995.694900,331.500000,-46.250000,16.960150
19920805,73,1992-12-04 00:00:00,-24.193573,-41.958183,5.617350,336.681100,-41.337450,995.538600,330.750000,-46.250000,17.455310
19920805,74,1992-12-04 01:00:00,-23.612885,-42.099628,5.562853,336.995500,-41.512270,995.595900,330.750000,-46.250000,17.980510
19920805,75,1992-12-04 02:00:00,-23.045776,-42.203423,5.489237,337.537700,-41.705570,995.221400,330.750000,-46.000000,18.244760
19920805,76,1992-12-04 03:00:00,-22.122467,-42.163757,5.386839,337.703500,-41.778760,994.826700,331.250000,-45.750000,17.758230
19920805,77,1992-12-04 04:00:00,-21.193909,-42.093124,5.266656,338.107800,-41.979640,994.950200,332.250000,-45.750000,17.009200
19920805,78,1992-12-04 05:00:00,-20.461670,-42.043861,5.219296,338.527800,-42.165610,995.133400,333.500000,-45.500000,17.508370
19920805,79,1992-12-04 06:00:00,-19.775574,-41.974941,5.136911,339.016800,-42.242430,995.400900,333.500000,-45.500000,17.792660
19920805,80,1992-12-04 07:00:00,-19.327240,-41.905399,4.988317,339.217500,-42.258150,995.705100,334.250000,-45.500000,17.684900
19920805,81,1992-12-04 08:00:00,-19.068146,-41.838917,4.885000,339.374600,-42.288040,996.158100,334.500000,-45.500000,17.527150
19920805,82,1992-12-04 09:00:00,-18.774780,-41.750393,4.808996,339.737200,-42.353070,996.300300,334.750000,-45.500000,17.222070
19920805,83,1992-12-04 10:00:00,-19.275757,-42.129601,4.491819,339.830300,-42.422880,996.918700,334.250000,-45.750000,17.358100
19920805,84,1992-12-04 11:00:00,-18.853119,-42.110325,4.321024,340.073800,-42.503340,997.236000,334.750000,-45.750000,16.911340
19920805,85,1992-12-04 12:00:00,-18.695801,-42.118385,4.178743,340.323200,-42.569460,997.719800,334.750000,-45.750000,16.807610
