20160024,177,2016-01-08 08:00:00,-30.015686,-37.674034,1.198243,-999.000000,-999.000000,1013.015000,335.500000,-36.000000,11.042570
20160024,178,2016-01-08 09:00:00,-29.372040,-37.919514,1.557336,327.556500,-37.095580,1012.626000,335.750000,-35.750000,11.364450
20160024,179,2016-01-08 10:00:00,-28.340881,-37.982552,1.805535,332.247500,-38.659970,1012.929000,335.250000,-35.500000,11.415350
20160024,180,2016-01-08 11:00:00,-27.719574,-38.255894,1.880581,333.734600,-39.028790,1012.753000,338.250000,-37.750000,12.044490
20160024,181,2016-01-08 12:00:00,-27.148682,-38.611721,2.024925,333.286900,-39.176690,1012.800000,336.250000,-39.250000,12.550060
20160024,182,2016-01-08 13:00:00,-26.329803,-39.124832,2.066837,333.722600,-40.000050,1012.890000,336.250000,-39.250000,12.933310
20160024,183,2016-01-08 14:00:00,-25.581268,-39.515945,2.140565,334.666700,-40.251570,1012.331000,337.250000,-39.500000,13.505200
20160024,184,2016-01-08 15:00:00,-24.758423,-39.834896,2.271540,335.532400,-40.407560,1012.446000,337.500000,-39.500000,13.731730
20160024,185,2016-01-08 16:00:00,-23.677734,-40.176556,2.209117,337.959000,-40.233160,1012.013000,341.250000,-40.000000,14.076910
20160024,186,2016-01-08 17:00:00,-22.957794,-40.345806,2.205857,338.719900,-40.546520,1011.333000,340.750000,-39.000000,14.071820
20160024,187,2016-01-08 18:00:00,-21.897003,-40.657265,2.194296,339.509200,-40.887950,1011.215000,341.000000,-39.000000,14.434980
20160024,188,2016-01-08 19:00:00,-20.478485,-41.071125,2.254509,340.007300,-41.110420,1010.817000,341.750000,-39.500000,14.668860
20160024,189,2016-01-08 20:00:00,-19.612396,-41.237183,2.240510,340.811500,-41.471560,1010.846000,342.500000,-39.250000,14.705790
20160024,190,2016-01-08 21:00:00,-19.095581,-41.364105,2.044138,341.404200,-41.644990,1010.469000,343.250000,-39.500000,14.654280
20160024,191,2016-01-08 22:00:00,-18.476776,-41.615967,2.200202,341.832800,-41.752140,1010.655000,345.750000,-41.500000,15.079070
20160024,192,2016-01-08 23:00:00,-17.459595,-41.903973,2.234395,342.565300,-41.911150,1010.861000,343.750000,-39.750000,15.214170
20160024,193,2016-01-09 00:00:00,-16.460602,-42.219143,2.326072,343.312800,-42.107360,1010.923000,344.500000,-40.000000,15.371820
20160024,194,2016-01-09 01:00:00,-15.692871,-42.402317,2.302821,344.209000,-42.473510,1010.297000,345.250000,-40.250000,15.486160
20160024,195,2016-01-09 02:00:00,-14.786926,-42.688412,2.336460,345.003000,-42.813110,1009.724000,345.750000,-40.500000,15.556460
20160024,196,2016-01-09 03:00:00,-13.866821,-42.942234,2.450882,346.481300,-43.280260,1009.011000,345.750000,-40.500000,15.551670
20160024,197,2016-01-09 04:00:00,-12.917755,-43.175175,2.489686,347.221500,-43.390310,1008.607000,348.500000,-41.250000,15.479730
20160024,198,2016-01-09 05:00:00,-12.002350,-43.368687,2.574896,347.893600,-43.516010,1008.684000,349.750000,-41.750000,15.297350
20160024,199,2016-01-09 06:00:00,-11.132874,-43.503933,2.598755,348.836800,-43.709740,1008.731000,350.750000,-42.250000,15.241550
20160024,200,2016-01-09 07:00:00,-10.257843,-43.629955,2.586750,349.718500,-43.861430,1008.721000,351.750000,-42.250000,15.080860
20160024,201,2016-01-09 08:00:00,-9.367126,-43.740662,2.545761,350.447000,-43.944900,1009.055000,352.750000,-42.250000,15.043190
20160024,202,2016-01-09 09:00:00,-8.439392,-43.846775,2.538680,351.709000,-44.201180,1009.262000,353.250000,-42.250000,15.159260
20160024,203,2016-01-09 10:00:00,-7.353821,-43.833202,2.608908,352.445800,-44.231760,1009.832000,354.500000,-42.250000,15.070160
20160024,204,2016-01-09 11:00:00,-6.433807,-43.884022,2.588794,352.501400,-44.292260,1009.900000,355.500000,-42.250000,15.292730
20160024,205,2016-01-09 12:00:00,-5.632202,-43.898888,2.524381,353.354500,-44.375810,1009.725000,356.250000,-42.250000,14.979330
20160024,206,2016-01-09 13:00:00,-4.876526,-43.882183,2.413259,354.699100,-44.592750,1010.008000,356.750000,-42.250000,14.777390
20160024,207,2016-01-09 14:00:00,-4.168701,-43.868546,2.271174,-999.000000,-999.000000,1011.065000,357.500000,-42.250000,14.349850
20160024,208,2016-01-09 15:00:00,-3.486725,-43.851257,2.158879,-999.000000,-999.000000,1010.898000,358.000000,-42.250000,13.819140
20160024,209,2016-01-09 16:00:00,-2.806122,-43.862446,2.047248,-999.000000,-999.000000,1010.792000,356.750000,-41.250000,13.589860
20160024,210,2016-01-09 17:00:00,-2.148285,-43.904350,1.921330,-999.000000,-999.000000,1010.584000,357.000000,-41.500000,13.253130
20160024,211,2016-01-09 18:00:00,-1.424774,-43.989967,1.775302,-999.000000,-999.000000,1010.676000,0.250000,-42.000000,13.164680
20160024,212,2016-01-09 19:00:00,-0.665833,-44.079063,1.675541,-999.000000,-999.000000,1010.868000,0.250000,-42.250000,12.814430
20160024,213,2016-01-09 20:00:00,0.126125,-44.156681,1.596397,0.000000,-46.400950,1010.058000,0.750000,-42.250000,12.474830
20160024,214,2016-01-09 21:00:00,0.935260,-44.233093,1.498836,-999.000000,-999.000000,1012.017000,0.000000,-41.000000,12.192870
20160024,215,2016-01-09 22:00:00,2.304194,-44.253822,1.459183,0.000000,-45.692710,1010.932000,1.750000,-41.250000,12.683300
20160024,216,2016-01-09 23:00:00,3.169149,-44.189999,1.459791,-999.000000,-999.000000,1012.736000,0.000000,-41.000000,12.588680
20160024,217,2016-01-10 00:00:00,4.037433,-44.130779,1.478591,-999.000000,-999.000000,1012.666000,0.500000,-41.000000,12.415680
20160024,218,2016-01-10 01:00:00,4.797332,-44.068356,1.525221,-999.000000,-999.000000,1012.632000,1.000000,-41.250000,12.047700
20160024,219,2016-01-10 02:00:00,5.516242,-44.045776,1.524446,-999.000000,-999.000000,1012.375000,1.750000,-40.500000,11.567870
20160024,220,2016-01-10 03:00:00,6.137824,-44.026833,1.510982,-999.000000,-999.000000,1012.367000,5.000000,-41.250000,11.253840
20160024,221,2016-01-10 04:00:00,6.666965,-44.017403,1.438492,-999.000000,-999.000000,1012.570000,7.750000,-42.000000,11.089850
20160024,222,2016-01-10 05:00:00,7.220871,-44.032829,1.336545,-999.000000,-999.000000,1012.753000,7.750000,-42.000000,10.820550
20160024,223,2016-01-10 06:00:00,7.795896,-44.079971,1.228552,-999.000000,-999.000000,1013.038000,6.250000,-41.250000,10.825190
20020168,402,2002-03-17 17:00:00,-38.050812,-39.813087,1.134926,324.672900,-41.180360,1000.609000,318.750000,-45.250000,12.885000
20020168,403,2002-03-17 18:00:00,-36.260040,-40.203251,1.259251,323.522300,-40.936750,1000.474000,323.750000,-39.500000,13.015950
20020168,404,2002-03-17 19:00:00,-34.729675,-40.579182,1.357514,325.964400,-41.210800,999.992700,325.000000,-39.500000,13.184450
20020168,405,2002-03-17 20:00:00,-33.397247,-41.023781,1.510996,326.708000,-41.231920,999.399800,325.250000,-40.500000,13.702670
20020168,406,2002-03-17 21:00:00,-34.147125,-40.989006,1.736555,325.319000,-40.798130,999.817400,325.750000,-40.500000,14.584830
20020168,407,2002-03-17 22:00:00,-33.014496,-41.669777,1.888447,330.273600,-42.004560,998.717200,321.000000,-45.750000,14.834660
20020168,408,2002-03-17 23:00:00,-31.829407,-42.248825,1.961432,331.060300,-42.019210,997.816700,321.750000,-46.000000,15.096490
20020168,409,2002-03-18 00:00:00,-30.321228,-42.785198,2.265501,332.387100,-47.107060,995.468800,331.750000,-41.750000,15.256250
20020168,410,2002-03-18 01:00:00,-28.511597,-43.324123,2.573570,331.476700,-47.127720,994.176000,333.000000,-41.750000,15.573050
20020168,411,2002-03-18 02:00:00,-26.889709,-43.711857,2.771820,333.769000,-44.558810,995.495400,333.750000,-41.750000,15.817210
20020168,412,2002-03-18 03:00:00,-25.621155,-43.982697,3.011890,334.821100,-44.512490,994.822200,334.750000,-42.000000,15.461170
20020168,413,2002-03-18 04:00:00,-24.424988,-44.108299,3.235021,335.574800,-42.956780,994.139200,335.000000,-41.250000,14.976450
20020168,414,2002-03-18 05:00:00,-23.274017,-44.223415,3.365010,336.808800,-43.284290,993.311000,332.750000,-41.000000,14.919940
20020168,415,2002-03-18 06:00:00,-22.372406,-44.168995,3.676910,338.008700,-43.450940,992.769500,337.750000,-42.500000,15.298460
20020168,416,2002-03-18 07:00:00,-21.420288,-44.179588,3.789094,338.798200,-43.443550,992.215800,338.250000,-42.750000,15.385170
20020168,417,2002-03-18 08:00:00,-20.451416,-44.165844,4.024914,339.540800,-43.492830,992.245800,339.000000,-43.000000,15.412680
20020168,418,2002-03-18 09:00:00,-19.026978,-44.037560,4.260020,340.434400,-43.577270,991.684100,340.500000,-43.250000,15.326660
20020168,419,2002-03-18 10:00:00,-17.904846,-44.011135,4.277616,341.287100,-43.685730,991.860700,341.250000,-43.250000,15.328380
20020168,420,2002-03-18 11:00:00,-16.792297,-44.013126,4.219336,342.042500,-43.801430,991.533000,343.000000,-42.250000,15.573000
20020168,421,2002-03-18 12:00:00,-15.807251,-44.013031,4.210966,342.846500,-43.890470,991.256400,343.500000,-42.250000,15.644900
20020168,422,2002-03-18 13:00:00,-14.747772,-44.020161,4.151419,343.652300,-43.968540,991.015800,344.000000,-43.500000,15.343010
20020168,423,2002-03-18 14:00:00,-13.717468,-44.051289,4.070839,344.478800,-44.028450,990.847500,345.500000,-42.500000,14.881990
20020168,424,2002-03-18 15:00:00,-12.738586,-44.085163,4.063480,345.458800,-44.126830,990.676900,346.750000,-42.250000,14.663520
20020168,425,2002-03-18 16:00:00,-11.852905,-44.083557,4.038751,346.232300,-44.221080,990.444900,347.500000,-42.500000,14.321000
20020168,426,2002-03-18 17:00:00,-11.079865,-44.079018,4.077763,346.958300,-44.284200,990.955300,348.500000,-42.500000,13.961410
20020168,427,2002-03-18 18:00:00,-10.365723,-44.077850,4.101854,347.468300,-44.349810,990.826700,350.000000,-42.500000,13.824630
20020168,428,2002-03-18 19:00:00,-9.711334,-44.077255,4.162024,348.230000,-44.424750,991.351100,350.750000,-42.500000,13.714580
20020168,429,2002-03-18 20:00:00,-9.094513,-44.076946,4.209052,348.857700,-44.475640,991.378100,351.750000,-42.750000,13.703200
20020168,430,2002-03-18 21:00:00,-8.382874,-44.180664,4.287962,349.570300,-44.528800,991.290300,352.750000,-42.500000,14.541050
20020168,431,2002-03-18 22:00:00,-7.763428,-44.180553,4.313372,350.400300,-44.583730,991.530600,354.000000,-42.750000,14.438140
20020168,432,2002-03-18 23:00:00,-7.110352,-44.188698,4.309370,351.089100,-44.637340,991.582600,355.750000,-44.500000,14.513690
20020168,433,2002-03-19 00:00:00,-6.458099,-44.186245,4.360649,351.787800,-44.704700,991.810600,356.750000,-44.500000,14.820720
20020168,434,2002-03-19 01:00:00,-5.936798,-44.217579,4.367212,352.413600,-44.757820,991.968800,357.500000,-44.500000,14.721790
20020168,435,2002-03-19 02:00:00,-5.328308,-44.225010,4.483600,353.038900,-44.801170,991.823500,357.750000,-44.500000,14.545880
20020168,436,2002-03-19 03:00:00,-4.796661,-44.258789,4.540543,353.407300,-44.846870,991.742000,359.250000,-44.250000,14.115740
20020168,437,2002-03-19 04:00:00,-4.289856,-44.302475,4.555449,354.036800,-44.897640,992.122600,356.750000,-45.500000,14.153930
20020168,438,2002-03-19 05:00:00,-3.773926,-44.361496,4.539731,354.221700,-44.948200,992.554300,356.750000,-45.750000,14.156520
20020168,439,2002-03-19 06:00:00,-3.257874,-44.417267,4.526703,354.826800,-45.012070,992.661200,357.000000,-45.750000,14.088520
20020168,440,2002-03-19 07:00:00,-2.724152,-44.478443,4.489397,355.443500,-45.080740,992.967200,357.750000,-45.750000,14.097270
20020168,441,2002-03-19 08:00:00,-2.137054,-44.525127,4.436046,355.646600,-45.123430,993.319300,358.500000,-45.750000,13.818060
20020168,442,2002-03-19 09:00:00,-1.499908,-44.164856,4.134486,355.577600,-45.127740,994.044700,1.250000,-45.000000,13.900630
20020168,443,2002-03-19 10:00:00,-0.819977,-44.171474,4.124894,356.090500,-45.252910,993.913600,358.250000,-46.250000,13.869580
20020168,444,2002-03-19 11:00:00,-0.133545,-44.205582,4.107575,356.727500,-45.335170,994.192700,0.250000,-45.750000,13.728530
20020168,445,2002-03-19 12:00:00,0.555835,-44.276279,4.101823,0.000000,-45.192970,995.617100,1.250000,-45.750000,14.378250
20020168,446,2002-03-19 13:00:00,1.171504,-44.383003,4.143009,0.000000,-45.359580,995.153700,3.000000,-45.500000,13.892440
20020168,447,2002-03-19 14:00:00,1.840904,-44.522221,4.176875,0.000000,-45.570140,994.986400,6.250000,-41.000000,13.763510
20020168,448,2002-03-19 15:00:00,2.535663,-44.672958,4.178629,0.000000,-45.738570,994.417100,0.750000,-46.250000,13.827710
20020168,449,2002-03-19 16:00:00,3.283602,-44.795746,4.173464,0.000000,-45.862120,994.575200,2.000000,-46.750000,13.487050
20020168,450,2002-03-19 17:00:00,4.010869,-44.899220,4.170243,0.000000,-45.982290,994.143400,1.500000,-46.750000,13.467580
20020168,451,2002-03-19 18:00:00,4.724751,-44.975006,4.144096,0.000000,-46.086000,994.489900,1.500000,-46.750000,13.358340
20020168,452,2002-03-19 19:00:00,5.457431,-45.017944,4.098082,0.000000,-46.199470,994.367500,11.000000,-41.750000,13.620160
20020168,453,2002-03-19 20:00:00,6.188684,-45.035240,4.012275,0.000000,-46.329390,994.163900,11.750000,-41.750000,13.845810
20020168,454,2002-03-19 21:00:00,7.137601,-45.021206,4.048898,-999.000000,-999.000000,999.394300,13.000000,-41.750000,14.812970
20020168,455,2002-03-19 22:00:00,8.300994,-44.955425,3.879436,-999.000000,-999.000000,999.800800,13.750000,-41.750000,14.706510
20020168,456,2002-03-19 23:00:00,9.635353,-44.843147,3.671686,11.900780,-44.077900,999.185400,14.750000,-41.750000,14.549160
20020168,457,2002-03-20 00:00:00,11.195498,-44.671703,3.526056,12.687970,-44.129620,998.424600,15.250000,-43.000000,14.770190
20020168,458,2002-03-20 01:00:00,12.536268,-44.558144,3.383947,13.434630,-44.177410,998.009800,16.500000,-43.000000,14.929790
20020168,459,2002-03-20 02:00:00,13.645247,-44.513763,3.304637,14.233580,-44.186380,997.680900,17.500000,-43.000000,15.571760
20020168,460,2002-03-20 03:00:00,14.882168,-44.464813,3.259535,14.977840,-44.199040,997.970000,18.750000,-43.000000,15.807030
20020168,461,2002-03-20 04:00:00,15.995668,-44.444706,3.185262,15.791770,-44.192300,998.137300,19.750000,-43.000000,16.373990
20020168,462,2002-03-20 05:00:00,17.232906,-44.394192,3.169523,16.589660,-44.167300,999.011000,20.500000,-43.000000,16.661020
20020168,463,2002-03-20 06:00:00,18.527660,-44.344635,3.090908,18.036440,-44.004980,999.310900,21.750000,-43.000000,16.662020
20020168,464,2002-03-20 07:00:00,19.805182,-44.273613,3.046276,21.927640,-43.551700,999.672200,22.500000,-43.000000,16.906040
20020168,465,2002-03-20 08:00:00,21.034542,-44.133369,3.027882,21.019640,-43.843300,999.895000,23.500000,-43.000000,17.171320
20020168,466,2002-03-20 09:00:00,22.313778,-43.977688,3.229774,24.206270,-43.510960,998.547100,24.000000,-43.250000,17.441790
20020168,467,2002-03-20 10:00:00,23.639555,-43.874420,3.201465,24.983010,-43.522120,998.019500,25.500000,-43.000000,17.652660
20020168,468,2002-03-20 11:00:00,25.011599,-43.767830,3.205392,26.426110,-43.459590,997.809200,26.500000,-43.000000,17.660410
20020168,469,2002-03-20 12:00:00,26.247084,-43.677254,3.198786,27.185090,-43.454620,997.643900,27.750000,-43.000000,17.686300
20020168,470,2002-03-20 13:00:00,27.551430,-43.607971,3.230600,28.531660,-43.296040,997.774200,29.250000,-42.750000,18.153610
20020168,471,2002-03-20 14:00:00,28.703777,-43.528339,3.146077,29.246680,-43.247790,997.883100,30.250000,-42.750000,18.367420
20020168,472,2002-03-20 15:00:00,29.846077,-43.389183,3.056250,29.846830,-43.172770,998.466600,31.500000,-42.500000,18.455180
20020168,473,2002-03-20 16:00:00,30.965723,-43.242653,3.126606,31.496550,-42.950970,998.624900,33.000000,-42.250000,18.085930
20020168,474,2002-03-20 17:00:00,32.090202,-43.153961,3.094345,32.077390,-42.832550,998.914900,33.750000,-42.250000,18.100220
20020168,475,2002-03-20 18:00:00,33.169548,-43.068901,2.907072,35.508570,-42.276080,998.192400,35.250000,-42.000000,18.511840
20020168,476,2002-03-20 19:00:00,34.169674,-42.983917,2.698784,36.837060,-42.150670,998.063000,37.000000,-41.000000,18.364750
20020168,477,2002-03-20 20:00:00,35.544952,-42.935177,2.583573,37.819220,-42.133750,997.563500,38.250000,-40.750000,18.440840
20020168,478,2002-03-20 21:00:00,36.582790,-42.732643,2.485314,38.855870,-42.045520,997.645800,39.250000,-40.750000,18.055830
20020168,479,2002-03-20 22:00:00,37.712250,-42.710289,2.497915,40.129060,-41.989440,996.910300,40.250000,-41.500000,18.410680
20020168,480,2002-03-20 23:00:00,38.817028,-42.687191,2.588902,41.230500,-42.019500,995.926300,41.000000,-41.750000,18.699670
20020168,481,2002-03-21 00:00:00,39.879417,-42.681293,2.539024,42.493240,-42.011990,995.127700,42.500000,-41.750000,19.128810
20020168,482,2002-03-21 01:00:00,41.020679,-42.657379,2.510667,43.602510,-42.063490,995.033800,43.500000,-41.750000,19.517850
20020168,483,2002-03-21 02:00:00,42.166733,-42.638828,2.497673,44.830780,-42.092700,994.877300,45.000000,-41.750000,19.625060
20020168,484,2002-03-21 03:00:00,43.440781,-42.610641,2.406792,45.932110,-42.143930,994.541200,46.250000,-41.750000,19.727300
20020168,485,2002-03-21 04:00:00,44.828465,-42.544140,2.461393,46.999450,-42.189470,994.544600,47.500000,-41.750000,18.876650
20020168,486,2002-03-21 05:00:00,46.097248,-42.466518,2.314892,48.076610,-42.241910,994.183100,48.250000,-42.000000,19.450540
20020168,487,2002-03-21 06:00:00,47.371555,-42.405769,2.204843,49.220470,-42.343970,994.007900,49.250000,-42.000000,18.585530
20020168,488,2002-03-21 07:00:00,48.475422,-42.376312,2.167008,50.252500,-42.490590,993.903700,50.500000,-42.250000,18.466200
20020168,489,2002-03-21 08:00:00,49.670513,-42.403961,2.197210,51.406900,-42.650750,993.393100,51.500000,-42.500000,18.278860
20020168,490,2002-03-21 09:00:00,51.361683,-42.048550,2.432223,52.175660,-42.744150,992.480700,52.250000,-42.500000,16.730980
20020168,491,2002-03-21 10:00:00,52.557987,-42.117771,2.434024,53.185280,-42.775090,992.509600,53.500000,-42.500000,17.840820
20020168,492,2002-03-21 11:00:00,53.764671,-42.230061,2.396332,54.035820,-42.811360,992.148900,54.250000,-42.500000,18.098540
20020168,493,2002-03-21 12:00:00,55.047161,-42.382057,2.437419,55.107630,-42.873450,992.320700,55.250000,-42.500000,17.565920
20020168,494,2002-03-21 13:00:00,55.979267,-42.513462,2.379187,56.231720,-42.990240,992.303900,56.250000,-42.750000,17.339870
20020168,495,2002-03-21 14:00:00,57.106236,-42.624050,2.413015,57.263400,-43.109280,992.708500,57.250000,-42.750000,17.490240
20020168,496,2002-03-21 15:00:00,58.199230,-42.668404,2.320456,58.415930,-43.273370,992.823600,58.500000,-43.000000,17.016580
20020168,497,2002-03-21 16:00:00,59.194881,-42.755669,2.326566,59.231780,-43.433200,992.453700,59.250000,-43.000000,17.120920
20020168,498,2002-03-21 17:00:00,60.233971,-42.939392,2.333499,60.070100,-43.602500,991.861600,60.000000,-43.250000,17.244720
20020168,499,2002-03-21 18:00:00,61.454929,-43.026146,2.404230,61.007130,-43.767250,991.409300,61.250000,-43.250000,17.813770
20020168,500,2002-03-21 19:00:00,62.550133,-43.189205,2.343437,62.043200,-43.942450,991.103800,62.250000,-43.500000,18.279660
20020168,501,2002-03-21 20:00:00,63.627876,-43.401024,2.425046,62.979480,-44.045650,990.796900,63.000000,-43.750000,18.536010
20020168,502,2002-03-21 21:00:00,66.053558,-44.047939,2.716627,63.857820,-44.158520,990.836800,63.750000,-43.750000,18.437270
20020168,503,2002-03-21 22:00:00,67.247337,-44.358776,2.923407,65.090710,-44.215920,991.572100,65.000000,-44.000000,17.272620
20020168,504,2002-03-21 23:00:00,68.313110,-44.584587,3.104429,66.085530,-44.237630,991.826800,66.000000,-44.000000,18.384920
20020168,505,2002-03-22 00:00:00,69.467110,-44.828369,3.198441,67.473090,-44.308690,992.434600,67.250000,-44.000000,18.599550
20020168,506,2002-03-22 01:00:00,70.590187,-45.123470,3.276313,68.908940,-44.476750,993.291100,68.250000,-44.000000,18.068120
20020168,507,2002-03-22 02:00:00,71.847153,-45.440811,3.323511,-999.000000,-999.000000,995.013000,69.750000,-44.250000,18.302480
20020168,508,2002-03-22 03:00:00,73.112579,-45.803665,3.367130,-999.000000,-999.000000,994.604800,71.250000,-44.500000,18.382600
20020168,509,2002-03-22 04:00:00,74.479095,-46.115784,3.410869,-999.000000,-999.000000,994.634500,72.250000,-44.500000,17.940090
20020168,510,2002-03-22 05:00:00,75.817146,-46.373356,3.414955,75.667020,-46.290010,994.152500,74.000000,-44.750000,17.724480
20020168,511,2002-03-22 06:00:00,77.359512,-46.664082,3.406702,76.588650,-46.518010,994.012900,75.000000,-44.750000,17.882880
20020168,512,2002-03-22 07:00:00,78.755356,-46.887684,3.502543,77.989440,-46.644260,994.209300,80.500000,-44.750000,17.625310
20020168,513,2002-03-22 08:00:00,80.073158,-47.081318,3.544249,79.516520,-46.577530,994.628400,82.000000,-45.000000,17.680290
20020168,514,2002-03-22 09:00:00,81.464996,-47.040684,4.546063,80.606340,-46.621330,992.849400,81.250000,-45.250000,19.246030
20020168,515,2002-03-22 10:00:00,82.753845,-47.226765,4.465893,82.932290,-46.949320,993.704500,82.750000,-45.250000,18.504980
20020168,516,2002-03-22 11:00:00,84.247253,-47.457211,4.435737,84.293140,-47.286240,993.655600,84.000000,-45.250000,17.961920
20020168,517,2002-03-22 12:00:00,85.805161,-47.704712,4.395769,87.869220,-48.584130,992.754200,88.000000,-46.000000,17.635100
20020168,518,2002-03-22 13:00:00,87.385262,-47.988270,4.288630,88.850310,-48.766870,992.402200,90.500000,-46.750000,17.347340
20020168,519,2002-03-22 14:00:00,89.183403,-48.391079,4.311377,90.720610,-49.186850,992.013400,92.000000,-47.000000,17.316460
20020168,520,2002-03-22 15:00:00,90.934425,-48.822823,4.435527,92.058160,-49.360500,991.179700,94.000000,-47.250000,17.507970
20020168,521,2002-03-22 16:00:00,92.393471,-49.138680,4.566231,93.938310,-49.774140,990.954400,89.500000,-46.000000,17.441930
20020168,522,2002-03-22 17:00:00,93.690865,-49.405060,4.702855,95.258670,-50.005530,989.969300,92.000000,-46.250000,17.602050
20020168,523,2002-03-22 18:00:00,95.048203,-49.668331,4.782795,-999.000000,-999.000000,990.364000,93.500000,-46.500000,17.649130
20020168,524,2002-03-22 19:00:00,96.568474,-50.053471,4.829507,100.592700,-53.078080,987.959800,94.750000,-46.750000,17.608330
20020168,525,2002-03-22 20:00:00,98.098557,-50.472290,4.819065,99.414920,-51.006050,988.621600,96.000000,-47.000000,17.300040
20020168,526,2002-03-22 21:00:00,99.775688,-50.896091,5.134625,103.407100,-53.649790,986.063700,97.500000,-47.000000,17.408750
20020168,527,2002-03-22 22:00:00,101.078033,-51.158916,5.294814,103.595400,-55.078460,985.207200,98.500000,-47.000000,16.940200
20020168,528,2002-03-22 23:00:00,102.230293,-51.367245,5.489000,103.184300,-51.486880,986.340600,99.500000,-47.250000,16.791940
20020168,529,2002-03-23 00:00:00,103.237091,-51.491516,5.659476,104.040100,-51.625580,985.672400,100.500000,-47.000000,16.766690
20020168,530,2002-03-23 01:00:00,104.111885,-51.494621,5.805523,104.951500,-51.869450,984.962800,102.000000,-47.000000,16.672000
20020168,531,2002-03-23 02:00:00,104.948570,-51.408871,5.905223,105.705400,-52.035700,984.551600,103.500000,-47.000000,16.618980
20020168,532,2002-03-23 03:00:00,105.804512,-51.265541,5.902453,107.054400,-54.695920,983.549100,103.750000,-48.000000,16.666610
20020168,533,2002-03-23 04:00:00,106.662849,-51.120636,5.857950,107.368700,-52.518950,984.182900,104.750000,-47.750000,16.755230
20020168,534,2002-03-23 05:00:00,107.573097,-51.002071,5.816634,108.086400,-52.855260,983.917900,105.500000,-47.750000,16.610660
20020168,535,2002-03-23 06:00:00,108.463333,-50.862816,5.712343,108.987800,-53.173550,983.649400,106.250000,-47.750000,16.695130
20020168,536,2002-03-23 07:00:00,109.335052,-50.791752,5.657151,108.785700,-55.101660,983.089200,107.000000,-47.500000,16.700380
20020168,537,2002-03-23 08:00:00,110.188065,-50.809654,5.588419,109.315200,-55.174290,983.270200,108.000000,-47.500000,16.464580
20020168,538,2002-03-23 09:00:00,111.198723,-50.947628,6.063316,110.270200,-55.133850,983.509800,107.500000,-50.000000,16.113650
20020168,539,2002-03-23 10:00:00,111.915901,-51.206409,5.767164,110.789700,-55.182110,983.548400,108.750000,-50.750000,16.184810
20020168,540,2002-03-23 11:00:00,112.582054,-51.527534,5.532204,111.609500,-55.308300,983.798600,109.500000,-50.000000,16.356170
20020168,541,2002-03-23 12:00:00,113.234825,-51.768322,5.332733,112.266800,-55.437950,983.834100,111.000000,-47.000000,16.695750
20020168,542,2002-03-23 13:00:00,113.846092,-51.974785,5.211882,112.793300,-55.587270,983.738800,112.000000,-47.000000,17.188800
20020168,543,2002-03-23 14:00:00,114.511627,-51.929428,5.143068,113.273100,-55.703130,983.506200,112.750000,-47.500000,17.107150
20020168,544,2002-03-23 15:00:00,115.189339,-51.774239,5.081306,113.754100,-55.873360,983.580000,108.750000,-51.000000,17.033180
20020168,545,2002-03-23 16:00:00,115.850731,-51.531086,5.000013,114.227600,-56.046540,983.366200,110.000000,-51.000000,16.854660
20020168,546,2002-03-23 17:00:00,116.485100,-51.314144,4.902544,-999.000000,-999.000000,989.803800,114.000000,-47.500000,16.638400
20020168,547,2002-03-23 18:00:00,117.405495,-50.213421,4.810433,-999.000000,-999.000000,991.477300,114.500000,-47.250000,16.408330
20020168,548,2002-03-23 19:00:00,118.172272,-49.532864,4.676115,-999.000000,-999.000000,992.743000,116.500000,-47.500000,16.177000
20020168,549,2002-03-23 20:00:00,118.868721,-49.037296,4.539510,-999.000000,-999.000000,994.005100,113.250000,-49.750000,16.330840
20020168,550,2002-03-23 21:00:00,119.448914,-49.434147,4.448735,-999.000000,-999.000000,993.614100,113.000000,-50.000000,16.245120
20020168,551,2002-03-23 22:00:00,120.268845,-48.559956,4.265037,-999.000000,-999.000000,995.375900,116.000000,-47.250000,16.171910
20020168,552,2002-03-23 23:00:00,121.028427,-47.817902,4.108023,-999.000000,-999.000000,996.826400,115.750000,-48.000000,16.211710
20020168,553,2002-03-24 00:00:00,121.733292,-47.281937,3.929393,-999.000000,-999.000000,997.425600,116.500000,-46.750000,15.684080
20020168,554,2002-03-24 01:00:00,122.362854,-46.926476,3.814903,-999.000000,-999.000000,998.432700,117.000000,-46.500000,15.432410
20020168,555,2002-03-24 02:00:00,122.901009,-46.745701,3.667527,-999.000000,-999.000000,998.533900,117.750000,-46.500000,15.354380
20020168,556,2002-03-24 03:00:00,123.446411,-46.607788,3.538411,-999.000000,-999.000000,998.465200,118.500000,-46.500000,15.492570
20020168,557,2002-03-24 04:00:00,123.924286,-46.642719,3.423402,-999.000000,-999.000000,998.616100,119.250000,-46.250000,15.234230
20020168,558,2002-03-24 05:00:00,124.565643,-46.608353,3.345335,-999.000000,-999.000000,997.835400,119.750000,-46.250000,15.165410
20020168,559,2002-03-24 06:00:00,125.317490,-46.626099,3.305645,-999.000000,-999.000000,997.758400,120.250000,-47.500000,15.127880
20020168,560,2002-03-24 07:00:00,126.722122,-46.497246,3.283375,-999.000000,-999.000000,997.057400,120.750000,-46.000000,15.086670
19940215,246,1994-04-11 05:00:00,-64.762482,-51.832092,1.480600,292.568800,-50.767560,1001.569000,297.000000,-49.500000,11.253740
19940215,247,1994-04-11 06:00:00,-63.219482,-52.241055,1.697177,293.144400,-50.735750,1001.864000,297.500000,-49.500000,10.908540
19940215,248,1994-04-11 07:00:00,-62.903992,-52.055569,1.987825,294.754400,-50.685960,1001.260000,298.750000,-49.250000,11.124280
19940215,249,1994-04-11 08:00:00,-62.522461,-51.966740,2.355693,297.435500,-51.303160,1001.267000,299.250000,-49.000000,11.299360
19940215,250,1994-04-11 09:00:00,-61.892242,-51.963993,2.699615,297.910000,-50.915680,1000.992000,300.000000,-49.000000,11.325380
19940215,251,1994-04-11 10:00:00,-61.784912,-52.064583,2.801167,298.218900,-50.787100,1001.097000,293.000000,-49.000000,11.590040
19940215,252,1994-04-11 11:00:00,-61.172272,-51.998528,3.084866,298.772200,-50.709220,1000.828000,293.500000,-48.750000,11.253750
19940215,253,1994-04-11 12:00:00,-60.736298,-51.856632,3.233194,299.371300,-50.652770,1001.313000,293.750000,-48.750000,10.861150
19940215,254,1994-04-11 13:00:00,-60.338745,-51.714264,3.349736,299.483900,-50.605050,1001.739000,294.000000,-48.500000,10.682870
19940215,255,1994-04-11 14:00:00,-60.034027,-51.559826,3.461007,300.010000,-50.849710,1001.480000,293.000000,-50.750000,10.986400
19940215,256,1994-04-11 15:00:00,-59.726379,-51.472332,3.454885,300.402200,-50.691800,1001.666000,293.750000,-50.500000,11.238910
19940215,257,1994-04-11 16:00:00,-59.374115,-51.404484,3.439663,300.875200,-50.532120,1001.304000,295.000000,-50.250000,11.707770
19940215,258,1994-04-11 17:00:00,-59.025482,-51.363297,3.417238,301.639400,-50.538670,1001.209000,295.500000,-49.750000,11.839520
19940215,259,1994-04-11 18:00:00,-58.659302,-51.325352,3.403305,301.768600,-50.370650,1000.720000,295.750000,-49.500000,11.779900
19940215,260,1994-04-11 19:00:00,-58.285126,-51.269573,3.391521,302.341100,-50.261850,1001.054000,295.750000,-49.500000,11.454570
19940215,261,1994-04-11 20:00:00,-57.793488,-51.259235,3.362848,302.634300,-50.129970,1001.340000,298.500000,-48.750000,11.535820
19940215,262,1994-04-11 21:00:00,-57.323639,-51.204865,3.313142,303.070700,-50.067660,1001.983000,298.750000,-48.250000,11.609140
19940215,263,1994-04-11 22:00:00,-56.288910,-51.602310,3.505353,303.744900,-50.077910,1001.784000,299.750000,-48.500000,12.096090
19940215,264,1994-04-11 23:00:00,-55.581757,-51.551147,3.451505,304.340700,-49.944070,1002.346000,299.750000,-48.000000,12.028700
19940215,265,1994-04-12 00:00:00,-54.977356,-51.432529,3.328852,304.967200,-49.845530,1002.287000,299.750000,-48.000000,11.840770
19940215,266,1994-04-12 01:00:00,-54.437256,-51.252850,3.207098,305.532000,-49.842660,1002.959000,299.750000,-48.000000,11.586760
19940215,267,1994-04-12 02:00:00,-54.133026,-50.995625,3.039993,306.170000,-49.865220,1002.988000,300.000000,-47.500000,11.301590
19940215,268,1994-04-12 03:00:00,-53.973633,-50.665428,2.874878,306.850600,-49.894320,1003.175000,302.250000,-47.500000,11.718070
19940215,269,1994-04-12 04:00:00,-53.958496,-50.274036,2.692227,307.385500,-49.683820,1003.320000,302.000000,-47.000000,12.509080
19940215,270,1994-04-12 05:00:00,-54.133209,-49.588100,2.528430,307.635500,-49.450270,1003.398000,302.750000,-46.500000,12.507090
19940215,271,1994-04-12 06:00:00,-54.382782,-48.392067,2.405707,308.118700,-49.320530,1003.675000,302.250000,-46.250000,12.358680
19940215,272,1994-04-12 07:00:00,-54.291168,-47.576828,2.283746,308.673700,-49.123520,1003.512000,303.000000,-45.750000,12.238390
19940215,273,1994-04-12 08:00:00,-53.985657,-46.973972,2.171207,308.866700,-49.167680,1003.662000,303.750000,-45.500000,12.235710
19940215,274,1994-04-12 09:00:00,-53.543457,-46.428886,2.105762,309.331900,-48.954600,1004.090000,304.750000,-47.000000,12.507260
19940215,275,1994-04-12 10:00:00,-53.232178,-45.754646,2.111942,309.891100,-48.942980,1003.781000,304.750000,-46.750000,12.799260
19940215,276,1994-04-12 11:00:00,-52.758972,-45.238503,2.128801,309.655600,-47.725570,1005.028000,305.000000,-46.250000,13.133690
19940215,277,1994-04-12 12:00:00,-52.275177,-44.768639,2.183243,309.963600,-47.588640,1005.019000,306.500000,-46.750000,13.335370
19940215,278,1994-04-12 13:00:00,-51.823822,-44.405025,2.232878,310.647600,-47.357480,1005.843000,306.750000,-46.500000,13.641040
19940215,279,1994-04-12 14:00:00,-51.427032,-44.041935,2.268404,311.151900,-46.622000,1006.119000,307.000000,-45.500000,13.598410
19940215,280,1994-04-12 15:00:00,-51.104706,-43.721638,2.246638,-999.000000,-999.000000,1009.802000,307.250000,-45.250000,13.317650
19940215,281,1994-04-12 16:00:00,-50.847687,-43.426067,2.172502,-999.000000,-999.000000,1010.079000,307.500000,-45.750000,13.281710
19940215,282,1994-04-12 17:00:00,-50.542664,-43.162746,2.057485,-999.000000,-999.000000,1009.440000,308.250000,-45.250000,13.295610
19940215,283,1994-04-12 18:00:00,-50.269531,-42.881523,1.945397,-999.000000,-999.000000,1010.025000,308.250000,-45.000000,13.687810
19940215,284,1994-04-12 19:00:00,-49.946075,-42.665134,1.847762,-999.000000,-999.000000,1010.015000,308.250000,-45.000000,13.442620
19940215,285,1994-04-12 20:00:00,-49.617462,-42.483292,1.758091,-999.000000,-999.000000,1010.343000,309.000000,-45.000000,13.155550
19940215,286,1994-04-12 21:00:00,-49.264038,-42.247368,1.668327,-999.000000,-999.000000,1010.171000,309.000000,-44.250000,13.085360
19940215,287,1994-04-12 22:00:00,-48.984161,-41.733658,1.672943,-999.000000,-999.000000,1010.834000,309.000000,-44.250000,12.806320
19940215,288,1994-04-12 23:00:00,-48.603088,-41.474178,1.556436,-999.000000,-999.000000,1010.838000,309.250000,-42.500000,12.349130
19940215,289,1994-04-13 00:00:00,-48.211456,-41.181770,1.460601,-999.000000,-999.000000,1011.503000,310.250000,-41.000000,12.157610
19940215,290,1994-04-13 01:00:00,-47.790222,-40.855473,1.353041,-999.000000,-999.000000,1011.403000,310.250000,-41.000000,11.792770
19940215,291,1994-04-13 02:00:00,-47.216766,-40.465916,1.263255,-999.000000,-999.000000,1011.756000,310.000000,-43.250000,11.308980
19940215,292,1994-04-13 03:00:00,-46.144897,-39.912090,1.181669,-999.000000,-999.000000,1011.406000,313.250000,-37.500000,11.142220
19970580,246,1997-09-11 05:00:00,-30.409546,-36.259502,1.134533,-999.000000,-999.000000,995.792500,334.500000,-32.000000,15.379510
19970580,247,1997-09-11 06:00:00,-30.245300,-36.480968,1.161525,-999.000000,-999.000000,995.962500,330.500000,-39.250000,15.100130
19970580,248,1997-09-11 07:00:00,-29.796570,-36.558517,1.185332,-999.000000,-999.000000,995.996000,331.000000,-39.000000,14.784990
19970580,249,1997-09-11 08:00:00,-29.072357,-36.609390,1.286059,-999.000000,-999.000000,996.364000,330.000000,-40.000000,14.707710
19970580,250,1997-09-11 09:00:00,-28.382111,-36.720306,1.388774,-999.000000,-999.000000,996.770400,328.500000,-41.750000,14.702800
19970580,251,1997-09-11 10:00:00,-27.915833,-36.713764,1.893139,-999.000000,-999.000000,995.789300,331.000000,-36.250000,14.929680
19970580,252,1997-09-11 11:00:00,-27.335724,-36.580231,2.005023,-999.000000,-999.000000,996.637400,333.250000,-36.750000,14.382270
19970580,253,1997-09-11 12:00:00,-26.776123,-36.393253,2.087280,-999.000000,-999.000000,996.975800,333.000000,-36.750000,14.027730
19970580,254,1997-09-11 13:00:00,-26.182465,-36.325886,2.172005,-999.000000,-999.000000,997.739800,333.250000,-36.750000,13.925160
19970580,255,1997-09-11 14:00:00,-25.541107,-36.298580,2.260430,-999.000000,-999.000000,997.627700,333.750000,-36.750000,13.681480
19970580,256,1997-09-11 15:00:00,-24.950989,-36.284233,2.334639,-999.000000,-999.000000,997.576800,335.250000,-36.750000,13.600960
19970580,257,1997-09-11 16:00:00,-24.263763,-36.206524,2.374271,338.149900,-38.360850,992.700800,336.000000,-36.500000,14.323730
19970580,258,1997-09-11 17:00:00,-23.565216,-36.225460,2.449733,338.433000,-39.155430,992.955100,337.000000,-37.000000,14.425440
19970580,259,1997-09-11 18:00:00,-22.995209,-36.263893,2.540839,-999.000000,-999.000000,997.867100,335.250000,-31.250000,13.874350
19970580,260,1997-09-11 19:00:00,-22.457184,-36.259171,2.587324,339.253100,-38.964940,994.314100,336.000000,-31.000000,13.610560
19970580,261,1997-09-11 20:00:00,-21.970551,-36.253281,2.775086,339.660900,-38.789360,995.346000,336.000000,-30.750000,12.993620
19970580,262,1997-09-11 21:00:00,-21.493134,-36.302979,2.948090,-999.000000,-999.000000,1000.430000,338.500000,-36.250000,13.103550
19970580,263,1997-09-11 22:00:00,-21.526093,-36.516132,3.272871,340.414400,-38.790530,996.170500,339.000000,-36.250000,13.681650
19970580,264,1997-09-11 23:00:00,-21.014832,-36.399719,3.319570,340.971000,-38.777770,997.222900,339.500000,-36.000000,13.043470
19970580,265,1997-09-12 00:00:00,-20.531525,-36.291904,3.349473,341.200600,-38.841030,997.161300,340.500000,-32.000000,12.589090
19970580,266,1997-09-12 01:00:00,-20.049164,-36.265797,3.383568,341.466400,-38.846410,997.575700,341.250000,-32.000000,12.292390
19970580,267,1997-09-12 02:00:00,-19.579956,-36.217270,3.454595,341.699600,-38.868370,998.183300,340.000000,-33.250000,12.395290
19970580,268,1997-09-12 03:00:00,-19.137878,-36.248478,3.465885,341.945300,-38.929570,998.343400,340.000000,-32.750000,12.483650
19970580,269,1997-09-12 04:00:00,-18.710876,-36.230049,3.548095,341.989400,-39.064350,998.535400,340.000000,-32.000000,12.648820
19970580,270,1997-09-12 05:00:00,-18.306610,-36.268349,3.566061,342.161700,-39.220180,998.764500,340.250000,-31.750000,12.741780
19970580,271,1997-09-12 06:00:00,-17.809570,-36.196167,3.614610,342.765700,-38.995690,999.419900,340.500000,-31.500000,12.641490
19970580,272,1997-09-12 07:00:00,-17.433075,-36.168747,3.729640,342.712500,-39.104610,1000.048000,340.750000,-31.500000,12.424490
19970580,273,1997-09-12 08:00:00,-16.995667,-36.173450,3.746811,344.450000,-39.285820,1000.910000,341.500000,-31.250000,12.171960
19970580,274,1997-09-12 09:00:00,-16.560974,-36.175659,3.822243,344.726400,-39.284710,1002.096000,348.000000,-37.250000,12.298580
19970580,275,1997-09-12 10:00:00,-15.399292,-35.908733,4.112086,344.293400,-39.088120,1001.514000,339.500000,-32.750000,12.608570
19970580,276,1997-09-12 11:00:00,-14.843140,-35.945728,4.142421,344.981800,-39.139600,1001.655000,341.250000,-37.750000,12.609540
19970580,277,1997-09-12 12:00:00,-14.387909,-35.975163,4.256923,346.002800,-38.981470,1002.054000,341.500000,-37.750000,12.871810
19970580,278,1997-09-12 13:00:00,-13.867279,-35.968628,4.324174,346.305800,-39.109730,1001.414000,341.750000,-37.750000,13.582830
19970580,279,1997-09-12 14:00:00,-13.507629,-36.090523,4.410760,346.464300,-39.224960,1001.617000,342.000000,-37.500000,14.228410
19970580,280,1997-09-12 15:00:00,-13.071686,-36.161579,4.440636,347.420900,-39.014250,1001.099000,342.250000,-37.250000,14.644580
19970580,281,1997-09-12 16:00:00,-12.576263,-36.232670,4.549757,347.563400,-39.112590,1001.304000,342.500000,-37.000000,14.906500
19970580,282,1997-09-12 17:00:00,-12.259155,-36.347012,4.607475,347.771400,-39.186370,1001.646000,343.000000,-36.750000,15.059570
19970580,283,1997-09-12 18:00:00,-11.778534,-36.412926,4.653578,348.193800,-39.028250,1002.077000,343.250000,-36.500000,14.902150
19970580,284,1997-09-12 19:00:00,-11.259674,-36.468338,4.742549,348.753200,-38.913130,1002.953000,343.750000,-36.000000,15.002320
19970580,285,1997-09-12 20:00:00,-10.746613,-36.524040,4.763535,349.957000,-38.749130,1003.398000,343.750000,-36.000000,15.173620
19970580,286,1997-09-12 21:00:00,-10.294464,-36.596363,4.786834,352.212400,-38.547040,1003.915000,344.500000,-35.500000,15.271180
20050575,171,2005-09-08 02:00:00,-51.788025,-45.583057,3.322135,-999.000000,-999.000000,1015.696000,308.000000,-48.250000,12.958020
20050575,172,2005-09-08 03:00:00,-51.020721,-45.056614,3.209328,-999.000000,-999.000000,1015.786000,308.000000,-48.750000,12.958860
20050575,173,2005-09-08 04:00:00,-50.400238,-44.847485,3.249956,-999.000000,-999.000000,1015.660000,308.750000,-48.250000,12.663270
20050575,174,2005-09-08 05:00:00,-49.824402,-44.740650,3.247784,-999.000000,-999.000000,1015.850000,310.500000,-46.500000,12.828080
20050575,175,2005-09-08 06:00:00,-49.308197,-44.613888,3.185614,-999.000000,-999.000000,1016.137000,311.000000,-46.500000,12.621450
20050575,176,2005-09-08 07:00:00,-48.800934,-44.521675,3.168930,-999.000000,-999.000000,1016.374000,311.250000,-46.500000,12.939840
20050575,177,2005-09-08 08:00:00,-48.134735,-43.929531,3.136524,-999.000000,-999.000000,1016.734000,310.500000,-48.250000,14.067100
20050575,178,2005-09-08 09:00:00,-47.565094,-43.879948,3.118355,-999.000000,-999.000000,1017.124000,311.000000,-47.750000,13.429910
20050575,179,2005-09-08 10:00:00,-47.129517,-43.887394,3.059827,-999.000000,-999.000000,1017.417000,311.250000,-48.000000,13.719180
20050575,180,2005-09-08 11:00:00,-46.679688,-43.843910,3.003730,-999.000000,-999.000000,1017.645000,312.000000,-47.500000,13.111820
20050575,181,2005-09-08 12:00:00,-46.179749,-43.803394,3.056988,-999.000000,-999.000000,1018.252000,312.000000,-48.250000,12.813920
20050575,182,2005-09-08 13:00:00,-45.745392,-43.762733,3.015498,-999.000000,-999.000000,1018.119000,312.500000,-48.000000,12.306180
20050575,183,2005-09-08 14:00:00,-45.278351,-43.563911,2.893844,-999.000000,-999.000000,1018.953000,314.250000,-45.750000,12.386000
20050575,184,2005-09-08 15:00:00,-44.769592,-43.376366,2.825425,-999.000000,-999.000000,1018.778000,316.750000,-38.500000,12.935220
20050575,185,2005-09-08 16:00:00,-44.257660,-43.261585,2.770668,-999.000000,-999.000000,1018.900000,317.250000,-37.500000,12.608150
20050575,186,2005-09-08 17:00:00,-43.690735,-43.094460,2.721325,-999.000000,-999.000000,1019.650000,318.000000,-37.500000,12.846270
20050575,187,2005-09-08 18:00:00,-43.011292,-42.786900,2.682767,-999.000000,-999.000000,1020.261000,318.250000,-37.500000,12.955270
20050575,188,2005-09-08 19:00:00,-42.446136,-42.551697,2.612260,-999.000000,-999.000000,1021.136000,318.000000,-37.250000,12.828830
20050575,189,2005-09-08 20:00:00,-41.397217,-42.230148,2.643981,-999.000000,-999.000000,1022.883000,319.000000,-37.500000,13.698870
20050575,190,2005-09-08 21:00:00,-40.962738,-42.072933,2.550888,-999.000000,-999.000000,1023.366000,319.250000,-37.250000,13.468580
20050575,191,2005-09-08 22:00:00,-40.362915,-41.763023,2.457816,319.770900,-39.241070,1020.828000,320.000000,-37.250000,12.748970
20050575,192,2005-09-08 23:00:00,-39.763824,-41.402607,2.385377,320.238300,-39.044290,1021.160000,320.000000,-37.250000,12.641490
20050575,193,2005-09-09 00:00:00,-39.213287,-41.171383,2.272619,320.760500,-38.945520,1021.119000,320.250000,-37.000000,12.169180
20050575,194,2005-09-09 01:00:00,-38.743286,-40.990936,2.164325,321.163400,-38.746180,1021.142000,322.000000,-37.250000,11.759620
20050575,195,2005-09-09 02:00:00,-38.235046,-40.765762,2.148956,321.508800,-38.535290,1020.905000,320.250000,-36.750000,11.369600
20050575,196,2005-09-09 03:00:00,-37.932648,-40.703911,2.097086,321.768300,-38.659860,1020.973000,321.500000,-36.500000,11.415340
20050575,197,2005-09-09 04:00:00,-37.478729,-40.575409,2.072404,322.181900,-38.484150,1021.142000,320.500000,-36.500000,11.132460
20050575,198,2005-09-09 05:00:00,-37.208160,-40.520264,2.061122,322.595700,-38.319020,1021.743000,321.000000,-36.250000,10.603570
20050575,199,2005-09-09 06:00:00,-36.933533,-40.446648,1.970980,322.762200,-38.384260,1022.165000,323.250000,-36.500000,10.504380
20050575,200,2005-09-09 07:00:00,-36.596222,-40.344860,1.890842,322.908400,-38.398140,1022.523000,323.500000,-36.250000,10.290020
20050575,201,2005-09-09 08:00:00,-36.638275,-40.632603,1.755839,323.267600,-38.268800,1023.431000,324.250000,-38.250000,10.428300
20050575,202,2005-09-09 09:00:00,-36.308044,-40.604580,1.623581,323.378100,-38.281670,1024.133000,324.250000,-38.250000,10.408210
20050575,203,2005-09-09 10:00:00,-35.893188,-40.506950,1.480715,323.502000,-38.332350,1024.180000,324.750000,-38.000000,10.309030
20050575,204,2005-09-09 11:00:00,-35.414124,-40.306145,1.376362,-999.000000,-999.000000,1027.426000,324.750000,-38.000000,10.063590
20050575,205,2005-09-09 12:00:00,-34.960846,-40.208584,1.279576,323.722500,-38.322380,1024.818000,325.000000,-38.000000,9.569071
20050575,206,2005-09-09 13:00:00,-34.421814,-39.988190,1.185583,323.806700,-38.278560,1025.046000,324.250000,-45.750000,9.440693
20050575,207,2005-09-09 14:00:00,-33.983856,-39.767902,1.099924,324.092000,-38.213470,1024.479000,324.000000,-45.500000,8.868455
20150652,478,2015-09-20 21:00:00,-30.321991,-32.783604,1.141947,330.778600,-31.757350,1016.309000,330.500000,-31.250000,11.471810
20150652,479,2015-09-20 22:00:00,-29.799103,-32.858559,1.123693,332.260500,-31.872300,1016.491000,331.250000,-32.250000,11.131540
20150652,480,2015-09-20 23:00:00,-28.542542,-33.013508,1.217038,331.468400,-32.847850,1017.695000,326.500000,-37.250000,10.825880
20150652,481,2015-09-21 00:00:00,-27.624390,-33.040314,1.188307,332.066200,-32.742180,1017.075000,333.000000,-31.500000,11.109680
20150652,482,2015-09-21 01:00:00,-26.198730,-33.198666,1.192660,333.475600,-31.914080,1015.951000,333.500000,-31.500000,11.156870
20150652,483,2015-09-21 02:00:00,-25.158325,-33.316936,1.178282,333.847400,-31.985120,1015.167000,341.000000,-31.000000,11.261450
20150652,484,2015-09-21 03:00:00,-23.591644,-33.511868,1.202116,334.643500,-32.019320,1014.048000,334.250000,-31.500000,11.396550
20150652,485,2015-09-21 04:00:00,-22.450653,-33.632484,1.204659,337.496000,-33.064250,1014.902000,335.000000,-31.500000,11.690830
20150652,486,2015-09-21 05:00:00,-21.010315,-33.688843,1.161732,339.467000,-33.206600,1014.735000,335.500000,-31.750000,12.083570
20150652,487,2015-09-21 06:00:00,-19.966461,-33.557762,1.191093,336.406800,-32.053520,1013.152000,336.000000,-31.750000,12.359830
20150652,488,2015-09-21 07:00:00,-18.842407,-33.408646,1.239745,345.259900,-32.109840,1013.402000,336.500000,-31.750000,12.406640
20150652,489,2015-09-21 08:00:00,-17.521149,-33.288269,1.351470,345.772900,-32.151050,1013.577000,345.500000,-31.500000,12.268700
20150652,490,2015-09-21 09:00:00,-16.945770,-33.200294,1.312193,346.258100,-32.187690,1013.463000,346.250000,-31.500000,12.561350
20150652,491,2015-09-21 10:00:00,-16.345825,-33.354614,1.471195,-999.000000,-999.000000,1015.236000,346.750000,-31.750000,13.584640
20150652,492,2015-09-21 11:00:00,-15.770966,-33.214329,1.468567,-999.000000,-999.000000,1014.621000,340.000000,-31.500000,13.334850
20150652,493,2015-09-21 12:00:00,-14.755798,-33.179573,1.453504,-999.000000,-999.000000,1014.348000,348.000000,-32.000000,13.700810
20150652,494,2015-09-21 13:00:00,-13.844208,-33.180168,1.526941,-999.000000,-999.000000,1013.623000,348.750000,-32.000000,14.399350
20150652,495,2015-09-21 14:00:00,-13.055695,-33.236198,1.532379,-999.000000,-999.000000,1012.753000,349.250000,-32.000000,14.444040
20150652,496,2015-09-21 15:00:00,-12.350159,-33.346451,1.604801,-999.000000,-999.000000,1011.264000,350.000000,-32.250000,14.545670
20150652,497,2015-09-21 16:00:00,-11.766785,-33.501610,1.623575,350.198300,-32.745780,1009.642000,343.500000,-32.000000,14.121280
20150652,498,2015-09-21 17:00:00,-11.174530,-33.593552,1.638829,350.889500,-32.911350,1009.377000,344.250000,-32.000000,14.372450
20150652,499,2015-09-21 18:00:00,-10.516296,-33.721092,1.683981,351.436500,-33.080890,1009.207000,345.000000,-32.000000,14.308250
20150652,500,2015-09-21 19:00:00,-9.663635,-33.750889,1.734476,352.167200,-33.253310,1009.358000,352.500000,-33.000000,14.358090
20150652,501,2015-09-21 20:00:00,-8.984772,-33.830734,1.814294,-999.000000,-999.000000,1010.344000,353.000000,-33.000000,14.788840
20150652,502,2015-09-21 21:00:00,-8.279510,-33.958862,1.804577,352.030400,-34.332410,1009.521000,354.000000,-33.250000,15.081850
20150652,503,2015-09-21 22:00:00,-8.198578,-33.994579,1.926460,354.204600,-33.710140,1007.786000,348.000000,-32.250000,15.845260
20150652,504,2015-09-21 23:00:00,-7.391083,-34.152084,1.975984,353.856600,-34.548020,1007.556000,349.000000,-32.250000,15.976280
20150652,505,2015-09-22 00:00:00,-6.600281,-34.346523,2.029833,-999.000000,-999.000000,1007.576000,356.000000,-33.750000,15.823950
20150652,506,2015-09-22 01:00:00,-5.816620,-34.554905,2.103471,-999.000000,-999.000000,1006.496000,350.500000,-32.250000,15.707810
20150652,507,2015-09-22 02:00:00,-4.766602,-34.816341,2.167943,-999.000000,-999.000000,1005.293000,351.500000,-32.500000,15.892180
20150652,508,2015-09-22 03:00:00,-3.661652,-35.039516,2.438542,-999.000000,-999.000000,1004.072000,352.750000,-32.500000,16.136830
20150652,509,2015-09-22 04:00:00,-2.632477,-35.252575,2.666942,-999.000000,-999.000000,1003.542000,359.000000,-34.500000,16.113810
20150652,510,2015-09-22 05:00:00,-2.047516,-35.431412,2.811623,357.514300,-35.952920,1002.680000,352.750000,-39.750000,16.294430
20150652,511,2015-09-22 06:00:00,-1.580475,-35.692833,2.860029,358.170400,-36.074660,1002.294000,1.000000,-34.750000,16.690800
20150652,512,2015-09-22 07:00:00,-0.719025,-35.985577,3.025945,358.294900,-36.216840,1002.226000,1.500000,-35.000000,16.694840
20150652,513,2015-09-22 08:00:00,0.159977,-36.209984,3.233334,0.000000,-36.474010,1002.091000,2.500000,-35.250000,16.375550
20150652,514,2015-09-22 09:00:00,1.010878,-36.520397,3.270963,0.000000,-36.599940,1001.582000,3.500000,-35.750000,16.591460
20150652,515,2015-09-22 10:00:00,1.401966,-36.966331,3.999467,1.076245,-36.822070,999.453100,4.250000,-36.000000,17.930550
20150652,516,2015-09-22 11:00:00,2.322327,-37.291233,4.146053,1.141034,-37.156090,999.122900,5.250000,-36.250000,17.625240
20150652,517,2015-09-22 12:00:00,3.279245,-37.671764,4.224506,2.064773,-37.474580,997.841700,6.000000,-36.750000,17.602730
20150652,518,2015-09-22 13:00:00,4.228591,-38.060863,4.377397,3.036118,-37.916250,996.602500,7.000000,-37.000000,17.414420
20150652,519,2015-09-22 14:00:00,5.161960,-38.481499,4.478042,4.758543,-38.300870,995.337000,8.000000,-37.250000,17.522200
20150652,520,2015-09-22 15:00:00,6.041865,-38.973774,4.655602,5.877828,-38.821880,994.904600,0.000000,-42.750000,17.578880
20150652,521,2015-09-22 16:00:00,6.981841,-39.448242,4.846817,6.772132,-39.255030,994.113400,0.500000,-42.750000,17.804830
20150652,522,2015-09-22 17:00:00,7.873532,-39.919476,4.987310,7.692985,-39.628790,993.836200,1.250000,-43.250000,17.903130
20150652,523,2015-09-22 18:00:00,8.849890,-40.338821,5.211814,8.822358,-40.124730,993.376800,2.000000,-43.500000,18.244620
20150652,524,2015-09-22 19:00:00,9.805989,-40.738945,5.307586,9.635625,-40.601520,992.991800,13.500000,-39.500000,19.644420
20150652,525,2015-09-22 20:00:00,10.660116,-41.134960,5.433897,10.762940,-41.140870,992.045700,14.250000,-39.500000,19.009870
20150652,526,2015-09-22 21:00:00,11.609436,-41.566643,5.677937,11.642830,-41.601580,991.145300,15.500000,-39.750000,19.552690
20150652,527,2015-09-22 22:00:00,12.788133,-41.806953,6.008687,12.703970,-42.178300,988.474200,15.750000,-41.250000,20.219520
20150652,528,2015-09-22 23:00:00,13.569345,-42.352589,6.059682,13.688430,-42.928960,988.222000,16.750000,-39.750000,20.467150
20150652,529,2015-09-23 00:00:00,14.185364,-42.926292,6.193441,14.827480,-43.557910,987.043800,17.250000,-39.750000,20.271700
20150652,530,2015-09-23 01:00:00,14.660956,-43.632393,6.326195,13.358570,-45.780800,981.842000,15.500000,-39.750000,19.092170
19880717,173,1988-11-08 04:00:00,-45.768677,-37.828308,1.038816,315.527300,-38.417320,1009.541000,315.250000,-38.000000,13.114590
19880717,174,1988-11-08 05:00:00,-44.419983,-38.815754,1.071913,315.829600,-38.289080,1008.661000,316.000000,-38.000000,13.557840
19880717,175,1988-11-08 06:00:00,-42.995911,-39.614235,1.174525,-999.000000,-999.000000,1008.741000,318.000000,-38.750000,13.555150
19880717,176,1988-11-08 07:00:00,-41.971405,-40.095959,1.292104,-999.000000,-999.000000,1007.693000,316.750000,-38.000000,13.055890
19880717,177,1988-11-08 08:00:00,-41.470886,-40.340488,1.355610,-999.000000,-999.000000,1007.425000,314.000000,-45.250000,13.964580
19880717,178,1988-11-08 09:00:00,-40.970551,-40.460995,1.406820,319.352700,-40.285380,1006.579000,314.250000,-45.250000,14.521690
19880717,179,1988-11-08 10:00:00,-40.504700,-40.684399,1.412932,319.963600,-40.492420,1006.572000,315.000000,-45.500000,14.180320
19880717,180,1988-11-08 11:00:00,-39.956757,-40.774059,1.459366,320.622700,-40.578530,1006.266000,316.500000,-46.000000,14.544200
19880717,181,1988-11-08 12:00:00,-39.516296,-40.789585,1.451319,322.007500,-41.035200,1005.220000,317.250000,-46.250000,14.168310
19880717,182,1988-11-08 13:00:00,-38.951538,-40.692993,1.504247,322.970000,-41.305000,1004.491000,318.000000,-46.250000,13.880730
19880717,183,1988-11-08 14:00:00,-38.211853,-40.562729,1.564846,323.636800,-41.355460,1003.755000,318.000000,-45.750000,13.242310
19880717,184,1988-11-08 15:00:00,-37.395325,-40.529053,1.602891,324.238000,-41.499510,1003.441000,330.000000,-40.250000,13.769520
19880717,185,1988-11-08 16:00:00,-36.718231,-40.415268,1.627611,-999.000000,-999.000000,1004.003000,331.000000,-40.500000,14.296450
19880717,186,1988-11-08 17:00:00,-35.888092,-40.550770,1.656572,-999.000000,-999.000000,1003.863000,331.500000,-41.000000,14.720200
19880717,187,1988-11-08 18:00:00,-34.975342,-40.940224,1.646637,-999.000000,-999.000000,1003.076000,332.000000,-41.250000,15.058900
19880717,188,1988-11-08 19:00:00,-33.948181,-41.184116,1.722494,-999.000000,-999.000000,1002.783000,332.750000,-41.500000,15.214790
19880717,189,1988-11-08 20:00:00,-32.632538,-41.997093,1.746745,-999.000000,-999.000000,1001.848000,333.750000,-42.000000,15.413290
19880717,190,1988-11-08 21:00:00,-31.129272,-42.936470,1.775600,-999.000000,-999.000000,1000.601000,334.750000,-42.500000,15.357440
19880717,191,1988-11-08 22:00:00,-29.999969,-43.774296,2.025211,-999.000000,-999.000000,999.465700,335.500000,-42.750000,15.991740
19880717,192,1988-11-08 23:00:00,-28.930145,-44.253922,2.068468,-999.000000,-999.000000,999.231300,333.750000,-42.000000,15.718550
19880717,193,1988-11-09 00:00:00,-27.659760,-44.766014,2.145696,-999.000000,-999.000000,998.551300,334.750000,-42.500000,15.795440
19880717,194,1988-11-09 01:00:00,-26.316345,-45.141514,2.237124,-999.000000,-999.000000,998.087900,336.000000,-43.000000,15.937800
19880717,195,1988-11-09 02:00:00,-25.075470,-45.415649,2.351705,335.479200,-45.608140,997.647500,337.000000,-43.500000,15.902440
19880717,196,1988-11-09 03:00:00,-23.844086,-45.758327,2.405427,-999.000000,-999.000000,997.239600,338.250000,-44.000000,16.009470
19880717,197,1988-11-09 04:00:00,-22.511658,-45.991806,2.514994,-999.000000,-999.000000,997.288600,339.750000,-44.500000,16.128460
19880717,198,1988-11-09 05:00:00,-21.375549,-46.237469,2.591499,-999.000000,-999.000000,997.697900,340.500000,-44.750000,16.021400
19880717,199,1988-11-09 06:00:00,-20.250427,-46.465382,2.614395,-999.000000,-999.000000,998.041300,342.000000,-45.000000,15.947990
19880717,200,1988-11-09 07:00:00,-19.038910,-46.748585,2.599647,-999.000000,-999.000000,998.780800,342.750000,-45.250000,15.578170
19880717,201,1988-11-09 08:00:00,-17.852478,-47.034393,2.608698,340.975600,-48.363330,996.266600,344.000000,-45.750000,15.257960
19880717,202,1988-11-09 09:00:00,-16.827789,-47.308758,2.480628,-999.000000,-999.000000,999.535200,346.750000,-46.750000,15.315220
19880717,203,1988-11-09 10:00:00,-15.852631,-47.612919,2.529470,343.673900,-49.241940,996.423800,347.500000,-47.000000,15.660590
19880717,204,1988-11-09 11:00:00,-14.474548,-47.931957,2.459114,343.765300,-49.065350,997.033600,348.500000,-47.250000,15.431930
19880717,205,1988-11-09 12:00:00,-13.099457,-48.208622,2.319889,344.019800,-49.331020,997.134200,349.500000,-47.500000,15.045020
19880717,206,1988-11-09 13:00:00,-11.685272,-48.456604,2.187451,-999.000000,-999.000000,1001.875000,349.750000,-47.500000,14.539750
19880717,207,1988-11-09 14:00:00,-10.298645,-48.665100,2.027416,-999.000000,-999.000000,1002.765000,350.500000,-47.250000,14.223350
19880717,208,1988-11-09 15:00:00,-9.584259,-48.773556,1.855662,-999.000000,-999.000000,1002.990000,351.250000,-47.000000,13.992590
19880717,209,1988-11-09 16:00:00,-9.564331,-48.809372,1.682114,-999.000000,-999.000000,1003.539000,352.000000,-47.250000,13.736930
19880717,210,1988-11-09 17:00:00,-9.935394,-48.815750,1.530508,-999.000000,-999.000000,1003.349000,355.250000,-47.250000,13.630850
19880717,211,1988-11-09 18:00:00,-9.792328,-48.879589,1.401592,-999.000000,-999.000000,1004.034000,357.250000,-47.250000,13.436550
19880717,212,1988-11-09 19:00:00,-9.550690,-48.964939,1.270092,-999.000000,-999.000000,1004.795000,358.750000,-47.250000,13.304630
19880717,213,1988-11-09 20:00:00,-9.222168,-49.093594,1.104609,-999.000000,-999.000000,1005.244000,359.250000,-47.250000,12.972080
19980743,94,1998-11-04 21:00:00,-67.943024,-54.398811,2.093085,292.164300,-54.376060,1001.985000,285.750000,-52.000000,12.657080
19980743,95,1998-11-04 22:00:00,-66.331604,-54.010796,2.028677,293.204500,-53.988750,1002.899000,285.750000,-52.000000,12.873440
19980743,96,1998-11-04 23:00:00,-65.697205,-53.800007,2.070612,294.576400,-53.928600,1003.436000,285.750000,-52.000000,12.669720
19980743,97,1998-11-05 00:00:00,-65.097260,-53.734356,2.072680,296.537400,-54.697350,1002.798000,285.750000,-52.000000,12.205390
19980743,98,1998-11-05 01:00:00,-64.559265,-53.544979,2.111695,296.733600,-54.687880,1003.407000,292.000000,-51.250000,11.620690
19980743,99,1998-11-05 02:00:00,-64.085846,-53.387985,2.162969,297.128100,-54.569320,1003.611000,292.250000,-51.250000,11.522050
19980743,100,1998-11-05 03:00:00,-63.623077,-53.232582,2.157682,297.312500,-54.559750,1003.926000,292.750000,-51.000000,11.245330
19980743,101,1998-11-05 04:00:00,-63.163055,-52.982040,2.153062,297.723700,-54.505720,1004.188000,292.500000,-51.000000,11.131870
19980743,102,1998-11-05 05:00:00,-62.699341,-52.698193,2.199922,297.781200,-54.479520,1004.188000,292.500000,-51.000000,11.151300
19980743,103,1998-11-05 06:00:00,-62.208160,-52.488453,2.252595,297.883800,-54.416460,1004.679000,292.500000,-50.750000,11.128900
19980743,104,1998-11-05 07:00:00,-61.787567,-52.342243,2.293759,298.170400,-54.287240,1004.869000,293.250000,-50.500000,11.006900
19980743,105,1998-11-05 08:00:00,-61.376953,-52.230606,2.368849,298.236800,-54.223100,1005.428000,293.000000,-50.500000,10.932560
19980743,106,1998-11-05 09:00:00,-60.990479,-52.140255,2.419597,298.502000,-54.056810,1005.992000,293.250000,-50.500000,10.527640
19980743,107,1998-11-05 10:00:00,-60.650177,-51.859005,2.515785,298.962400,-53.750260,1006.962000,293.750000,-50.000000,10.678430
19980743,108,1998-11-05 11:00:00,-60.265259,-51.728294,2.557950,299.245400,-53.354270,1007.483000,294.250000,-49.750000,9.924761
19980743,109,1998-11-05 12:00:00,-59.899048,-51.608994,2.574285,304.148900,-53.303250,1007.165000,296.250000,-51.250000,9.594824
19980743,110,1998-11-05 13:00:00,-59.521637,-51.478691,2.574430,300.731700,-53.089710,1007.996000,298.000000,-54.250000,9.562544
19980743,111,1998-11-05 14:00:00,-59.182281,-51.349064,2.553165,301.641100,-52.754900,1008.113000,297.500000,-50.500000,9.361312
19980743,112,1998-11-05 15:00:00,-58.871918,-51.196651,2.544459,301.666900,-51.634890,1008.115000,298.000000,-50.250000,9.530366
19980743,113,1998-11-05 16:00:00,-58.543335,-51.096809,2.515501,301.722200,-51.580720,1007.932000,298.250000,-50.250000,9.696423
19980743,114,1998-11-05 17:00:00,-58.243164,-50.937519,2.558536,301.689100,-51.589360,1008.210000,305.750000,-47.750000,10.201610
19980743,115,1998-11-05 18:00:00,-57.931641,-50.758530,2.648130,305.920000,-52.868760,1008.119000,306.000000,-47.500000,10.715310
19980743,116,1998-11-05 19:00:00,-57.556763,-50.637890,2.748091,301.781200,-51.519440,1009.140000,306.250000,-47.500000,11.154080
19980743,117,1998-11-05 20:00:00,-57.174255,-50.509590,2.859197,306.990800,-51.426710,1008.649000,306.500000,-47.250000,11.221410
19980743,118,1998-11-05 21:00:00,-56.802612,-50.403706,2.936948,307.102000,-51.502070,1008.637000,306.750000,-47.250000,11.328620
19980743,119,1998-11-05 22:00:00,-56.324554,-50.501068,3.051393,307.411900,-51.409360,1007.232000,307.500000,-47.250000,10.953250
19980743,120,1998-11-05 23:00:00,-56.062500,-50.395782,3.103579,307.470400,-51.422900,1007.638000,308.250000,-47.250000,10.233140
19980743,121,1998-11-06 00:00:00,-55.867584,-50.273132,3.140766,307.490700,-51.368480,1007.668000,304.500000,-53.500000,9.809125
19980743,122,1998-11-06 01:00:00,-55.705688,-50.122162,3.206004,307.518200,-51.329130,1008.187000,304.500000,-53.500000,9.932538
19980743,123,1998-11-06 02:00:00,-55.567688,-49.955196,3.256189,307.524800,-51.236400,1008.446000,303.750000,-53.000000,10.301340
19980743,124,1998-11-06 03:00:00,-55.384125,-49.769611,3.294227,307.953800,-51.081870,1008.984000,303.750000,-53.000000,10.559870
19980743,125,1998-11-06 04:00:00,-55.164062,-49.594688,3.291268,307.939300,-51.015790,1009.102000,304.250000,-53.000000,10.726730
19980743,126,1998-11-06 05:00:00,-54.880890,-49.440086,3.256036,307.878700,-50.957930,1009.559000,303.750000,-52.750000,10.740140
19980743,127,1998-11-06 06:00:00,-54.562408,-49.295597,3.202029,307.879900,-50.892390,1010.004000,303.500000,-52.250000,10.648460
19980743,128,1998-11-06 07:00:00,-54.234192,-49.200180,3.139081,307.972200,-50.770250,1010.416000,303.250000,-52.250000,10.710770
19980743,129,1998-11-06 08:00:00,-53.908447,-49.074879,3.067814,308.002800,-50.570380,1011.097000,303.000000,-52.000000,10.862820
19980743,130,1998-11-06 09:00:00,-53.581787,-48.939491,3.046335,308.079800,-50.432370,1011.850000,303.000000,-52.000000,10.845490
19980743,131,1998-11-06 10:00:00,-53.463043,-48.623028,3.068940,307.615300,-50.293540,1013.439000,303.000000,-52.000000,11.271090
19980743,132,1998-11-06 11:00:00,-53.214264,-48.507183,3.120193,307.828600,-49.894070,1014.198000,304.500000,-52.000000,11.025680
19980743,133,1998-11-06 12:00:00,-52.955750,-48.404537,3.173957,307.741700,-49.729360,1015.163000,304.500000,-52.000000,10.951670
19980743,134,1998-11-06 13:00:00,-52.694458,-48.293392,3.218900,308.376200,-49.250020,1015.547000,304.750000,-51.500000,10.822930
19980743,135,1998-11-06 14:00:00,-52.427124,-48.177773,3.246310,308.775900,-48.825320,1016.306000,306.250000,-50.750000,11.014990
19980743,136,1998-11-06 15:00:00,-52.150452,-48.030556,3.209983,308.975200,-48.579930,1017.043000,304.750000,-50.750000,10.950800
19980743,137,1998-11-06 16:00:00,-51.888977,-47.917133,3.132471,313.106400,-47.302470,1016.086000,305.000000,-50.250000,11.056740
19980743,138,1998-11-06 17:00:00,-51.603516,-47.784088,3.017361,312.756100,-45.618000,1016.129000,305.000000,-50.250000,11.070210
19980743,139,1998-11-06 18:00:00,-51.309021,-47.638447,2.921039,313.448500,-46.537710,1015.800000,304.750000,-50.000000,11.233970
19980743,140,1998-11-06 19:00:00,-51.012085,-47.488476,2.798416,313.541700,-46.471360,1015.607000,305.000000,-50.000000,11.511990
19980743,141,1998-11-06 20:00:00,-50.646301,-47.289001,2.754733,313.809000,-45.338930,1015.696000,304.750000,-49.750000,11.217740
19980743,142,1998-11-06 21:00:00,-50.304565,-47.066822,2.715185,314.204300,-45.282580,1015.579000,304.500000,-49.500000,10.822360
19980743,143,1998-11-06 22:00:00,-50.198059,-46.792408,2.668972,-999.000000,-999.000000,1019.566000,304.750000,-49.250000,11.406120
19980743,144,1998-11-06 23:00:00,-49.849426,-46.578911,2.672639,314.615100,-44.873740,1015.337000,305.000000,-49.000000,11.416910
19980743,145,1998-11-07 00:00:00,-49.585907,-46.397621,2.647806,314.940500,-44.701890,1015.769000,305.000000,-49.000000,11.172330
19980743,146,1998-11-07 01:00:00,-49.249634,-46.208881,2.613859,315.016500,-44.647620,1014.902000,304.000000,-48.000000,10.484160
19980743,147,1998-11-07 02:00:00,-48.919800,-46.012207,2.561638,315.091800,-44.593910,1015.646000,304.500000,-48.000000,10.563700
19980743,148,1998-11-07 03:00:00,-48.565308,-45.752007,2.444922,315.671800,-44.224290,1015.377000,315.250000,-45.250000,10.718200
19980743,149,1998-11-07 04:00:00,-48.261749,-45.503365,2.292810,315.726000,-44.191130,1015.426000,315.500000,-45.000000,10.714780
19980743,150,1998-11-07 05:00:00,-47.856995,-45.215706,2.135870,315.758600,-44.178410,1015.137000,314.250000,-45.500000,10.751790
19980743,151,1998-11-07 06:00:00,-47.406006,-44.942554,2.035465,315.830900,-44.101380,1015.111000,314.500000,-45.250000,11.237730
19980743,152,1998-11-07 07:00:00,-47.003906,-44.705498,1.880119,315.991700,-43.966600,1015.350000,314.750000,-45.000000,11.464800
19980743,153,1998-11-07 08:00:00,-46.582214,-44.404911,1.722684,317.038100,-43.271530,1015.892000,314.500000,-44.750000,11.725150
19980743,154,1998-11-07 09:00:00,-46.172516,-44.092857,1.591095,317.365200,-42.981250,1015.994000,315.000000,-44.500000,11.824310
19980743,155,1998-11-07 10:00:00,-45.496399,-43.668880,1.388928,317.700300,-42.614270,1017.370000,315.000000,-44.250000,11.617790
19980743,156,1998-11-07 11:00:00,-45.000397,-43.256344,1.299412,316.739500,-43.039380,1017.468000,315.250000,-44.000000,11.514250
19980743,157,1998-11-07 12:00:00,-44.402344,-42.882114,1.281930,316.668000,-42.862460,1018.181000,315.500000,-43.750000,11.539670
19980743,158,1998-11-07 13:00:00,-43.885773,-42.508102,1.274158,318.471000,-41.730200,1017.836000,315.750000,-43.750000,11.667190
19980743,159,1998-11-07 14:00:00,-43.273773,-42.063271,1.277483,318.759900,-41.493850,1017.732000,315.750000,-43.500000,11.482560
19980743,160,1998-11-07 15:00:00,-42.884888,-41.642307,1.273764,319.052700,-41.248410,1017.475000,315.750000,-43.250000,11.266270
19980743,161,1998-11-07 16:00:00,-42.713013,-41.226189,1.228318,319.274300,-41.053980,1017.311000,315.250000,-43.000000,11.065310
19980743,162,1998-11-07 17:00:00,-42.384827,-40.774132,1.245552,319.567000,-40.862630,1016.858000,315.000000,-42.750000,10.792090
19980743,163,1998-11-07 18:00:00,-42.410095,-40.427250,1.131331,319.750300,-40.680550,1016.609000,315.500000,-42.500000,10.721740
19980743,164,1998-11-07 19:00:00,-42.260437,-39.496746,1.126282,319.943300,-40.494750,1016.561000,315.250000,-42.250000,10.777210
19980743,165,1998-11-07 20:00:00,-41.966583,-38.712753,1.124148,320.117200,-40.357810,1016.603000,315.000000,-42.000000,11.011340
19980756,171,1998-11-08 02:00:00,-71.558289,-47.540573,1.887253,289.001500,-47.683140,1014.615000,292.000000,-52.000000,14.793730
19980756,172,1998-11-08 03:00:00,-69.696503,-46.126930,1.843961,290.214900,-46.542020,1015.206000,292.000000,-52.000000,14.898140
19980756,173,1998-11-08 04:00:00,-68.416229,-45.388786,1.898724,290.992600,-45.586900,1016.786000,293.500000,-50.500000,14.756610
19980756,174,1998-11-08 05:00:00,-67.626251,-45.105011,2.024635,290.899100,-46.589360,1015.810000,293.750000,-50.250000,14.267900
19980756,175,1998-11-08 06:00:00,-67.159485,-45.065414,2.195100,291.809500,-44.519240,1017.008000,293.750000,-50.250000,14.310830
19980756,176,1998-11-08 07:00:00,-66.832672,-45.097176,2.330288,292.598700,-44.024750,1017.028000,294.000000,-50.000000,14.126330
19980756,177,1998-11-08 08:00:00,-66.517975,-45.025669,2.450739,-999.000000,-999.000000,1017.011000,294.000000,-50.500000,14.027070
19980756,178,1998-11-08 09:00:00,-66.234436,-44.901470,2.483311,-999.000000,-999.000000,1017.106000,293.750000,-50.000000,14.026680
19980756,179,1998-11-08 10:00:00,-65.342590,-44.648960,2.696701,294.898100,-42.399060,1016.272000,293.250000,-50.500000,13.403330
19980756,180,1998-11-08 11:00:00,-65.127808,-44.618870,2.888728,293.898300,-44.213910,1017.218000,292.500000,-50.250000,13.375140
19980756,181,1998-11-08 12:00:00,-64.862305,-44.599564,2.885902,295.991600,-42.085730,1016.108000,298.500000,-42.250000,13.347430
19980756,182,1998-11-08 13:00:00,-64.602539,-44.494904,2.888694,295.363600,-42.742140,1015.990000,297.750000,-43.000000,13.861090
19980756,183,1998-11-08 14:00:00,-64.517120,-44.594601,3.012675,296.292400,-42.351340,1015.717000,298.000000,-43.250000,13.575710
19980756,184,1998-11-08 15:00:00,-64.433441,-44.751354,2.974110,295.516800,-43.155180,1015.161000,297.750000,-43.250000,14.106140
19980756,185,1998-11-08 16:00:00,-64.340302,-44.874714,2.938761,295.678100,-43.169850,1015.063000,298.000000,-43.250000,13.797240
19980756,186,1998-11-08 17:00:00,-64.172607,-44.953014,3.022234,295.176800,-42.908690,1014.448000,297.750000,-43.250000,13.727240
19980756,187,1998-11-08 18:00:00,-64.043732,-45.187920,3.121238,295.109800,-42.900300,1014.306000,298.000000,-43.250000,13.800320
19980756,188,1998-11-08 19:00:00,-63.866028,-45.285194,3.135358,294.976600,-42.974380,1013.997000,298.500000,-43.500000,13.970360
19980756,189,1998-11-08 20:00:00,-63.705933,-45.398182,3.145583,295.104400,-43.841110,1014.158000,298.250000,-43.500000,13.890620
19980756,190,1998-11-08 21:00:00,-63.459015,-45.357594,3.204605,297.028700,-43.709850,1013.364000,298.500000,-43.750000,13.596890
19980756,191,1998-11-08 22:00:00,-63.288361,-45.616776,3.479520,291.271800,-47.153210,1011.757000,298.500000,-45.750000,13.638090
19980756,192,1998-11-08 23:00:00,-63.045410,-45.821232,3.512872,296.228800,-45.088820,1013.308000,298.500000,-46.000000,13.790560
19980756,193,1998-11-09 00:00:00,-62.784729,-45.973251,3.545383,296.849300,-44.967480,1012.994000,298.500000,-46.500000,13.801750
19980756,194,1998-11-09 01:00:00,-62.577179,-46.115238,3.587542,297.177900,-45.209320,1012.813000,298.750000,-45.250000,13.503540
19980756,195,1998-11-09 02:00:00,-62.360413,-46.214191,3.633616,297.847900,-45.181790,1012.311000,298.750000,-45.750000,13.332540
19980756,196,1998-11-09 03:00:00,-62.158478,-46.306965,3.638885,298.445500,-45.316200,1012.438000,300.000000,-45.750000,14.014460
19980756,197,1998-11-09 04:00:00,-61.960449,-46.411919,3.639207,298.030800,-45.777870,1012.041000,300.000000,-46.000000,14.184750
19980756,198,1998-11-09 05:00:00,-61.792450,-46.543999,3.686294,298.644200,-45.886910,1011.386000,300.000000,-46.500000,14.220280
19980756,199,1998-11-09 06:00:00,-61.675354,-46.690083,3.651974,298.773700,-46.241320,1010.617000,300.000000,-46.500000,14.672610
19980756,200,1998-11-09 07:00:00,-61.584625,-46.841667,3.596849,299.031600,-46.495770,1010.444000,300.250000,-46.500000,14.770550
19980756,201,1998-11-09 08:00:00,-61.521118,-47.064480,3.517641,299.135400,-46.815250,1009.958000,300.500000,-46.750000,15.017890
19980756,202,1998-11-09 09:00:00,-61.450836,-47.314747,3.470409,299.160900,-47.190020,1009.908000,300.750000,-47.000000,15.005680
19980756,203,1998-11-09 10:00:00,-61.688416,-48.095245,3.551193,299.271300,-47.649270,1009.784000,300.750000,-47.250000,15.075140
19980756,204,1998-11-09 11:00:00,-61.549377,-48.260715,3.522583,299.404100,-47.988460,1009.201000,301.250000,-47.750000,14.927610
19980756,205,1998-11-09 12:00:00,-61.363373,-48.373783,3.601514,299.501700,-48.307840,1009.159000,301.750000,-48.000000,14.983820
19980756,206,1998-11-09 13:00:00,-61.187531,-48.431335,3.664483,299.786900,-48.584330,1008.652000,302.000000,-48.500000,15.233080
19980756,207,1998-11-09 14:00:00,-60.976166,-48.493202,3.674298,299.872300,-48.843570,1008.416000,302.250000,-48.750000,15.319340
19980756,208,1998-11-09 15:00:00,-60.800903,-48.530453,3.806172,299.940000,-49.104540,1008.268000,302.250000,-49.500000,15.343750
19980756,209,1998-11-09 16:00:00,-60.666290,-48.610752,3.913798,299.948000,-49.341890,1008.057000,303.000000,-49.000000,15.460190
19980756,210,1998-11-09 17:00:00,-60.516144,-48.708908,3.932152,299.944000,-49.544650,1008.162000,303.000000,-49.500000,15.372150
19980756,211,1998-11-09 18:00:00,-60.345978,-48.850410,3.943280,299.972400,-49.745640,1007.442000,303.250000,-49.500000,15.174860
19980756,212,1998-11-09 19:00:00,-60.118042,-49.010601,3.901799,299.973800,-49.927020,1007.488000,303.500000,-49.750000,14.863990
19980756,213,1998-11-09 20:00:00,-59.904327,-49.156033,3.772429,300.010100,-50.093240,1007.340000,303.750000,-50.000000,14.606530
19980756,214,1998-11-09 21:00:00,-59.687195,-49.328941,3.667842,300.085400,-50.254870,1007.354000,304.000000,-50.000000,14.361210
19980756,215,1998-11-09 22:00:00,-59.809021,-49.808086,3.373692,300.519000,-50.427760,1008.098000,304.250000,-50.250000,14.518910
19980756,216,1998-11-09 23:00:00,-59.733124,-50.109341,3.294592,300.654700,-50.533660,1008.151000,305.000000,-49.750000,14.162950
19980756,217,1998-11-10 00:00:00,-59.658844,-50.420864,3.253640,300.798000,-50.693680,1008.560000,305.000000,-50.250000,13.850530
19980756,218,1998-11-10 01:00:00,-59.601379,-50.721523,3.233103,301.224400,-50.867680,1008.957000,305.500000,-50.500000,13.594280
19980756,219,1998-11-10 02:00:00,-59.509552,-50.985542,3.199082,301.370100,-51.032470,1009.054000,305.750000,-51.000000,13.433670
19980756,220,1998-11-10 03:00:00,-59.374725,-51.252506,3.168169,301.807700,-51.178590,1009.159000,306.250000,-51.000000,13.285580
19980756,221,1998-11-10 04:00:00,-59.212677,-51.471413,3.134752,300.967800,-52.103270,1009.436000,306.500000,-50.500000,12.918750
19980756,222,1998-11-10 05:00:00,-59.048553,-51.644173,3.117705,300.984300,-52.727510,1009.046000,306.750000,-51.000000,12.728090
19980756,223,1998-11-10 06:00:00,-58.846283,-51.766167,3.087902,300.912900,-53.717120,1009.067000,307.250000,-50.750000,12.560680
19980756,224,1998-11-10 07:00:00,-58.634460,-51.871311,3.061101,301.033600,-53.850190,1008.775000,308.000000,-51.500000,12.579870
19980756,225,1998-11-10 08:00:00,-58.371033,-51.971611,3.008759,-999.000000,-999.000000,1009.886000,308.000000,-52.000000,12.643390
19980756,226,1998-11-10 09:00:00,-58.121460,-52.126820,2.967076,-999.000000,-999.000000,1009.980000,308.500000,-52.000000,12.635420
19980756,227,1998-11-10 10:00:00,-58.472412,-52.838917,2.848142,301.257400,-55.322460,1008.867000,309.250000,-52.750000,13.062590
19980756,228,1998-11-10 11:00:00,-58.397278,-53.120350,2.790831,301.400900,-55.207380,1008.757000,308.500000,-52.500000,12.827550
19980756,229,1998-11-10 12:00:00,-58.290283,-53.339390,2.796275,301.571000,-55.550510,1008.822000,308.750000,-53.500000,12.912770
19980756,230,1998-11-10 13:00:00,-58.144653,-53.497211,2.818061,-999.000000,-999.000000,1010.145000,309.000000,-53.250000,12.831860
19980756,231,1998-11-10 14:00:00,-57.891357,-53.541298,2.862025,-999.000000,-999.000000,1010.483000,308.750000,-53.250000,12.750790
19980756,232,1998-11-10 15:00:00,-57.574799,-53.547249,2.887184,-999.000000,-999.000000,1010.758000,309.250000,-53.250000,12.653740
19980756,233,1998-11-10 16:00:00,-57.277435,-53.498081,2.860841,-999.000000,-999.000000,1011.139000,309.250000,-53.500000,12.538760
19980756,234,1998-11-10 17:00:00,-56.938202,-53.369373,2.782141,-999.000000,-999.000000,1011.568000,309.750000,-52.500000,12.764790
19980756,235,1998-11-10 18:00:00,-56.618866,-53.216663,2.676518,-999.000000,-999.000000,1011.765000,310.000000,-52.750000,12.843580
19980756,236,1998-11-10 19:00:00,-56.328186,-53.045269,2.616226,-999.000000,-999.000000,1012.113000,310.000000,-53.000000,12.845050
19980756,237,1998-11-10 20:00:00,-56.015869,-52.949677,2.537420,-999.000000,-999.000000,1012.495000,310.250000,-53.000000,12.789440
19980756,238,1998-11-10 21:00:00,-55.735901,-52.903919,2.445230,-999.000000,-999.000000,1012.943000,310.500000,-53.250000,12.784910
19980756,239,1998-11-10 22:00:00,-55.120544,-53.357586,2.551831,-999.000000,-999.000000,1012.548000,310.750000,-53.500000,13.002730
19980756,240,1998-11-10 23:00:00,-54.840576,-53.214767,2.399430,-999.000000,-999.000000,1012.888000,311.000000,-53.500000,12.874450
19980756,241,1998-11-11 00:00:00,-54.615814,-52.942566,2.254950,-999.000000,-999.000000,1013.852000,311.500000,-53.750000,12.653620
19980756,242,1998-11-11 01:00:00,-54.464325,-52.492428,2.073070,-999.000000,-999.000000,1014.897000,311.750000,-53.500000,12.375460
19980756,243,1998-11-11 02:00:00,-54.518250,-51.422558,1.900261,-999.000000,-999.000000,1016.383000,312.250000,-54.250000,12.229710
19980756,244,1998-11-11 03:00:00,-54.446533,-50.354801,1.801837,-999.000000,-999.000000,1016.863000,312.500000,-54.500000,12.106100
19980756,245,1998-11-11 04:00:00,-54.099487,-49.723484,1.798943,-999.000000,-999.000000,1017.049000,311.500000,-45.250000,11.516240
19980756,246,1998-11-11 05:00:00,-53.623932,-49.292999,1.832494,-999.000000,-999.000000,1017.008000,311.750000,-45.500000,11.773680
19980756,247,1998-11-11 06:00:00,-53.077393,-48.900547,1.867542,-999.000000,-999.000000,1017.039000,311.750000,-45.500000,11.926210
19980756,248,1998-11-11 07:00:00,-52.479095,-48.485065,1.917299,-999.000000,-999.000000,1016.943000,312.500000,-45.000000,12.012700
19980756,249,1998-11-11 08:00:00,-51.666046,-47.946438,1.982482,-999.000000,-999.000000,1017.558000,312.750000,-45.000000,12.177110
19980756,250,1998-11-11 09:00:00,-50.327972,-46.934113,2.035733,-999.000000,-999.000000,1018.410000,312.750000,-45.250000,12.106620
19980756,251,1998-11-11 10:00:00,-50.652649,-47.545876,1.769512,-999.000000,-999.000000,1018.377000,313.500000,-44.750000,11.993380
19980756,252,1998-11-11 11:00:00,-49.998444,-47.124531,1.850636,308.272900,-49.769880,1017.181000,313.500000,-45.000000,12.168790
19980756,253,1998-11-11 12:00:00,-49.415161,-46.804234,1.904697,308.395800,-49.686050,1017.316000,313.500000,-45.250000,11.114970
19980756,254,1998-11-11 13:00:00,-49.022247,-46.676060,1.907535,308.681900,-49.633160,1017.281000,314.000000,-45.000000,11.032040
19980756,255,1998-11-11 14:00:00,-48.711456,-46.573681,1.912790,312.866000,-45.267770,1017.325000,314.250000,-45.500000,11.214970
19980756,256,1998-11-11 15:00:00,-48.357605,-46.481682,1.914372,313.117600,-45.333760,1017.323000,314.250000,-45.750000,11.546720
19980756,257,1998-11-11 16:00:00,-48.031433,-46.409931,1.927891,313.389900,-45.392300,1016.989000,314.500000,-45.750000,11.809260
19980756,258,1998-11-11 17:00:00,-47.690033,-46.348331,1.970716,313.486500,-45.427860,1017.087000,314.500000,-45.750000,11.746700
19980756,259,1998-11-11 18:00:00,-47.277924,-46.243469,1.988892,313.570600,-45.458560,1016.924000,314.250000,-46.000000,11.768160
19980756,260,1998-11-11 19:00:00,-46.767670,-46.066502,2.009680,313.947500,-45.434500,1016.727000,315.500000,-45.250000,11.798440
19980756,261,1998-11-11 20:00:00,-46.190125,-45.833984,2.058669,314.076200,-45.437600,1017.305000,315.750000,-45.250000,12.276200
19980756,262,1998-11-11 21:00:00,-45.701172,-45.619957,2.075866,314.205200,-45.413140,1017.257000,315.750000,-45.250000,12.298100
19980756,263,1998-11-11 22:00:00,-45.965393,-45.932949,2.158464,314.222300,-45.495510,1017.580000,315.750000,-45.750000,11.788160
19980756,264,1998-11-11 23:00:00,-45.621948,-45.772808,2.110651,314.279900,-45.553230,1018.000000,315.750000,-45.500000,12.607900
19980756,265,1998-11-12 00:00:00,-45.373383,-45.613167,2.052027,314.329700,-45.577760,1018.258000,315.750000,-45.750000,12.117430
19980756,266,1998-11-12 01:00:00,-45.167694,-45.482067,1.972402,314.369000,-45.655340,1018.141000,315.750000,-46.000000,11.730750
19980756,267,1998-11-12 02:00:00,-45.054016,-45.421894,1.880830,314.417800,-45.717300,1018.353000,315.750000,-46.000000,11.293170
19980756,268,1998-11-12 03:00:00,-45.119934,-45.515987,1.806720,314.455800,-45.778750,1018.392000,316.500000,-45.500000,11.447600
19980756,269,1998-11-12 04:00:00,-45.200836,-45.626141,1.773506,314.472600,-45.835720,1018.090000,316.000000,-46.500000,11.204080
19980756,270,1998-11-12 05:00:00,-45.098480,-45.646965,1.790071,314.446500,-45.929260,1018.139000,316.000000,-47.000000,10.274080
19980756,271,1998-11-12 06:00:00,-44.911560,-45.626823,1.792312,314.451000,-46.012430,1018.239000,318.250000,-42.000000,10.085170
19980756,272,1998-11-12 07:00:00,-44.613647,-45.507042,1.778253,314.460000,-46.121310,1018.364000,318.500000,-42.250000,9.774343
19980756,273,1998-11-12 08:00:00,-44.203766,-45.300465,1.725418,314.466100,-46.232200,1018.736000,318.500000,-42.250000,9.480358
19980756,274,1998-11-12 09:00:00,-43.607819,-44.969345,1.655743,314.446400,-46.349170,1019.300000,317.250000,-45.750000,9.436142
19980756,275,1998-11-12 10:00:00,-42.747375,-44.447895,1.427020,-999.000000,-999.000000,1021.488000,317.250000,-45.500000,9.678583
19980756,276,1998-11-12 11:00:00,-42.258575,-44.007141,1.401582,-999.000000,-999.000000,1021.917000,317.000000,-46.000000,9.932771
19980756,277,1998-11-12 12:00:00,-41.891235,-43.552521,1.411722,-999.000000,-999.000000,1022.097000,319.000000,-41.250000,9.889135
19980756,278,1998-11-12 13:00:00,-41.660461,-43.160370,1.445439,-999.000000,-999.000000,1022.089000,319.000000,-41.750000,9.708963
19980756,279,1998-11-12 14:00:00,-41.448456,-42.779499,1.497383,-999.000000,-999.000000,1022.288000,319.000000,-41.500000,9.765666
19980756,280,1998-11-12 15:00:00,-41.316742,-42.597492,1.537305,-999.000000,-999.000000,1022.486000,319.000000,-42.000000,9.801270
19980756,281,1998-11-12 16:00:00,-41.080627,-42.339649,1.585704,-999.000000,-999.000000,1022.612000,319.000000,-42.000000,9.639356
19980756,282,1998-11-12 17:00:00,-40.857208,-42.113567,1.616196,-999.000000,-999.000000,1022.921000,319.250000,-42.000000,9.410359
19980756,283,1998-11-12 18:00:00,-40.653381,-42.005375,1.583932,-999.000000,-999.000000,1022.897000,319.250000,-42.250000,9.533449
19980756,284,1998-11-12 19:00:00,-40.344757,-41.805325,1.533661,-999.000000,-999.000000,1023.597000,321.250000,-37.500000,9.249114
19980756,285,1998-11-12 20:00:00,-40.019806,-41.526611,1.477507,-999.000000,-999.000000,1024.002000,321.250000,-37.500000,9.300978
19980756,286,1998-11-12 21:00:00,-39.691895,-41.310989,1.388313,-999.000000,-999.000000,1024.446000,321.250000,-37.250000,9.650678
19980756,287,1998-11-12 22:00:00,-39.257416,-40.481022,1.571262,320.605300,-38.803320,1022.673000,322.750000,-39.000000,10.957830
19980756,288,1998-11-12 23:00:00,-39.041779,-40.266476,1.546678,320.471600,-39.177690,1022.861000,322.750000,-39.000000,11.065940
19980756,289,1998-11-13 00:00:00,-38.905609,-40.142017,1.466566,320.724200,-39.018700,1023.117000,322.750000,-39.000000,11.103730
19980756,290,1998-11-13 01:00:00,-38.808746,-40.071743,1.437260,321.038400,-39.037900,1023.059000,322.750000,-39.000000,10.959260
19980756,291,1998-11-13 02:00:00,-38.698456,-40.040726,1.393663,321.017500,-39.029380,1023.189000,322.750000,-39.500000,11.208650
19980756,292,1998-11-13 03:00:00,-38.605896,-40.049267,1.387382,321.489400,-39.327500,1022.831000,322.500000,-39.500000,11.188180
19980756,293,1998-11-13 04:00:00,-38.446777,-40.044327,1.386558,321.886900,-38.668400,1022.578000,322.750000,-39.000000,11.434040
19980756,294,1998-11-13 05:00:00,-38.290833,-40.029533,1.438182,321.920100,-38.638760,1022.558000,322.750000,-39.000000,11.580290
19980756,295,1998-11-13 06:00:00,-38.146393,-40.028664,1.483368,321.343400,-39.487340,1023.076000,322.750000,-39.250000,11.539860
19980756,296,1998-11-13 07:00:00,-38.038971,-40.010418,1.444390,321.917800,-38.926380,1023.367000,323.000000,-39.000000,11.620850
19980756,297,1998-11-13 08:00:00,-38.029907,-40.039112,1.363335,321.385400,-39.469720,1023.963000,323.000000,-39.000000,11.561300
19980756,298,1998-11-13 09:00:00,-38.062958,-40.071976,1.296256,321.458300,-39.418360,1024.563000,323.000000,-39.000000,11.532430
19980756,299,1998-11-13 10:00:00,-38.506989,-38.807995,1.175227,320.466400,-39.592310,1024.615000,322.750000,-39.500000,12.544920
19980756,300,1998-11-13 11:00:00,-38.579102,-38.652958,1.136931,320.428500,-39.745200,1025.227000,323.000000,-39.000000,12.178980
19980756,301,1998-11-13 12:00:00,-38.642639,-38.538284,1.114002,320.464500,-39.830760,1025.513000,322.750000,-39.000000,11.910990
19980756,302,1998-11-13 13:00:00,-38.680267,-38.360756,1.118134,320.359300,-39.884540,1025.665000,322.750000,-39.000000,11.908160
19980756,303,1998-11-13 14:00:00,-38.731476,-38.279831,1.113165,320.102700,-39.867490,1025.843000,322.750000,-39.000000,11.651690
19980756,304,1998-11-13 15:00:00,-38.705139,-38.216106,1.109209,320.126500,-39.791170,1025.797000,322.750000,-39.000000,11.244500
20170883,667,2017-12-28 18:00:00,-30.198029,-39.980511,1.135866,335.069900,-39.332760,1009.027000,333.000000,-40.500000,9.063775
20170883,668,2017-12-28 19:00:00,-29.522980,-39.912403,1.205662,333.652300,-39.724790,1009.136000,332.750000,-37.000000,9.433780
20170883,669,2017-12-28 20:00:00,-28.556580,-39.868065,1.278365,335.157600,-39.250690,1009.610000,333.000000,-36.750000,9.368455
20170883,670,2017-12-28 21:00:00,-27.957764,-39.839966,1.262159,335.641100,-39.062610,1009.828000,333.750000,-36.750000,9.515912
20170883,671,2017-12-28 22:00:00,-25.698608,-39.880566,1.166924,333.949100,-39.520220,1009.904000,337.000000,-38.000000,9.162394
20170883,672,2017-12-28 23:00:00,-25.398926,-39.833847,1.181470,334.011500,-39.511490,1009.735000,337.000000,-37.250000,9.277813
20170883,673,2017-12-29 00:00:00,-24.558746,-39.846039,1.203647,334.330100,-39.475800,1009.475000,337.000000,-37.250000,9.503665
20170883,674,2017-12-29 01:00:00,-25.329498,-39.699162,1.238205,334.762500,-39.474120,1009.559000,337.000000,-37.000000,9.674564
20170883,675,2017-12-29 02:00:00,-26.641907,-39.440018,1.319757,335.942000,-39.329630,1008.973000,336.750000,-37.250000,9.899510
20170883,676,2017-12-29 03:00:00,-26.218201,-39.343060,1.390524,335.055900,-39.442700,1008.626000,329.250000,-35.750000,10.658040
20170883,677,2017-12-29 04:00:00,-26.002136,-39.209667,1.486406,335.083200,-39.371360,1008.488000,330.500000,-35.750000,10.421530
20170883,678,2017-12-29 05:00:00,-25.589355,-39.033726,1.599319,335.543300,-39.262030,1008.480000,331.000000,-35.750000,10.918100
20170883,679,2017-12-29 06:00:00,-24.766022,-38.972466,1.682452,336.468200,-39.265310,1008.282000,334.250000,-39.500000,10.672170
20170883,680,2017-12-29 07:00:00,-24.405212,-38.921856,1.605441,336.412900,-39.147010,1008.689000,332.000000,-35.500000,10.916970
20170883,681,2017-12-29 08:00:00,-23.506042,-38.869297,1.568266,336.607000,-39.036260,1008.896000,332.250000,-35.500000,10.921680
20170883,682,2017-12-29 09:00:00,-23.170227,-38.769386,1.558646,337.455600,-38.938150,1009.288000,333.250000,-35.500000,10.939970
20170883,683,2017-12-29 10:00:00,-22.837769,-38.528454,1.765336,338.556800,-38.837400,1009.723000,334.000000,-35.500000,10.439540
20170883,684,2017-12-29 11:00:00,-22.866119,-38.339817,1.847207,339.580000,-38.713220,1009.610000,334.250000,-35.500000,10.996450
20170883,685,2017-12-29 12:00:00,-22.610168,-38.132576,1.804256,340.028100,-38.688780,1009.767000,335.000000,-35.500000,11.857690
20170883,686,2017-12-29 13:00:00,-22.376617,-37.918179,1.731738,341.038600,-38.448350,1009.185000,335.750000,-35.500000,11.895690
20170883,687,2017-12-29 14:00:00,-22.377594,-37.626461,1.802583,341.526200,-38.376020,1009.283000,336.250000,-35.500000,11.708050
20170883,688,2017-12-29 15:00:00,-21.943298,-37.504707,1.789685,-999.000000,-999.000000,1011.192000,337.000000,-35.500000,11.698120
20170883,689,2017-12-29 16:00:00,-21.320709,-37.427071,1.798046,343.180300,-38.290280,1009.356000,337.250000,-35.250000,11.372020
20170883,690,2017-12-29 17:00:00,-20.658478,-37.342361,1.782103,-999.000000,-999.000000,1011.103000,338.000000,-35.250000,11.199900
20170883,691,2017-12-29 18:00:00,-20.011017,-37.278309,1.781933,-999.000000,-999.000000,1011.408000,338.500000,-35.250000,10.810270
20170883,692,2017-12-29 19:00:00,-19.373779,-37.196777,1.824183,345.806600,-38.430600,1009.745000,339.250000,-35.250000,10.625710
20170883,693,2017-12-29 20:00:00,-18.753754,-37.126511,1.770908,-999.000000,-999.000000,1012.240000,340.000000,-35.250000,10.369590
20170883,694,2017-12-29 21:00:00,-17.687744,-37.244843,1.694774,-999.000000,-999.000000,1012.465000,348.750000,-40.500000,10.579360
20170883,695,2017-12-29 22:00:00,-16.764191,-37.318531,1.964392,-999.000000,-999.000000,1012.342000,347.250000,-38.000000,10.360490
20170883,696,2017-12-29 23:00:00,-16.427490,-37.191875,1.929651,-999.000000,-999.000000,1013.301000,347.750000,-38.000000,10.520110
20170883,697,2017-12-30 00:00:00,-15.971069,-37.105457,1.796980,-999.000000,-999.000000,1013.433000,347.000000,-37.250000,10.553730
20170883,698,2017-12-30 01:00:00,-15.600922,-37.000584,1.702732,-999.000000,-999.000000,1013.757000,348.250000,-37.750000,10.869340
20170883,699,2017-12-30 02:00:00,-15.186890,-36.930256,1.574705,-999.000000,-999.000000,1013.185000,349.250000,-38.000000,10.725330
20170883,700,2017-12-30 03:00:00,-14.718140,-36.806065,1.442199,-999.000000,-999.000000,1012.929000,347.000000,-36.000000,10.446490
20170883,701,2017-12-30 04:00:00,-14.302765,-36.623203,1.305880,-999.000000,-999.000000,1013.440000,347.500000,-36.500000,10.268630
20170883,702,2017-12-30 05:00:00,-13.695557,-36.472607,1.172246,-999.000000,-999.000000,1013.810000,351.000000,-38.000000,10.919640
