20020034,329,2002-01-14 16:00:00,-47.218872,-40.520138,3.114040,-999.000000,-999.000000,1008.797000,317.000000,-42.500000,15.216450
20020034,330,2002-01-14 17:00:00,-46.918945,-40.105343,3.221701,-999.000000,-999.000000,1009.021000,314.250000,-39.750000,15.803430
20020034,331,2002-01-14 18:00:00,-45.613312,-40.962872,3.292619,-999.000000,-999.000000,1007.976000,313.250000,-38.000000,15.877550
20020034,332,2002-01-14 19:00:00,-45.386322,-40.633831,2.959882,-999.000000,-999.000000,1007.991000,313.000000,-37.250000,16.316840
20020034,333,2002-01-14 20:00:00,-45.144592,-39.883034,3.399729,-999.000000,-999.000000,1008.787000,312.000000,-35.500000,16.729140
20020034,334,2002-01-14 21:00:00,-44.303009,-40.397087,2.970641,-999.000000,-999.000000,1008.022000,313.000000,-36.000000,16.891440
20020034,335,2002-01-14 22:00:00,-44.555298,-39.439796,2.873663,318.463000,-40.534160,1005.978000,313.250000,-35.750000,17.660080
20020034,336,2002-01-14 23:00:00,-44.167114,-39.395935,2.721887,-999.000000,-999.000000,1009.306000,313.000000,-35.000000,17.352940
20020034,337,2002-01-15 00:00:00,-43.968384,-39.056152,2.920503,-999.000000,-999.000000,1009.577000,315.000000,-36.500000,16.839300
20020034,338,2002-01-15 01:00:00,-43.003906,-39.646526,2.907139,-999.000000,-999.000000,1009.005000,315.750000,-36.750000,16.841590
20020034,339,2002-01-15 02:00:00,-42.222107,-40.017956,2.887814,319.336000,-39.723010,1006.115000,316.000000,-36.500000,16.295430
20020034,340,2002-01-15 03:00:00,-41.682800,-40.163273,2.909223,-999.000000,-999.000000,1008.247000,317.000000,-37.250000,16.489200
20020034,341,2002-01-15 04:00:00,-41.343628,-39.982441,3.243226,-999.000000,-999.000000,1007.896000,317.000000,-36.500000,16.176000
20020034,342,2002-01-15 05:00:00,-40.644928,-40.295300,3.325088,321.586200,-40.810550,1004.225000,318.000000,-37.250000,16.118280
20020034,343,2002-01-15 06:00:00,-39.976105,-40.693615,3.363712,323.490600,-42.763530,1002.979000,317.500000,-36.000000,15.644960
20020034,344,2002-01-15 07:00:00,-39.657837,-40.559807,3.486291,322.381400,-40.839760,1003.904000,319.750000,-38.500000,15.875020
20020034,345,2002-01-15 08:00:00,-39.305115,-40.662701,3.572051,324.471800,-43.043600,1002.909000,325.250000,-43.500000,15.564280
20020034,346,2002-01-15 09:00:00,-38.843933,-40.879971,3.802572,324.320400,-42.703970,1002.967000,326.250000,-44.250000,15.725140
20020034,347,2002-01-15 10:00:00,-38.164368,-41.308529,3.875764,324.763600,-42.865090,1002.734000,325.000000,-42.750000,16.407220
20020034,348,2002-01-15 11:00:00,-37.606720,-41.505856,3.824631,-999.000000,-999.000000,1006.936000,325.500000,-43.000000,16.586580
20020034,349,2002-01-15 12:00:00,-37.199249,-41.587772,3.939891,326.029600,-43.542010,1002.127000,326.250000,-43.500000,16.605460
20020034,350,2002-01-15 13:00:00,-36.629852,-41.838104,4.150018,326.873600,-44.098940,1001.882000,327.000000,-44.000000,16.682540
20020034,351,2002-01-15 14:00:00,-35.890045,-42.444210,4.111885,327.018800,-43.903110,1001.639000,326.500000,-42.750000,16.808250
20020034,352,2002-01-15 15:00:00,-35.084930,-43.093731,4.024249,327.703500,-44.187280,1001.202000,326.500000,-42.000000,17.116180
20020034,353,2002-01-15 16:00:00,-34.450867,-43.325996,4.208920,328.539900,-45.009220,1000.907000,327.750000,-43.250000,16.873980
20020034,354,2002-01-15 17:00:00,-33.806915,-43.674061,4.138467,329.052700,-45.278580,1000.051000,329.000000,-44.250000,16.874620
20020034,355,2002-01-15 18:00:00,-32.944611,-44.272377,4.070449,329.847000,-45.820730,999.346400,329.250000,-44.250000,16.986900
20020034,356,2002-01-15 19:00:00,-31.974548,-44.927410,3.901875,330.770600,-46.488060,998.172300,330.000000,-44.500000,16.865380
20020034,357,2002-01-15 20:00:00,-31.109528,-45.392128,3.754329,332.053000,-47.274230,997.349900,331.500000,-46.500000,17.126090
20020034,358,2002-01-15 21:00:00,-30.029205,-46.111179,3.664878,332.696600,-47.528250,996.706800,332.250000,-46.500000,17.338950
20020034,359,2002-01-15 22:00:00,-28.710632,-47.088531,3.696064,333.575600,-47.967450,996.056800,333.750000,-47.750000,17.876530
20020034,360,2002-01-15 23:00:00,-27.752655,-47.774010,3.706644,335.266800,-48.863270,995.353300,333.000000,-45.500000,17.710940
20020034,361,2002-01-16 00:00:00,-26.781433,-48.323463,3.770367,335.827100,-49.008820,994.563000,334.750000,-47.250000,17.940490
20020034,362,2002-01-16 01:00:00,-25.785156,-48.895283,3.823654,337.698200,-50.065400,993.358200,335.250000,-46.500000,18.456430
20020034,363,2002-01-16 02:00:00,-24.709106,-49.470734,3.927891,339.007700,-50.832890,991.973800,336.000000,-46.750000,18.598750
20020034,364,2002-01-16 03:00:00,-23.496735,-50.062061,4.098825,-999.000000,-999.000000,994.709200,337.250000,-47.500000,18.606000
20020034,365,2002-01-16 04:00:00,-22.285645,-50.618591,4.152295,-999.000000,-999.000000,993.258900,338.500000,-48.250000,18.747830
20020034,366,2002-01-16 05:00:00,-20.941467,-51.185574,4.322205,-999.000000,-999.000000,991.573400,339.750000,-48.750000,18.678370
20020034,367,2002-01-16 06:00:00,-19.608673,-51.721722,4.421227,-999.000000,-999.000000,990.018400,341.250000,-49.500000,18.532870
20020034,368,2002-01-16 07:00:00,-18.293579,-52.234348,4.530357,-999.000000,-999.000000,988.780000,342.500000,-50.000000,18.260470
20020034,369,2002-01-16 08:00:00,-16.926239,-52.760212,4.589480,345.748500,-54.274690,983.293100,345.000000,-51.000000,18.090670
20020034,370,2002-01-16 09:00:00,-15.494232,-53.269981,4.597042,-999.000000,-999.000000,985.723300,345.750000,-50.750000,18.079310
20020034,371,2002-01-16 10:00:00,-14.225433,-53.551342,4.642575,-999.000000,-999.000000,985.104600,346.250000,-50.500000,18.315430
20020034,372,2002-01-16 11:00:00,-12.689850,-54.015301,4.610085,348.965100,-55.655430,980.045800,347.500000,-51.250000,18.018230
20020034,373,2002-01-16 12:00:00,-11.242401,-54.391716,4.490347,350.056600,-56.054910,978.970100,349.250000,-52.000000,17.575370
20020034,374,2002-01-16 13:00:00,-9.858551,-54.776649,4.422872,350.998500,-56.505160,977.993000,351.000000,-52.750000,17.275980
20020034,375,2002-01-16 14:00:00,-8.564758,-55.126587,4.353784,352.159200,-56.840670,976.733900,352.500000,-53.250000,17.124580
20020034,376,2002-01-16 15:00:00,-7.338074,-55.479462,4.332696,353.466100,-57.288150,976.042700,353.000000,-53.250000,17.085970
20020034,377,2002-01-16 16:00:00,-6.144775,-55.833851,4.296269,354.574900,-57.617480,975.568400,354.250000,-53.250000,16.979920
20020034,378,2002-01-16 17:00:00,-4.899994,-56.181305,4.260130,355.536200,-57.877070,974.922100,355.500000,-53.750000,16.708840
20020034,379,2002-01-16 18:00:00,-3.636169,-56.515499,4.209888,356.596000,-58.197670,974.463700,357.500000,-54.000000,16.408910
20020034,380,2002-01-16 19:00:00,-2.332397,-56.847046,4.156456,357.491700,-58.447190,973.820300,359.000000,-54.750000,16.129170
20020034,381,2002-01-16 20:00:00,-1.053375,-57.158455,4.093657,358.607500,-58.741740,973.445400,0.250000,-55.000000,15.836210
20020034,382,2002-01-16 21:00:00,0.370290,-57.548058,4.052793,0.000000,-59.063790,972.955200,1.000000,-54.750000,15.679010
20020034,383,2002-01-16 22:00:00,2.439692,-58.336540,4.152006,0.000000,-59.200250,972.604500,0.000000,-56.250000,16.373210
20020034,384,2002-01-16 23:00:00,4.206373,-59.058910,4.283969,1.544269,-59.517670,972.002300,1.000000,-56.750000,16.297550
20020034,385,2002-01-17 00:00:00,5.679745,-59.605373,4.478722,2.713829,-59.811360,971.424600,2.000000,-57.000000,16.203840
20020034,386,2002-01-17 01:00:00,6.846762,-59.980072,4.674440,3.324527,-60.004410,970.756100,3.000000,-57.250000,16.058160
20020034,387,2002-01-17 02:00:00,7.810833,-60.284336,4.823061,4.302383,-60.227580,970.106700,3.500000,-58.000000,15.779410
20020034,388,2002-01-17 03:00:00,8.661281,-60.583832,4.922411,5.443073,-60.484320,969.478500,4.500000,-58.250000,15.712910
20020034,389,2002-01-17 04:00:00,9.349836,-60.889702,4.969025,6.080217,-60.711520,968.655900,6.000000,-58.250000,15.609850
20020034,390,2002-01-17 05:00:00,9.875185,-61.218559,4.976545,7.215575,-60.989120,968.276400,6.500000,-58.750000,15.550160
20020034,391,2002-01-17 06:00:00,10.182805,-61.595528,4.960002,7.944784,-61.229570,967.656200,7.500000,-59.000000,15.594110
20020034,392,2002-01-17 07:00:00,10.297302,-61.977036,4.978043,8.566853,-61.481010,966.903900,8.500000,-59.500000,15.912470
20020034,393,2002-01-17 08:00:00,10.283785,-62.325066,5.024424,9.527586,-61.776690,966.258400,9.500000,-60.000000,15.966990
20020034,394,2002-01-17 09:00:00,10.254819,-62.621979,5.085881,10.269790,-62.049180,965.762900,10.500000,-60.500000,15.827280
20020034,395,2002-01-17 10:00:00,9.317636,-62.910030,4.958852,6.558080,-63.688460,965.086100,4.250000,-57.500000,15.612640
20020034,396,2002-01-17 11:00:00,9.229184,-63.080082,5.044037,6.544308,-63.823000,963.963800,4.500000,-57.750000,15.458640
20020034,397,2002-01-17 12:00:00,9.177776,-63.189793,5.189489,7.245407,-64.023820,963.248200,4.500000,-57.750000,15.406890
20020034,398,2002-01-17 13:00:00,9.174875,-63.274185,5.346368,7.036567,-64.146050,962.607400,5.000000,-57.750000,15.683730
20020034,399,2002-01-17 14:00:00,9.201855,-63.342892,5.541564,7.576705,-64.358250,961.617200,6.000000,-57.750000,15.879270
20020034,400,2002-01-17 15:00:00,9.340241,-63.421574,5.723599,8.050382,-64.534280,960.849400,7.000000,-57.750000,15.959850
20020034,401,2002-01-17 16:00:00,9.598901,-63.526604,5.912427,8.034024,-64.656590,959.926100,8.000000,-57.750000,16.020850
20020034,402,2002-01-17 17:00:00,9.960938,-63.654682,6.028497,8.046077,-64.717220,959.185500,9.000000,-57.750000,16.019740
20020034,403,2002-01-17 18:00:00,10.342752,-63.794567,6.103167,8.009895,-64.756200,958.616800,10.000000,-58.000000,15.731560
20020034,404,2002-01-17 19:00:00,10.765593,-63.938869,6.131113,8.000201,-64.795330,958.111300,10.500000,-58.000000,15.476690
20020034,405,2002-01-17 20:00:00,11.153856,-64.081299,6.160465,7.958108,-64.854800,957.858200,10.000000,-58.250000,15.490050
20020034,406,2002-01-17 21:00:00,11.509347,-64.232292,6.147833,7.542528,-64.853320,957.373000,16.000000,-66.500000,15.669930
20020034,407,2002-01-17 22:00:00,11.601777,-64.465683,6.170229,7.506520,-64.964960,957.235700,15.500000,-67.250000,15.815830
20020034,408,2002-01-17 23:00:00,11.979948,-64.605087,6.091671,7.530245,-64.967900,956.788800,15.250000,-67.000000,16.072470
20020034,409,2002-01-18 00:00:00,12.308188,-64.778419,6.017358,7.554013,-65.017930,956.501100,9.500000,-68.000000,15.675060
20020034,410,2002-01-18 01:00:00,12.435275,-64.966156,5.988587,7.981199,-65.078080,956.551300,12.500000,-67.250000,16.598590
20020034,411,2002-01-18 02:00:00,12.329295,-65.124969,5.894680,7.625880,-65.163950,955.847700,10.250000,-67.500000,16.582520
20020034,412,2002-01-18 03:00:00,12.092567,-65.258804,5.751120,7.999515,-65.247050,955.849400,10.000000,-67.500000,16.762380
20020034,413,2002-01-18 04:00:00,11.776238,-65.388924,5.704043,7.957029,-65.314570,955.549400,9.750000,-69.000000,17.031920
20020034,414,2002-01-18 05:00:00,11.102779,-65.474007,5.658530,7.647952,-65.379930,955.800300,8.500000,-69.750000,17.187020
20020034,415,2002-01-18 06:00:00,10.334438,-65.464424,5.534703,7.500669,-65.471070,955.794100,9.750000,-69.250000,17.194860
20020034,416,2002-01-18 07:00:00,8.802155,-65.293510,5.423033,6.992618,-65.519260,955.953200,8.500000,-69.750000,16.864510
20020034,417,2002-01-18 08:00:00,7.790037,-65.148109,5.299830,6.311533,-65.587880,956.027300,4.500000,-68.000000,16.272190
20020034,418,2002-01-18 09:00:00,6.799399,-64.931679,5.230922,5.703144,-65.581470,956.083500,8.250000,-69.000000,15.895310
20020034,419,2002-01-18 10:00:00,5.534946,-64.489578,5.181811,5.056352,-65.526120,956.015600,9.750000,-69.000000,15.102460
20020034,420,2002-01-18 11:00:00,5.112109,-64.418167,5.188243,4.961211,-65.468740,955.987500,7.500000,-68.750000,15.017880
20020034,421,2002-01-18 12:00:00,5.109533,-64.524307,5.198305,4.438905,-65.464350,956.046600,0.000000,-67.750000,14.961180
20020034,422,2002-01-18 13:00:00,4.834906,-64.518784,5.202738,4.281048,-65.397100,955.684800,0.000000,-67.750000,14.668290
20020034,423,2002-01-18 14:00:00,4.684353,-64.513512,5.244394,4.198898,-65.345140,955.601400,9.250000,-70.250000,15.185820
20020034,424,2002-01-18 15:00:00,4.551903,-64.462387,5.305112,3.784253,-65.300160,955.493700,8.500000,-70.250000,15.170880
20020034,425,2002-01-18 16:00:00,4.483106,-64.435379,5.370502,3.739035,-65.291070,955.665300,8.250000,-70.250000,15.135710
20020034,426,2002-01-18 17:00:00,4.468752,-64.428017,5.421326,3.702617,-65.278800,955.379500,8.250000,-70.250000,14.951220
20020034,427,2002-01-18 18:00:00,4.527722,-64.456818,5.466253,3.092705,-65.135810,955.446400,8.500000,-70.250000,15.052130
20020034,428,2002-01-18 19:00:00,4.529108,-64.450684,5.528077,3.013515,-65.123800,955.599400,8.500000,-70.250000,14.872970
20020034,429,2002-01-18 20:00:00,4.487233,-64.426033,5.574107,2.519242,-64.955670,955.757500,8.250000,-70.250000,14.737950
20020034,430,2002-01-18 21:00:00,4.400542,-64.379936,5.607990,2.488709,-64.868990,955.885500,7.500000,-70.250000,14.389830
20020034,431,2002-01-18 22:00:00,4.341069,-64.305809,5.531213,2.417411,-64.654080,956.314200,8.750000,-70.000000,13.857270
20020034,432,2002-01-18 23:00:00,4.222537,-64.232170,5.517001,2.001401,-64.615290,956.512700,8.500000,-70.000000,14.214910
20020034,433,2002-01-19 00:00:00,4.117346,-64.211182,5.522219,1.913882,-64.472500,956.424000,7.500000,-70.000000,14.088760
20020034,434,2002-01-19 01:00:00,4.003534,-64.223358,5.522892,1.864462,-64.322480,956.436500,8.000000,-70.000000,14.100020
20020034,435,2002-01-19 02:00:00,3.905676,-64.275528,5.513389,1.799215,-64.180180,956.580200,8.250000,-70.000000,14.089830
20020034,436,2002-01-19 03:00:00,3.888016,-64.337646,5.496448,1.776648,-64.063010,956.408100,6.500000,-70.250000,14.804300
20020034,437,2002-01-19 04:00:00,3.861551,-64.370384,5.469878,1.776968,-63.931220,956.619800,6.750000,-70.250000,15.346290
20020034,438,2002-01-19 05:00:00,3.915615,-64.369682,5.465955,1.797944,-63.822620,956.976600,4.750000,-70.250000,15.465500
20020034,439,2002-01-19 06:00:00,3.995316,-64.316635,5.455420,2.207381,-63.685610,957.335500,4.750000,-70.250000,15.523210
20020034,440,2002-01-19 07:00:00,4.127035,-64.248581,5.436149,2.298384,-63.601180,957.751200,3.000000,-70.000000,13.163090
20020034,441,2002-01-19 08:00:00,4.267348,-64.146629,5.437333,2.451981,-63.491370,958.130700,1.250000,-70.000000,12.480370
20020034,442,2002-01-19 09:00:00,4.412358,-64.090851,5.415810,2.531246,-63.396130,958.407200,9.750000,-69.000000,13.042560
20020034,443,2002-01-19 10:00:00,4.392549,-64.103195,5.339696,2.991054,-63.273980,958.871100,11.250000,-69.250000,12.850120
20020034,444,2002-01-19 11:00:00,4.380424,-64.135399,5.259884,3.023703,-63.193920,959.261400,10.250000,-69.500000,13.622510
20020034,445,2002-01-19 12:00:00,4.318882,-64.183517,5.174240,3.468032,-63.133740,959.216300,10.500000,-69.500000,13.392210
20020034,446,2002-01-19 13:00:00,4.248044,-64.223946,5.089529,3.561045,-63.065810,959.668200,5.500000,-70.000000,13.475960
20020034,447,2002-01-19 14:00:00,4.207213,-64.258224,5.026513,3.797243,-63.048490,959.953100,5.750000,-70.000000,13.276400
20020034,448,2002-01-19 15:00:00,4.253894,-64.291885,5.014311,4.172098,-63.052720,960.136100,9.000000,-70.000000,13.405300
20020034,449,2002-01-19 16:00:00,4.332730,-64.318367,5.004070,4.364205,-63.029720,960.350800,8.250000,-70.000000,13.325500
20020034,450,2002-01-19 17:00:00,4.427726,-64.336487,5.000422,4.773067,-63.003430,960.709700,7.000000,-70.250000,13.033980
20020034,451,2002-01-19 18:00:00,4.552736,-64.337654,4.961325,5.157114,-62.988330,960.754600,7.000000,-70.250000,13.015300
20020034,452,2002-01-19 19:00:00,4.610181,-64.347565,4.905039,5.433510,-63.010880,961.229100,7.250000,-70.250000,13.160850
20020034,453,2002-01-19 20:00:00,4.565530,-64.359741,4.798912,5.506894,-63.024260,961.636800,7.500000,-70.250000,13.391830
20020034,454,2002-01-19 21:00:00,4.458103,-64.364502,4.713454,5.957145,-63.060030,962.037700,7.500000,-70.250000,13.629360
20020034,455,2002-01-19 22:00:00,4.180359,-64.371178,4.588215,6.073645,-63.062040,962.395900,6.250000,-70.250000,13.737220
20020034,456,2002-01-19 23:00:00,3.916342,-64.350410,4.522783,6.504877,-63.015850,962.777800,6.000000,-70.250000,13.639560
20020034,457,2002-01-20 00:00:00,3.679655,-64.356316,4.472589,6.516325,-63.156520,963.134800,6.000000,-70.250000,13.503810
20020034,458,2002-01-20 01:00:00,3.489066,-64.387474,4.451754,6.676853,-63.133970,963.553400,4.500000,-70.250000,13.774660
20020034,459,2002-01-20 02:00:00,3.363172,-64.423340,4.409149,7.234472,-63.173000,963.573100,4.500000,-70.250000,13.576660
20020034,460,2002-01-20 03:00:00,3.275115,-64.477280,4.338398,7.291264,-63.281800,963.665700,4.500000,-70.250000,13.458020
20020034,461,2002-01-20 04:00:00,3.176749,-64.529221,4.261193,7.135380,-63.483970,964.146800,4.500000,-70.250000,13.166460
20020034,462,2002-01-20 05:00:00,3.157135,-64.568161,4.169960,7.270053,-63.618810,964.498200,4.500000,-70.250000,13.205570
20020034,463,2002-01-20 06:00:00,3.224783,-64.578835,4.081874,7.297802,-63.706400,964.997100,8.250000,-70.250000,12.939510
20020034,464,2002-01-20 07:00:00,3.220736,-64.576607,3.997762,7.480452,-63.770870,965.332700,8.250000,-70.250000,13.751380
20020034,465,2002-01-20 08:00:00,3.216197,-64.562965,3.947104,7.050725,-63.960750,965.758100,7.000000,-70.250000,13.317910
20020034,466,2002-01-20 09:00:00,3.163748,-64.544586,3.900015,6.901052,-64.053260,966.099400,3.250000,-70.500000,13.269460
20020034,467,2002-01-20 10:00:00,3.632326,-64.542068,3.786155,8.208737,-63.940850,966.337800,8.250000,-70.250000,12.651000
20020034,468,2002-01-20 11:00:00,3.806017,-64.516953,3.761957,7.745718,-64.024890,966.825700,8.250000,-70.250000,12.918920
20020034,469,2002-01-20 12:00:00,3.960238,-64.504707,3.742873,7.971864,-64.177130,966.848100,4.500000,-70.500000,12.424790
20020034,470,2002-01-20 13:00:00,4.076762,-64.503563,3.700235,7.061770,-64.224870,967.136600,8.500000,-70.250000,12.452730
20020034,471,2002-01-20 14:00:00,4.149950,-64.527405,3.634759,7.038819,-64.268950,967.287000,5.500000,-70.500000,12.466560
20020034,472,2002-01-20 15:00:00,4.283723,-64.552963,3.546937,6.950768,-64.319270,967.604900,5.500000,-70.500000,12.431700
20020034,473,2002-01-20 16:00:00,4.367913,-64.602440,3.450176,6.967867,-64.395060,967.613300,5.750000,-70.500000,11.821650
20020034,474,2002-01-20 17:00:00,4.517559,-64.639549,3.368511,6.276363,-64.397760,967.804500,11.000000,-67.250000,11.442810
20020034,475,2002-01-20 18:00:00,4.572838,-64.667686,3.317125,6.737731,-64.502480,967.907500,10.750000,-67.250000,11.434070
20020034,476,2002-01-20 19:00:00,4.502072,-64.689980,3.284799,6.257475,-64.513110,968.199200,9.250000,-67.500000,11.971720
20020034,477,2002-01-20 20:00:00,4.267554,-64.690033,3.273066,6.285130,-64.582240,968.538100,9.000000,-67.500000,12.431550
20020034,478,2002-01-20 21:00:00,4.104204,-64.701622,3.279616,6.180814,-64.592930,968.530100,9.250000,-67.750000,12.782250
20020034,479,2002-01-20 22:00:00,3.098183,-64.774055,3.342349,5.535178,-64.687760,969.137000,9.250000,-67.750000,13.071560
20020034,480,2002-01-20 23:00:00,2.890282,-64.801804,3.340417,5.492874,-64.747810,969.255600,9.500000,-68.500000,12.729220
20020034,481,2002-01-21 00:00:00,2.675196,-64.827217,3.302479,5.011500,-64.760820,969.131000,9.500000,-68.500000,12.856060
20020034,482,2002-01-21 01:00:00,2.308470,-64.839752,3.262615,4.961535,-64.817190,969.398400,8.750000,-68.750000,13.255420
20020034,483,2002-01-21 02:00:00,1.660535,-64.811935,3.233548,4.910505,-64.826270,969.285900,7.250000,-68.500000,13.732650
20020034,484,2002-01-21 03:00:00,0.687639,-64.729149,3.231169,4.350222,-64.837670,969.371900,7.750000,-68.500000,14.064860
20020034,485,2002-01-21 04:00:00,-0.306885,-64.608925,3.268064,359.750000,-64.371740,969.970900,7.000000,-68.500000,13.754660
20020034,486,2002-01-21 05:00:00,-1.000397,-64.493645,3.369280,359.750000,-64.389720,970.185600,5.250000,-68.750000,13.731190
20020034,487,2002-01-21 06:00:00,-1.069977,-64.450516,3.454504,359.750000,-64.338350,970.338000,4.750000,-69.500000,13.218590
20020034,488,2002-01-21 07:00:00,-0.911835,-64.427399,3.531837,359.750000,-64.298690,970.544800,9.500000,-68.750000,13.679760
20020034,489,2002-01-21 08:00:00,-0.788116,-64.397507,3.605118,359.750000,-64.273930,970.869700,8.250000,-69.000000,14.117430
20020034,490,2002-01-21 09:00:00,-0.688110,-64.365364,3.622435,359.750000,-64.210480,970.935900,6.000000,-69.000000,14.269440
20020034,491,2002-01-21 10:00:00,-0.582153,-64.181656,3.698566,359.750000,-64.388210,971.124700,4.500000,-69.000000,13.204700
20020034,492,2002-01-21 11:00:00,-0.636108,-64.071754,3.703783,359.750000,-64.399890,971.280500,5.250000,-69.000000,13.488250
20020034,493,2002-01-21 12:00:00,-0.652161,-63.958424,3.719204,359.750000,-64.324890,971.590300,6.000000,-69.250000,12.789690
20020034,494,2002-01-21 13:00:00,-0.609894,-63.838146,3.727688,359.750000,-64.120400,971.875300,5.250000,-69.250000,12.197920
20020034,495,2002-01-21 14:00:00,-0.503174,-63.726849,3.747338,359.750000,-64.046640,972.205300,3.500000,-69.500000,12.679010
20020034,496,2002-01-21 15:00:00,-0.340668,-63.613331,3.772425,359.750000,-63.914390,972.596100,351.750000,-59.000000,12.194370
20020034,497,2002-01-21 16:00:00,-0.160156,-63.478832,3.778400,359.750000,-63.808680,972.872700,354.500000,-58.250000,12.338040
20020034,498,2002-01-21 17:00:00,0.087363,-63.347935,3.761178,0.000000,-63.666190,973.567500,2.250000,-69.250000,10.238000
20020034,499,2002-01-21 18:00:00,0.422596,-63.210335,3.725965,0.000000,-63.523640,974.033600,0.000000,-57.250000,10.931990
20020034,500,2002-01-21 19:00:00,0.831430,-63.053219,3.679140,0.000000,-63.336810,974.774300,0.000000,-57.250000,11.147730
20020034,501,2002-01-21 20:00:00,1.295040,-62.850296,3.610553,0.000000,-63.027250,975.379200,0.000000,-57.000000,11.213910
20020034,502,2002-01-21 21:00:00,1.830541,-62.583469,3.542728,0.000000,-62.658660,976.023900,0.000000,-56.750000,11.068960
20020034,503,2002-01-21 22:00:00,2.498431,-62.379971,3.530669,1.700093,-62.593780,976.559000,0.000000,-56.750000,12.301010
20020034,504,2002-01-21 23:00:00,3.278946,-61.921188,3.487463,-999.000000,-999.000000,977.071800,0.000000,-56.250000,12.666520
20020034,505,2002-01-22 00:00:00,4.133140,-61.403214,3.462121,-999.000000,-999.000000,977.076700,0.500000,-55.750000,12.453450
20020034,506,2002-01-22 01:00:00,4.953808,-60.857006,3.426776,-999.000000,-999.000000,977.397000,1.000000,-55.250000,13.021420
20020034,507,2002-01-22 02:00:00,5.749257,-60.359848,3.391030,15.543850,-59.884120,972.090000,0.000000,-59.000000,13.097550
20020034,508,2002-01-22 03:00:00,6.539084,-59.909370,3.360646,16.006120,-59.777930,972.137800,0.000000,-59.000000,13.592340
20020034,509,2002-01-22 04:00:00,7.269836,-59.541992,3.364161,15.542040,-59.932510,972.276200,1.500000,-57.000000,13.749790
20020034,510,2002-01-22 05:00:00,7.937450,-59.257637,3.372876,15.991060,-59.824070,972.653600,0.000000,-56.500000,14.064290
20020034,511,2002-01-22 06:00:00,8.515388,-59.002750,3.432934,15.973120,-59.834890,972.759200,0.250000,-56.000000,14.079340
20020034,512,2002-01-22 07:00:00,9.038229,-58.823658,3.500406,15.502600,-59.907920,972.989300,0.000000,-56.000000,14.464700
20020034,513,2002-01-22 08:00:00,9.527976,-58.625187,3.568266,15.507120,-59.889200,973.172200,0.500000,-55.750000,14.399020
20020034,514,2002-01-22 09:00:00,10.051312,-58.446659,3.638804,15.506890,-59.871430,973.264000,1.000000,-57.750000,14.501210
20020034,515,2002-01-22 10:00:00,10.854393,-58.363647,3.963318,15.398590,-59.874100,972.844300,2.500000,-57.250000,15.450410
20020034,516,2002-01-22 11:00:00,11.324373,-58.172596,4.005221,15.407880,-59.879950,973.059000,5.500000,-54.750000,15.011910
20020034,517,2002-01-22 12:00:00,11.811637,-57.987823,4.036039,15.396310,-59.862200,973.028000,6.500000,-54.250000,15.226640
20020034,518,2002-01-22 13:00:00,12.276655,-57.840763,4.062284,15.429810,-59.830800,973.420800,4.750000,-55.500000,15.460420
20020034,519,2002-01-22 14:00:00,12.805611,-57.691486,4.084100,15.429990,-59.779480,973.661600,6.750000,-54.750000,15.743010
20020034,520,2002-01-22 15:00:00,13.356707,-57.596336,4.102504,15.433270,-59.693890,974.122900,7.250000,-54.500000,15.971370
20020034,521,2002-01-22 16:00:00,13.890361,-57.488422,4.106350,15.433370,-59.589260,974.460100,7.250000,-54.250000,15.878760
20020034,522,2002-01-22 17:00:00,14.398003,-57.370831,4.095618,15.439630,-59.452740,974.744500,7.750000,-54.000000,15.900590
20020034,523,2002-01-22 18:00:00,14.918629,-57.241390,4.101632,15.482700,-59.305080,975.477800,9.000000,-53.000000,16.465060
20020034,524,2002-01-22 19:00:00,15.443617,-57.094738,4.057249,15.502630,-59.118080,975.750700,9.500000,-53.000000,16.258860
20020034,525,2002-01-22 20:00:00,15.969394,-56.913570,4.025463,15.923330,-58.995440,976.616300,9.500000,-53.000000,16.312380
20020034,526,2002-01-22 21:00:00,16.485298,-56.700802,3.993645,15.973320,-58.786360,977.333300,10.500000,-52.000000,16.186750
20020034,527,2002-01-22 22:00:00,16.994940,-56.517387,3.824201,16.033800,-58.618200,978.133100,11.500000,-51.500000,16.129570
20020034,528,2002-01-22 23:00:00,17.603846,-56.313004,3.829668,16.110500,-58.428550,978.744400,12.250000,-51.250000,16.285940
20020034,529,2002-01-23 00:00:00,18.248341,-56.119755,3.819715,16.507850,-58.228520,979.811600,11.500000,-52.000000,15.873750
20020034,530,2002-01-23 01:00:00,18.875624,-55.956547,3.769796,16.961960,-57.979130,980.475200,17.000000,-51.500000,15.688780
20020034,531,2002-01-23 02:00:00,19.486650,-55.776016,3.657266,17.409250,-57.706270,981.003300,14.000000,-50.750000,15.489760
20020034,532,2002-01-23 03:00:00,20.105553,-55.582081,3.520939,-999.000000,-999.000000,984.460100,16.250000,-51.000000,15.291580
20020034,533,2002-01-23 04:00:00,20.710938,-55.360897,3.355033,-999.000000,-999.000000,984.888700,15.750000,-50.250000,15.337040
20020034,534,2002-01-23 05:00:00,21.283375,-55.150249,3.195735,-999.000000,-999.000000,985.450700,15.000000,-50.500000,15.079490
20020034,535,2002-01-23 06:00:00,21.883512,-54.877773,3.069470,-999.000000,-999.000000,986.339100,15.750000,-50.250000,15.106880
20020034,536,2002-01-23 07:00:00,22.481649,-54.566574,2.973116,-999.000000,-999.000000,986.870300,16.250000,-50.250000,15.074300
20020034,537,2002-01-23 08:00:00,23.043171,-54.244877,2.893957,-999.000000,-999.000000,987.576700,21.750000,-49.000000,15.267630
20020034,538,2002-01-23 09:00:00,23.638321,-53.911545,2.852803,-999.000000,-999.000000,988.250100,21.750000,-49.000000,15.437510
20020034,539,2002-01-23 10:00:00,24.388033,-53.764591,2.714548,-999.000000,-999.000000,989.039600,24.500000,-48.000000,15.347020
20020034,540,2002-01-23 11:00:00,25.123291,-53.421612,2.698137,-999.000000,-999.000000,989.735900,24.750000,-47.750000,16.006580
20020034,541,2002-01-23 12:00:00,25.887108,-53.057320,2.669315,-999.000000,-999.000000,990.531500,25.750000,-48.250000,16.433060
20020034,542,2002-01-23 13:00:00,26.641499,-52.752411,2.612070,-999.000000,-999.000000,991.376800,26.250000,-48.000000,16.337790
20020034,543,2002-01-23 14:00:00,27.289305,-52.485764,2.507591,-999.000000,-999.000000,991.796100,28.250000,-46.750000,16.748930
20020034,544,2002-01-23 15:00:00,27.942274,-52.204800,2.389638,-999.000000,-999.000000,992.052100,28.750000,-46.750000,16.796540
20020034,545,2002-01-23 16:00:00,28.505383,-51.954407,2.247325,-999.000000,-999.000000,992.648300,29.250000,-46.750000,16.319940
20020034,546,2002-01-23 17:00:00,29.251766,-51.657776,2.103293,-999.000000,-999.000000,992.766100,31.500000,-46.500000,16.713880
20020034,547,2002-01-23 18:00:00,30.132729,-51.319210,2.008978,-999.000000,-999.000000,993.197900,31.500000,-46.750000,16.527540
20020034,548,2002-01-23 19:00:00,31.039103,-50.863209,1.981988,-999.000000,-999.000000,993.847500,31.500000,-46.750000,16.653080
20020034,549,2002-01-23 20:00:00,31.986103,-50.455479,2.019776,-999.000000,-999.000000,994.491300,31.750000,-46.500000,16.402810
20020034,550,2002-01-23 21:00:00,32.993732,-50.122238,2.102307,-999.000000,-999.000000,995.001300,34.750000,-46.500000,16.168760
20020034,551,2002-01-23 22:00:00,34.706142,-50.123650,2.168061,-999.000000,-999.000000,993.855700,36.000000,-46.250000,17.070910
20020034,552,2002-01-23 23:00:00,35.747368,-50.082340,2.254112,-999.000000,-999.000000,993.811300,30.750000,-47.250000,16.521880
20020034,553,2002-01-24 00:00:00,36.716091,-50.237148,2.263336,-999.000000,-999.000000,992.934100,45.750000,-49.250000,16.270600
20100057,625,2010-01-27 00:00:00,-49.928772,-29.267965,2.380926,310.748800,-29.031860,1008.109000,313.750000,-31.250000,10.873510
20100057,626,2010-01-27 01:00:00,-49.935760,-28.442102,2.574232,-999.000000,-999.000000,1010.536000,313.000000,-31.000000,10.517910
20100057,627,2010-01-27 02:00:00,-49.995178,-28.343889,2.606790,-999.000000,-999.000000,1010.290000,316.000000,-25.750000,10.452240
20100057,628,2010-01-27 03:00:00,-50.139984,-28.484510,2.808178,-999.000000,-999.000000,1009.244000,314.000000,-32.250000,10.638650
20100057,629,2010-01-27 04:00:00,-50.299347,-28.585480,2.535028,308.715700,-30.905810,1007.293000,315.750000,-26.000000,10.391630
20100057,630,2010-01-27 05:00:00,-50.480927,-28.149256,2.558544,-999.000000,-999.000000,1009.570000,315.750000,-26.000000,10.520340
20100057,631,2010-01-27 06:00:00,-50.551819,-28.058273,2.612968,306.513000,-29.934560,1007.525000,315.750000,-26.750000,11.068740
20100057,632,2010-01-27 07:00:00,-50.552917,-28.228056,2.590968,308.502700,-29.932020,1007.933000,315.750000,-26.750000,11.454500
20100057,633,2010-01-27 08:00:00,-50.500824,-28.554026,2.579921,308.881100,-30.491890,1007.631000,315.000000,-27.750000,12.148370
20100057,634,2010-01-27 09:00:00,-50.524048,-28.678282,2.593363,306.541100,-29.928700,1007.167000,315.000000,-28.250000,12.457420
20100057,635,2010-01-27 10:00:00,-50.477936,-28.845903,2.630973,306.538700,-29.918610,1006.382000,313.500000,-31.000000,12.885080
20100057,636,2010-01-27 11:00:00,-50.481110,-29.245056,2.599766,309.424000,-30.011100,1005.789000,313.250000,-31.500000,13.044580
20100057,637,2010-01-27 12:00:00,-50.576508,-29.714319,2.620765,309.388400,-30.025640,1005.521000,313.750000,-30.500000,13.058860
20100057,638,2010-01-27 13:00:00,-50.614288,-30.219837,2.692746,309.087100,-30.493050,1005.673000,313.750000,-30.750000,12.711540
20100057,639,2010-01-27 14:00:00,-50.636475,-30.529999,2.770798,309.184300,-30.549490,1006.020000,313.500000,-31.500000,12.766970
20100057,640,2010-01-27 15:00:00,-50.521545,-30.776619,2.873669,309.080000,-30.535760,1006.622000,313.500000,-32.000000,12.791980
20100057,641,2010-01-27 16:00:00,-50.427704,-31.329233,3.188982,309.107800,-30.576930,1006.767000,313.500000,-32.000000,12.564320
20100057,642,2010-01-27 17:00:00,-50.242493,-31.550636,3.190656,309.062800,-30.549570,1007.438000,314.000000,-31.750000,12.463710
20100057,643,2010-01-27 18:00:00,-50.064362,-31.491949,3.255791,310.033000,-31.317070,1007.583000,313.500000,-32.500000,13.127070
20100057,644,2010-01-27 19:00:00,-49.821320,-31.506748,3.352781,309.346400,-31.054120,1007.479000,313.500000,-32.750000,14.058930
20100057,645,2010-01-27 20:00:00,-49.685944,-31.588600,3.373074,-999.000000,-999.000000,1007.969000,313.750000,-33.250000,14.971680
20100057,646,2010-01-27 21:00:00,-49.526611,-31.704193,3.363829,306.820400,-32.380400,1006.917000,313.750000,-33.250000,15.289970
20100057,647,2010-01-27 22:00:00,-49.442200,-31.766426,3.363815,-999.000000,-999.000000,1007.818000,313.500000,-33.500000,15.175980
20100057,648,2010-01-27 23:00:00,-49.364685,-31.918219,3.404896,308.902400,-29.805420,1006.219000,313.750000,-34.000000,14.326150
20100057,649,2010-01-28 00:00:00,-49.230774,-32.057045,3.324060,305.906500,-33.191530,1005.732000,313.250000,-35.500000,14.183120
20100057,650,2010-01-28 01:00:00,-49.241821,-32.220001,3.181438,306.529400,-32.501600,1005.653000,313.500000,-35.750000,14.477240
20100057,651,2010-01-28 02:00:00,-49.295166,-32.153679,3.163030,306.525100,-32.489660,1005.250000,313.250000,-36.000000,14.796020
20100057,652,2010-01-28 03:00:00,-49.372437,-32.191902,3.071026,-999.000000,-999.000000,1007.126000,313.500000,-36.250000,14.647200
20100057,653,2010-01-28 04:00:00,-49.570770,-32.295479,2.886465,309.520900,-32.817470,1006.635000,313.750000,-36.750000,15.030570
20100057,654,2010-01-28 05:00:00,-49.577026,-32.283615,2.631560,-999.000000,-999.000000,1007.405000,314.000000,-36.750000,15.399560
20100057,655,2010-01-28 06:00:00,-49.554230,-33.178783,2.474286,-999.000000,-999.000000,1007.936000,314.250000,-36.750000,15.499060
20100057,656,2010-01-28 07:00:00,-49.500702,-34.076958,2.396763,-999.000000,-999.000000,1008.263000,314.500000,-37.000000,15.408390
20100057,657,2010-01-28 08:00:00,-49.427582,-34.801270,2.344368,-999.000000,-999.000000,1008.860000,314.750000,-38.000000,15.532940
20100057,658,2010-01-28 09:00:00,-49.310577,-35.653091,2.324660,-999.000000,-999.000000,1008.869000,314.750000,-38.750000,15.939230
20100057,659,2010-01-28 10:00:00,-48.986847,-36.462818,2.377801,-999.000000,-999.000000,1009.222000,315.000000,-39.000000,16.688770
20100057,660,2010-01-28 11:00:00,-48.522675,-36.831394,2.422325,-999.000000,-999.000000,1009.061000,315.250000,-39.500000,17.125700
20100057,661,2010-01-28 12:00:00,-48.019714,-37.303513,2.450337,306.286300,-35.521770,1007.845000,315.750000,-40.000000,17.508530
20100057,662,2010-01-28 13:00:00,-47.219330,-38.386219,2.490777,-999.000000,-999.000000,1009.466000,316.250000,-40.250000,17.610380
20100057,663,2010-01-28 14:00:00,-46.522644,-39.043262,2.447207,315.484200,-41.064270,1005.752000,316.750000,-40.750000,17.552000
20100057,664,2010-01-28 15:00:00,-45.673981,-40.087196,2.466282,-999.000000,-999.000000,1008.928000,317.000000,-41.250000,17.450980
20100057,665,2010-01-28 16:00:00,-45.280518,-39.872280,2.739806,-999.000000,-999.000000,1009.523000,318.000000,-41.500000,16.905840
20100057,666,2010-01-28 17:00:00,-44.431702,-40.849827,2.743012,-999.000000,-999.000000,1009.375000,318.250000,-42.000000,17.775810
20100057,667,2010-01-28 18:00:00,-43.642792,-41.664181,2.673177,-999.000000,-999.000000,1008.575000,319.250000,-42.500000,17.929130
20100057,668,2010-01-28 19:00:00,-42.814026,-42.349781,2.566351,-999.000000,-999.000000,1007.531000,319.750000,-43.000000,18.204230
20100057,669,2010-01-28 20:00:00,-42.071136,-42.917595,2.571133,-999.000000,-999.000000,1007.270000,320.500000,-43.500000,18.420190
20100057,670,2010-01-28 21:00:00,-41.266296,-43.481323,2.569346,-999.000000,-999.000000,1006.438000,321.250000,-44.000000,18.316320
20100057,671,2010-01-28 22:00:00,-40.419891,-44.018803,2.586317,-999.000000,-999.000000,1005.902000,322.500000,-44.250000,18.254430
20100057,672,2010-01-28 23:00:00,-39.573303,-44.470901,2.502281,-999.000000,-999.000000,1005.310000,323.250000,-44.750000,17.999310
20100057,673,2010-01-29 00:00:00,-38.678741,-44.893623,2.417980,-999.000000,-999.000000,1005.033000,324.250000,-45.000000,17.747930
20100057,674,2010-01-29 01:00:00,-37.710541,-45.261501,2.355267,-999.000000,-999.000000,1004.479000,325.250000,-45.250000,17.612590
20100057,675,2010-01-29 02:00:00,-36.682281,-45.568554,2.271349,-999.000000,-999.000000,1004.432000,326.250000,-45.500000,17.459180
20100057,676,2010-01-29 03:00:00,-35.593292,-45.792122,2.208505,-999.000000,-999.000000,1004.589000,327.250000,-46.000000,17.298270
20100057,677,2010-01-29 04:00:00,-34.212921,-46.298466,2.400173,326.732500,-47.293750,1001.491000,328.000000,-46.000000,17.333380
20100057,678,2010-01-29 05:00:00,-32.966736,-46.588558,2.181091,328.164300,-47.733260,1001.854000,329.250000,-46.250000,17.583380
20100057,679,2010-01-29 06:00:00,-31.691223,-46.835827,1.934511,328.685500,-47.918200,1001.247000,330.250000,-46.250000,17.250100
20100057,680,2010-01-29 07:00:00,-30.373291,-47.073612,1.687412,-999.000000,-999.000000,1002.485000,331.500000,-46.500000,16.736680
20100057,681,2010-01-29 08:00:00,-29.104004,-47.261436,1.460663,-999.000000,-999.000000,1001.838000,332.250000,-46.500000,16.313610
20100057,682,2010-01-29 09:00:00,-27.935516,-47.434608,1.305129,-999.000000,-999.000000,1001.821000,333.000000,-46.250000,16.018290
20100057,683,2010-01-29 10:00:00,-26.836090,-47.648537,1.170160,-999.000000,-999.000000,1001.214000,333.750000,-46.500000,15.614810
19870333,61,1987-06-03 12:00:00,-58.118927,-29.807743,1.641787,-999.000000,-999.000000,1011.509000,307.000000,-33.750000,7.185349
19870333,62,1987-06-03 13:00:00,-57.632660,-30.150814,1.693085,-999.000000,-999.000000,1011.690000,309.000000,-31.750000,7.618242
19870333,63,1987-06-03 14:00:00,-57.361786,-30.401428,1.725014,-999.000000,-999.000000,1012.144000,309.500000,-31.250000,8.091857
19870333,64,1987-06-03 15:00:00,-57.365356,-30.512394,1.714529,-999.000000,-999.000000,1011.530000,305.000000,-35.750000,8.260638
19870333,65,1987-06-03 16:00:00,-57.225647,-30.820238,1.764366,-999.000000,-999.000000,1011.088000,309.750000,-31.000000,8.897189
19870333,66,1987-06-03 17:00:00,-56.841858,-31.101608,1.722412,-999.000000,-999.000000,1010.455000,310.000000,-30.750000,8.729548
19870333,67,1987-06-03 18:00:00,-56.761566,-31.403217,1.748850,-999.000000,-999.000000,1010.173000,310.250000,-31.250000,8.989535
19870333,68,1987-06-03 19:00:00,-56.481079,-31.622068,1.817774,299.999800,-29.497550,1008.306000,310.500000,-31.250000,9.023703
19870333,69,1987-06-03 20:00:00,-56.247070,-31.836603,1.829591,-999.000000,-999.000000,1010.363000,310.750000,-31.250000,8.614114
19870333,70,1987-06-03 21:00:00,-56.042053,-32.019070,1.852204,-999.000000,-999.000000,1010.612000,310.750000,-31.000000,8.662550
19870333,71,1987-06-03 22:00:00,-55.862793,-31.946718,1.593696,-999.000000,-999.000000,1010.721000,308.750000,-32.500000,8.137935
19870333,72,1987-06-03 23:00:00,-55.535614,-32.093990,1.638638,-999.000000,-999.000000,1011.095000,309.250000,-32.500000,8.595298
19870333,73,1987-06-04 00:00:00,-55.428314,-32.158401,1.711307,-999.000000,-999.000000,1011.277000,311.000000,-31.000000,9.425409
19870333,74,1987-06-04 01:00:00,-55.307007,-32.298794,1.722514,-999.000000,-999.000000,1011.633000,311.000000,-31.000000,9.893906
19870333,75,1987-06-04 02:00:00,-55.404572,-32.314163,1.805978,303.328500,-32.818760,1011.146000,310.750000,-32.500000,10.509790
19870333,76,1987-06-04 03:00:00,-55.617523,-32.303242,1.966857,-999.000000,-999.000000,1011.232000,311.000000,-32.250000,10.498490
19870333,77,1987-06-04 04:00:00,-55.653625,-32.368000,2.132839,304.389900,-32.501340,1011.185000,311.250000,-32.500000,10.472780
19870333,78,1987-06-04 05:00:00,-55.434357,-32.566208,2.246340,-999.000000,-999.000000,1011.126000,311.250000,-33.000000,9.921132
19870333,79,1987-06-04 06:00:00,-55.012573,-32.828796,2.381263,301.263400,-29.382110,1009.114000,309.500000,-33.750000,9.813419
19870333,80,1987-06-04 07:00:00,-54.612091,-33.082142,2.526477,306.251900,-32.727090,1010.298000,310.500000,-33.500000,10.312090
19870333,81,1987-06-04 08:00:00,-54.199799,-33.276299,2.640918,306.596300,-32.517750,1009.951000,312.000000,-32.750000,10.693670
19870333,82,1987-06-04 09:00:00,-53.810547,-33.498528,2.796721,307.058800,-32.538050,1009.815000,312.000000,-32.750000,11.336380
19870333,83,1987-06-04 10:00:00,-52.426392,-34.038849,2.935279,308.716800,-33.230920,1010.399000,312.250000,-32.500000,12.360930
19870333,84,1987-06-04 11:00:00,-52.130951,-34.039963,3.124201,309.621400,-34.154550,1009.979000,312.500000,-32.250000,12.433000
19870333,85,1987-06-04 12:00:00,-51.824585,-34.121376,3.238157,309.486200,-34.520120,1009.829000,312.750000,-32.750000,13.285670
19870333,86,1987-06-04 13:00:00,-51.441986,-34.230572,3.278618,310.081200,-34.606830,1009.711000,312.500000,-32.750000,12.799460
19870333,87,1987-06-04 14:00:00,-51.083252,-34.253986,3.327751,310.599700,-34.713680,1009.260000,313.250000,-34.250000,12.956590
19870333,88,1987-06-04 15:00:00,-50.632263,-34.488884,3.406425,310.931100,-34.935790,1008.195000,312.250000,-34.500000,12.841550
19870333,89,1987-06-04 16:00:00,-50.150787,-34.662846,3.317278,311.083700,-35.144360,1007.186000,313.000000,-33.500000,13.101010
19870333,90,1987-06-04 17:00:00,-49.562775,-34.813408,3.238451,311.717500,-35.373190,1006.268000,313.750000,-33.750000,13.461010
19870333,91,1987-06-04 18:00:00,-49.001984,-34.955311,3.109164,312.073300,-35.580530,1005.439000,314.000000,-33.750000,13.712840
19870333,92,1987-06-04 19:00:00,-48.457428,-35.138203,3.135163,312.571000,-35.822000,1005.403000,314.000000,-35.750000,13.478590
19870333,93,1987-06-04 20:00:00,-47.961426,-35.278847,3.182471,312.944000,-36.077510,1004.898000,314.750000,-35.750000,13.967510
19870333,94,1987-06-04 21:00:00,-47.504059,-35.437069,3.169214,313.342600,-36.298700,1004.995000,315.250000,-35.750000,14.256850
19870333,95,1987-06-04 22:00:00,-47.297791,-36.197006,2.863285,313.705000,-36.708090,1004.437000,314.000000,-36.250000,15.069020
19870333,96,1987-06-04 23:00:00,-46.779572,-36.283043,2.802602,314.099600,-36.974530,1003.987000,316.000000,-35.750000,14.427580
19870333,97,1987-06-05 00:00:00,-46.113159,-36.600498,2.877517,314.677800,-37.184970,1004.372000,316.250000,-35.750000,14.381970
19870333,98,1987-06-05 01:00:00,-45.706024,-36.275547,2.811904,315.163100,-37.352840,1003.793000,316.750000,-35.500000,13.802110
19870333,99,1987-06-05 02:00:00,-45.179871,-36.426563,2.825685,315.767800,-37.527360,1002.979000,317.000000,-35.750000,14.433820
19870333,100,1987-06-05 03:00:00,-44.580536,-36.606033,2.938674,316.203800,-37.735210,1002.285000,317.750000,-37.750000,14.633770
19870333,101,1987-06-05 04:00:00,-44.027924,-36.767639,3.022282,316.886000,-37.921220,1002.219000,317.750000,-37.750000,14.989930
19870333,102,1987-06-05 05:00:00,-43.386505,-36.867100,3.105218,317.400100,-38.096900,1001.573000,319.500000,-37.750000,15.509260
19870333,103,1987-06-05 06:00:00,-42.842438,-36.954819,3.037180,318.104500,-38.237610,1001.135000,318.750000,-38.000000,15.506660
19870333,104,1987-06-05 07:00:00,-42.165039,-37.160378,3.017526,318.636400,-38.331810,1000.445000,319.750000,-38.000000,15.288050
19870333,105,1987-06-05 08:00:00,-41.425842,-37.429184,2.956869,319.488400,-38.455780,1000.499000,320.750000,-38.000000,15.581340
19870333,106,1987-06-05 09:00:00,-40.710907,-37.630486,2.885121,320.270300,-38.586350,1000.610000,321.000000,-38.250000,15.232170
19890353,21,1989-06-01 20:00:00,-62.664764,-27.299788,2.491941,296.272600,-23.007260,1008.392000,293.500000,-23.750000,9.225955
19890353,22,1989-06-01 21:00:00,-62.283691,-29.024717,2.427588,-999.000000,-999.000000,1013.420000,293.000000,-30.750000,6.873001
19890353,23,1989-06-01 22:00:00,-61.867004,-29.044691,2.482325,-999.000000,-999.000000,1014.448000,293.000000,-30.750000,6.161160
19890353,24,1989-06-01 23:00:00,-61.485535,-29.253454,2.576375,-999.000000,-999.000000,1014.806000,295.000000,-28.000000,6.124736
19890353,25,1989-06-02 00:00:00,-60.960358,-29.009520,2.624101,-999.000000,-999.000000,1015.431000,296.250000,-31.500000,6.083673
19890353,26,1989-06-02 01:00:00,-60.465912,-29.067871,2.671378,-999.000000,-999.000000,1015.758000,296.000000,-31.000000,5.958361
19890353,27,1989-06-02 02:00:00,-59.974945,-29.084654,2.655679,298.985300,-28.294990,1015.375000,296.250000,-30.750000,6.266015
19890353,28,1989-06-02 03:00:00,-59.510681,-29.098413,2.705745,-999.000000,-999.000000,1016.119000,296.250000,-30.250000,6.222821
19890353,29,1989-06-02 04:00:00,-59.101868,-29.134960,2.845814,-999.000000,-999.000000,1016.249000,295.750000,-25.750000,6.135616
19890353,30,1989-06-02 05:00:00,-58.702118,-29.174818,3.008209,300.727100,-27.976510,1015.435000,295.750000,-25.750000,6.485639
19890353,31,1989-06-02 06:00:00,-58.351471,-29.324718,3.104478,301.226900,-27.914090,1014.871000,297.250000,-30.500000,6.939208
19890353,32,1989-06-02 07:00:00,-57.947418,-29.596996,3.180438,301.311000,-27.664720,1014.492000,308.500000,-31.500000,7.735601
19890353,33,1989-06-02 08:00:00,-57.521057,-30.205103,3.309718,302.315500,-27.761590,1014.425000,297.250000,-30.500000,8.516603
19890353,34,1989-06-02 09:00:00,-57.059418,-30.698027,3.399895,300.935000,-28.572800,1015.154000,309.750000,-31.250000,9.954526
19890353,35,1989-06-02 10:00:00,-56.659760,-32.462902,3.369391,302.507800,-31.804880,1016.177000,310.250000,-31.750000,10.238480
19890353,36,1989-06-02 11:00:00,-56.248871,-32.646618,3.354135,303.307200,-32.287660,1016.824000,310.250000,-30.500000,10.397940
19890353,37,1989-06-02 12:00:00,-55.941864,-32.797657,3.356596,304.703800,-32.047800,1017.038000,310.500000,-30.750000,11.346180
19890353,38,1989-06-02 13:00:00,-55.594025,-32.967548,3.333163,-999.000000,-999.000000,1016.882000,310.250000,-31.500000,12.128140
19890353,39,1989-06-02 14:00:00,-55.216339,-33.129555,3.225997,-999.000000,-999.000000,1016.324000,310.500000,-31.750000,12.359960
19890353,40,1989-06-02 15:00:00,-54.861267,-33.482285,3.261874,305.035000,-33.828750,1015.701000,310.750000,-31.000000,12.403640
19890353,41,1989-06-02 16:00:00,-54.569336,-33.531555,3.223403,305.310300,-33.817050,1014.522000,311.000000,-31.750000,12.806660
19890353,42,1989-06-02 17:00:00,-54.190826,-33.565166,3.214779,307.053700,-35.040950,1012.427000,311.250000,-32.250000,12.694940
19890353,43,1989-06-02 18:00:00,-53.828064,-33.726673,3.156884,308.281500,-35.285120,1012.277000,311.250000,-32.500000,11.884540
19890353,44,1989-06-02 19:00:00,-53.409454,-33.741772,3.165510,-999.000000,-999.000000,1012.746000,311.250000,-34.000000,12.223970
19890353,45,1989-06-02 20:00:00,-53.087921,-33.761639,3.146906,-999.000000,-999.000000,1012.326000,311.750000,-34.000000,12.766120
19890353,46,1989-06-02 21:00:00,-52.540619,-33.999062,3.174511,-999.000000,-999.000000,1012.083000,312.000000,-34.250000,12.923240
19890353,47,1989-06-02 22:00:00,-51.780518,-34.548187,3.236967,308.945400,-36.724830,1008.023000,312.750000,-39.250000,14.149350
19890353,48,1989-06-02 23:00:00,-51.410553,-34.884624,3.354473,-999.000000,-999.000000,1010.663000,313.500000,-38.000000,14.345810
19890353,49,1989-06-03 00:00:00,-50.881958,-35.207584,3.307102,-999.000000,-999.000000,1009.949000,311.000000,-37.500000,14.511420
19890353,50,1989-06-03 01:00:00,-50.423431,-35.463051,3.266311,-999.000000,-999.000000,1009.557000,311.250000,-37.750000,14.423160
19890353,51,1989-06-03 02:00:00,-49.791595,-35.936562,3.305484,-999.000000,-999.000000,1008.035000,313.750000,-39.750000,14.858890
19890353,52,1989-06-03 03:00:00,-49.227966,-36.328857,3.243636,-999.000000,-999.000000,1007.122000,313.750000,-36.750000,15.044730
19890353,53,1989-06-03 04:00:00,-48.658051,-36.827904,3.262681,311.501600,-38.852390,1001.899000,314.000000,-41.250000,15.141050
19890353,54,1989-06-03 05:00:00,-48.135010,-36.908421,3.273084,311.782300,-39.228990,1000.529000,313.250000,-39.500000,14.920800
19890353,55,1989-06-03 06:00:00,-47.654907,-37.419575,3.296511,312.223700,-39.609890,999.261500,313.750000,-42.250000,15.302180
19890353,56,1989-06-03 07:00:00,-47.122650,-37.365349,3.374914,-999.000000,-999.000000,1003.110000,316.500000,-40.000000,15.184250
19890353,57,1989-06-03 08:00:00,-46.602875,-37.560520,3.212575,-999.000000,-999.000000,1002.856000,314.250000,-43.250000,15.306980
19890353,58,1989-06-03 09:00:00,-46.053894,-37.489216,3.212148,313.144500,-40.816540,995.723600,315.000000,-43.250000,15.424750
19890353,59,1989-06-03 10:00:00,-45.610504,-38.335693,3.110141,-999.000000,-999.000000,1000.633000,317.250000,-39.000000,16.326710
19890353,60,1989-06-03 11:00:00,-45.228668,-38.537403,3.060842,-999.000000,-999.000000,1000.106000,317.500000,-41.000000,16.892220
19940438,319,1994-07-14 06:00:00,-56.317810,-34.015869,1.568883,-999.000000,-999.000000,1015.162000,310.500000,-32.750000,9.174524
19940438,320,1994-07-14 07:00:00,-55.626129,-35.644516,1.666173,-999.000000,-999.000000,1013.976000,310.750000,-33.000000,8.782777
19940438,321,1994-07-14 08:00:00,-55.298187,-36.483475,1.762868,-999.000000,-999.000000,1013.977000,310.250000,-40.500000,9.171595
19940438,322,1994-07-14 09:00:00,-54.996704,-37.060677,1.880552,-999.000000,-999.000000,1013.350000,311.000000,-40.750000,9.496237
19940438,323,1994-07-14 10:00:00,-54.195465,-37.649162,1.763501,-999.000000,-999.000000,1013.278000,299.500000,-39.500000,9.322242
19940438,324,1994-07-14 11:00:00,-53.859192,-38.069492,1.858377,-999.000000,-999.000000,1012.935000,309.000000,-34.500000,9.400656
19940438,325,1994-07-14 12:00:00,-53.635345,-38.583889,1.937719,-999.000000,-999.000000,1012.746000,309.000000,-34.500000,9.576187
19940438,326,1994-07-14 13:00:00,-53.449585,-38.988121,2.079712,-999.000000,-999.000000,1012.658000,309.250000,-34.750000,10.024140
19940438,327,1994-07-14 14:00:00,-52.715576,-38.766785,2.204404,-999.000000,-999.000000,1012.634000,310.000000,-35.500000,10.952270
19940438,328,1994-07-14 15:00:00,-51.916473,-38.427731,2.305764,-999.000000,-999.000000,1012.342000,310.500000,-35.250000,11.537810
19940438,329,1994-07-14 16:00:00,-50.883698,-37.868992,2.427744,-999.000000,-999.000000,1011.936000,310.750000,-35.500000,11.587950
19940438,330,1994-07-14 17:00:00,-50.154236,-37.608509,2.500905,-999.000000,-999.000000,1011.288000,317.000000,-37.000000,11.905480
19940438,331,1994-07-14 18:00:00,-49.375092,-37.310123,2.636287,-999.000000,-999.000000,1011.075000,316.750000,-34.000000,12.579320
19940438,332,1994-07-14 19:00:00,-48.598694,-37.097294,2.729245,-999.000000,-999.000000,1010.967000,317.500000,-34.500000,12.802910
19940438,333,1994-07-14 20:00:00,-47.813019,-36.974613,2.863221,-999.000000,-999.000000,1011.541000,318.750000,-34.750000,13.873250
19940438,334,1994-07-14 21:00:00,-47.067871,-36.961346,2.981506,-999.000000,-999.000000,1011.942000,320.000000,-36.500000,13.128960
19940438,335,1994-07-14 22:00:00,-45.625916,-36.824699,3.174289,-999.000000,-999.000000,1012.714000,319.250000,-34.500000,13.253800
19940438,336,1994-07-14 23:00:00,-44.987244,-36.918724,3.214297,-999.000000,-999.000000,1012.682000,320.250000,-35.750000,14.314680
19940438,337,1994-07-15 00:00:00,-44.154236,-37.088310,3.187008,-999.000000,-999.000000,1012.319000,321.500000,-38.250000,15.288570
19940438,338,1994-07-15 01:00:00,-43.309845,-37.306835,3.127732,-999.000000,-999.000000,1011.499000,322.250000,-38.500000,14.807200
19940438,339,1994-07-15 02:00:00,-42.459381,-37.602512,3.089817,-999.000000,-999.000000,1011.035000,323.000000,-38.000000,14.867830
19940438,340,1994-07-15 03:00:00,-41.437256,-37.910603,3.095507,-999.000000,-999.000000,1010.414000,320.250000,-35.000000,15.210350
19940438,341,1994-07-15 04:00:00,-40.582794,-38.132259,3.195084,319.528200,-41.102340,1007.609000,320.750000,-35.500000,15.852520
19940438,342,1994-07-15 05:00:00,-39.855530,-38.288769,3.229162,320.927300,-41.414180,1007.160000,321.250000,-36.000000,15.744640
19940438,343,1994-07-15 06:00:00,-39.188568,-38.474361,3.235524,322.394400,-41.449990,1007.012000,325.250000,-40.000000,15.682230
19940438,344,1994-07-15 07:00:00,-38.231995,-38.884171,3.390305,321.031200,-40.207000,1006.930000,325.750000,-40.500000,15.978550
19940438,345,1994-07-15 08:00:00,-37.603333,-39.003647,3.403917,321.736600,-40.277250,1007.062000,326.500000,-40.750000,16.147020
19940438,346,1994-07-15 09:00:00,-37.152435,-39.003349,3.371754,322.769500,-40.522740,1007.092000,327.000000,-41.000000,16.095810
19940438,347,1994-07-15 10:00:00,-37.090729,-38.667088,3.224302,323.390200,-40.550900,1007.455000,327.250000,-41.750000,16.253070
19940438,348,1994-07-15 11:00:00,-36.232819,-39.028225,3.189316,323.514200,-40.463960,1007.631000,328.000000,-42.000000,16.971330
19940438,349,1994-07-15 12:00:00,-35.289703,-39.454224,3.178968,324.546100,-40.711010,1007.875000,328.750000,-42.000000,17.277580
19940438,350,1994-07-15 13:00:00,-34.892029,-39.522659,3.056402,-999.000000,-999.000000,1008.847000,329.250000,-42.250000,16.967360
19940438,351,1994-07-15 14:00:00,-33.817474,-40.139332,3.030998,328.521200,-42.643120,1006.031000,330.000000,-42.250000,16.869530
19940438,352,1994-07-15 15:00:00,-32.719086,-40.737015,3.017566,329.207200,-42.814170,1004.768000,328.750000,-39.250000,15.971040
19940438,353,1994-07-15 16:00:00,-31.586578,-41.264267,3.057900,329.938000,-43.004020,1003.918000,329.500000,-39.500000,16.248190
19940438,354,1994-07-15 17:00:00,-30.712646,-41.639668,2.987498,330.887900,-43.247010,1003.707000,330.250000,-39.750000,16.526700
19940438,355,1994-07-15 18:00:00,-29.607025,-42.121292,3.013569,331.553000,-43.475210,1003.429000,330.750000,-40.000000,16.759590
19940438,356,1994-07-15 19:00:00,-28.792938,-42.346466,2.981169,332.230200,-43.733480,1003.123000,331.750000,-40.250000,16.979440
19940438,357,1994-07-15 20:00:00,-27.986633,-42.589058,2.908533,333.041900,-43.960590,1002.821000,332.500000,-40.750000,17.021420
19940438,358,1994-07-15 21:00:00,-26.955475,-42.965820,2.859663,333.823400,-44.151460,1002.530000,333.500000,-41.000000,17.356190
19940438,359,1994-07-15 22:00:00,-26.297882,-42.841572,2.423685,-999.000000,-999.000000,1004.730000,334.500000,-41.500000,17.342460
19940438,360,1994-07-15 23:00:00,-24.153229,-43.662895,2.471341,334.541700,-44.436370,1003.173000,335.500000,-42.000000,17.687260
19940438,361,1994-07-16 00:00:00,-22.832123,-44.045963,2.425160,-999.000000,-999.000000,1003.822000,336.250000,-42.500000,17.692890
19940438,362,1994-07-16 01:00:00,-21.412750,-44.453217,2.384656,336.273500,-44.638160,1002.008000,337.500000,-43.250000,17.562860
19940438,363,1994-07-16 02:00:00,-19.805145,-44.888561,2.376880,337.464200,-44.724380,1001.218000,338.500000,-43.250000,17.762130
19940438,364,1994-07-16 03:00:00,-18.948212,-45.112370,2.351527,338.442700,-44.813980,1000.660000,339.750000,-43.750000,18.124940
19940438,365,1994-07-16 04:00:00,-18.459991,-45.294033,2.424347,339.522500,-45.043700,1000.108000,340.750000,-44.250000,18.103960
19940438,366,1994-07-16 05:00:00,-17.974304,-45.475601,2.401989,340.439800,-45.372470,999.257300,342.000000,-44.500000,18.214820
19940438,367,1994-07-16 06:00:00,-17.347321,-45.684311,2.316728,341.345200,-45.616380,998.234700,342.750000,-44.750000,18.096280
19940438,368,1994-07-16 07:00:00,-17.318481,-45.878357,2.324876,342.302300,-45.931240,997.940100,343.750000,-45.000000,17.776070
19940438,369,1994-07-16 08:00:00,-17.381134,-46.043781,2.408948,-999.000000,-999.000000,997.292700,341.000000,-43.000000,17.336320
19940438,370,1994-07-16 09:00:00,-18.142914,-46.505547,2.414553,-999.000000,-999.000000,996.554300,340.750000,-51.000000,17.337600
19940438,371,1994-07-16 10:00:00,-17.020966,-46.724850,2.818414,-999.000000,-999.000000,996.474400,341.750000,-51.250000,17.333950
19940438,372,1994-07-16 11:00:00,-16.704285,-47.371506,2.950745,-999.000000,-999.000000,995.221300,343.000000,-53.250000,18.432460
19950483,492,1995-07-21 11:00:00,-36.694824,-37.118431,3.394485,324.508800,-36.726460,1018.145000,326.250000,-36.000000,12.149350
19950483,493,1995-07-21 12:00:00,-36.066650,-37.354385,3.317073,324.906600,-36.825240,1018.439000,326.750000,-36.000000,11.681170
19950483,494,1995-07-21 13:00:00,-35.459381,-37.561394,3.169482,325.079600,-36.948830,1018.605000,327.000000,-36.000000,11.318600
19950483,495,1995-07-21 14:00:00,-34.593384,-37.830677,3.114194,325.872900,-37.246810,1018.343000,327.000000,-35.000000,11.065470
19950483,496,1995-07-21 15:00:00,-33.830109,-38.017769,3.054289,326.535400,-37.400840,1017.737000,326.000000,-36.250000,10.935890
19950483,497,1995-07-21 16:00:00,-33.258423,-38.137970,2.928238,327.033000,-37.563980,1017.328000,326.500000,-36.250000,11.184020
19950483,498,1995-07-21 17:00:00,-32.607727,-38.266304,2.857582,327.514700,-37.724470,1017.408000,327.000000,-36.250000,11.313800
19950483,499,1995-07-21 18:00:00,-32.001465,-38.361607,2.807733,328.008900,-37.885640,1017.136000,327.750000,-36.500000,11.415030
19950483,500,1995-07-21 19:00:00,-31.496185,-38.409439,2.791186,328.510300,-38.021460,1017.356000,328.250000,-36.500000,11.523450
19950483,501,1995-07-21 20:00:00,-31.028625,-38.429386,2.742215,329.059800,-38.193870,1017.560000,328.750000,-36.750000,11.669300
19950483,502,1995-07-21 21:00:00,-30.593475,-38.440826,2.660486,329.706100,-38.389820,1017.785000,329.250000,-36.750000,11.799840
19950483,503,1995-07-21 22:00:00,-30.143616,-38.599094,2.437572,329.796300,-38.394860,1018.277000,329.750000,-36.750000,12.268050
19950483,504,1995-07-21 23:00:00,-29.487122,-38.653801,2.477748,330.486800,-38.598740,1018.214000,330.250000,-36.750000,12.412830
19950483,505,1995-07-22 00:00:00,-28.769073,-38.702663,2.552561,331.256600,-38.724500,1017.929000,330.750000,-36.750000,12.519770
19950483,506,1995-07-22 01:00:00,-28.111816,-38.694397,2.604985,331.989700,-38.788860,1017.689000,331.250000,-36.750000,12.491240
19950483,507,1995-07-22 02:00:00,-27.321869,-38.672432,2.713000,332.679400,-38.841510,1017.714000,332.000000,-36.750000,12.419150
19950483,508,1995-07-22 03:00:00,-26.569916,-38.604588,2.805384,333.188200,-38.872830,1017.489000,333.000000,-37.000000,12.449240
19950483,509,1995-07-22 04:00:00,-25.892609,-38.501236,2.826764,333.998700,-38.907340,1017.150000,333.500000,-36.750000,12.476860
19950483,510,1995-07-22 05:00:00,-25.254974,-38.395489,2.768280,334.758200,-38.891020,1017.186000,334.000000,-36.750000,12.372110
19950483,511,1995-07-22 06:00:00,-24.595520,-38.302277,2.674683,335.594600,-38.900710,1016.697000,334.000000,-36.500000,12.246690
19950483,512,1995-07-22 07:00:00,-23.910309,-38.219585,2.628550,336.311500,-38.858020,1016.988000,334.500000,-36.500000,12.167880
19950483,513,1995-07-22 08:00:00,-23.260681,-38.140209,2.553236,336.999700,-38.818510,1017.140000,334.500000,-36.250000,12.095880
19950483,514,1995-07-22 09:00:00,-22.592896,-38.085602,2.520252,337.578200,-38.732890,1017.332000,334.000000,-36.250000,12.215780
19950483,515,1995-07-22 10:00:00,-22.089325,-38.057049,2.108580,339.448600,-38.661960,1017.369000,341.000000,-37.750000,12.561650
19950483,516,1995-07-22 11:00:00,-21.476868,-37.911301,2.027105,339.465900,-38.750680,1017.552000,342.000000,-37.500000,12.172270
19950483,517,1995-07-22 12:00:00,-20.715759,-37.748291,2.023983,340.432200,-38.536750,1017.787000,338.000000,-43.500000,12.348460
19950483,518,1995-07-22 13:00:00,-20.121002,-37.561977,1.954034,341.251200,-38.369310,1017.817000,343.250000,-37.000000,12.377780
19950483,519,1995-07-22 14:00:00,-19.499054,-37.381710,1.918210,341.598700,-38.229290,1017.418000,337.000000,-35.500000,12.272980
19950483,520,1995-07-22 15:00:00,-18.941162,-37.173077,1.863434,342.209000,-38.101090,1016.869000,344.500000,-36.500000,12.381070
19950483,521,1995-07-22 16:00:00,-18.443909,-36.898830,1.736059,342.305900,-38.176030,1016.825000,338.000000,-35.250000,12.084310
19950483,522,1995-07-22 17:00:00,-17.987762,-36.609581,1.652542,342.895000,-37.998220,1016.819000,343.000000,-42.500000,12.197000
19950483,523,1995-07-22 18:00:00,-17.585297,-36.334347,1.541869,343.830900,-37.713500,1017.353000,343.250000,-42.250000,11.986200
19950483,524,1995-07-22 19:00:00,-17.274689,-36.042816,1.428961,344.737200,-37.420220,1017.700000,343.250000,-42.000000,11.385760
19950483,525,1995-07-22 20:00:00,-17.026154,-35.766872,1.319438,345.468000,-37.204520,1018.424000,342.750000,-41.750000,11.082540
19950483,526,1995-07-22 21:00:00,-16.761993,-35.530476,1.248334,346.221700,-36.848590,1019.118000,343.500000,-41.500000,11.151590
19890695,505,1989-10-22 00:00:00,-36.923645,-28.845196,2.120256,325.252900,-27.672800,1019.206000,324.750000,-31.500000,13.393110
19890695,506,1989-10-22 01:00:00,-37.151672,-28.970249,2.165992,325.327500,-28.292750,1018.936000,324.500000,-31.500000,13.470140
19890695,507,1989-10-22 02:00:00,-37.268677,-28.920876,2.169289,324.164200,-29.593630,1018.863000,324.750000,-31.750000,13.187350
19890695,508,1989-10-22 03:00:00,-37.240234,-28.984098,2.216068,323.999100,-29.587220,1018.399000,324.750000,-31.500000,13.154470
19890695,509,1989-10-22 04:00:00,-37.360413,-29.147030,2.223060,323.262700,-30.582960,1017.990000,324.000000,-31.500000,12.806280
19890695,510,1989-10-22 05:00:00,-37.567047,-29.413713,2.237672,323.251600,-30.757050,1017.769000,323.500000,-31.750000,13.239810
19890695,511,1989-10-22 06:00:00,-37.618622,-29.817091,2.282920,323.124100,-30.776920,1017.321000,323.500000,-31.750000,13.818080
19890695,512,1989-10-22 07:00:00,-37.539825,-30.226063,2.343718,323.029800,-30.808370,1017.484000,323.500000,-31.750000,14.097050
19890695,513,1989-10-22 08:00:00,-37.535400,-30.520180,2.362398,322.879400,-30.881640,1017.604000,323.500000,-31.750000,14.528480
19890695,514,1989-10-22 09:00:00,-37.482086,-30.775908,2.413655,322.843000,-30.900050,1017.922000,323.500000,-31.750000,14.778560
19890695,515,1989-10-22 10:00:00,-36.989624,-30.669653,2.573282,322.871600,-30.851440,1017.956000,323.500000,-31.750000,14.804810
19890695,516,1989-10-22 11:00:00,-36.827576,-30.798241,2.569077,322.869100,-30.801860,1018.409000,323.250000,-31.750000,14.449800
19890695,517,1989-10-22 12:00:00,-36.671265,-30.834396,2.532002,322.851500,-30.766070,1018.177000,323.000000,-31.750000,13.778230
19890695,518,1989-10-22 13:00:00,-36.506927,-31.002720,2.580497,322.853600,-30.739150,1018.200000,323.500000,-32.000000,13.874310
19890695,519,1989-10-22 14:00:00,-36.280670,-31.165066,2.618555,322.889100,-30.696000,1017.840000,323.500000,-32.250000,13.609810
19890695,520,1989-10-22 15:00:00,-36.176178,-31.317497,2.751126,322.950000,-30.653640,1017.469000,323.750000,-32.500000,13.478950
19890695,521,1989-10-22 16:00:00,-36.089294,-31.434906,2.842548,323.038200,-30.666100,1017.417000,323.750000,-32.500000,14.004590
19890695,522,1989-10-22 17:00:00,-36.041382,-31.536839,2.902360,323.103400,-30.614080,1017.341000,323.750000,-32.500000,13.789620
19890695,523,1989-10-22 18:00:00,-35.955963,-31.648823,2.998276,323.220100,-30.574920,1017.043000,324.000000,-32.750000,13.711130
19890695,524,1989-10-22 19:00:00,-35.922729,-31.767818,3.056344,323.328600,-30.588410,1017.355000,323.750000,-32.750000,13.161470
19890695,525,1989-10-22 20:00:00,-35.900726,-31.804907,3.058969,323.458800,-30.648940,1017.469000,323.750000,-32.750000,13.418070
19890695,526,1989-10-22 21:00:00,-35.878662,-31.899958,3.071645,323.537400,-30.716150,1017.388000,324.000000,-32.750000,13.165450
19890695,527,1989-10-22 22:00:00,-35.667053,-31.984703,3.197872,323.641100,-30.680050,1017.155000,324.250000,-33.000000,13.213320
19890695,528,1989-10-22 23:00:00,-35.643860,-32.034256,3.200524,323.729800,-31.629860,1017.487000,323.750000,-32.750000,12.523460
19890695,529,1989-10-23 00:00:00,-35.646423,-32.093433,3.203671,323.949200,-30.766650,1017.011000,323.500000,-32.750000,12.168630
19890695,530,1989-10-23 01:00:00,-35.656097,-32.067947,3.128152,324.103800,-30.988930,1016.834000,323.750000,-33.000000,11.902160
19890695,531,1989-10-23 02:00:00,-35.606171,-32.078419,3.130605,324.203700,-30.978670,1016.469000,323.250000,-32.750000,11.703890
19890695,532,1989-10-23 03:00:00,-35.526764,-32.037636,3.084829,324.242300,-31.035180,1016.005000,323.500000,-32.750000,11.527810
19890695,533,1989-10-23 04:00:00,-35.402466,-31.965740,3.022714,324.321400,-31.037340,1015.796000,323.500000,-33.000000,11.058040
19890695,534,1989-10-23 05:00:00,-35.208405,-31.918324,3.041207,324.427800,-31.078900,1015.624000,324.000000,-33.250000,10.748310
19890695,535,1989-10-23 06:00:00,-34.925354,-31.822399,3.103401,324.687100,-31.131590,1015.604000,324.000000,-33.250000,10.227700
19890695,536,1989-10-23 07:00:00,-34.648621,-31.750811,3.149672,324.734300,-31.259280,1015.680000,322.750000,-32.000000,9.852803
19890695,537,1989-10-23 08:00:00,-34.259216,-31.662182,3.224240,324.886700,-31.141440,1016.179000,322.750000,-31.750000,10.210960
19890695,538,1989-10-23 09:00:00,-33.904083,-31.623110,3.335840,325.083200,-31.134530,1016.554000,323.000000,-31.250000,10.487290
19890695,539,1989-10-23 10:00:00,-33.523590,-31.601007,3.396381,326.020600,-31.639000,1016.897000,329.750000,-31.500000,9.874703
19890695,540,1989-10-23 11:00:00,-33.340088,-31.524595,3.310251,326.132100,-31.563840,1017.113000,329.750000,-31.750000,10.537430
19890695,541,1989-10-23 12:00:00,-33.087067,-31.458700,3.292612,326.915000,-31.713430,1016.838000,330.000000,-32.000000,9.990705
19890695,542,1989-10-23 13:00:00,-32.777588,-31.425825,3.351761,327.505200,-32.410920,1016.748000,323.000000,-30.750000,9.707318
19890695,543,1989-10-23 14:00:00,-32.638794,-31.376883,3.326474,329.397800,-32.413510,1016.110000,323.250000,-30.500000,9.860766
19890695,544,1989-10-23 15:00:00,-32.387360,-31.325972,3.264349,329.513300,-32.476490,1015.736000,323.250000,-30.250000,9.925511
19890695,545,1989-10-23 16:00:00,-32.183228,-31.208368,3.210120,329.584600,-32.573940,1015.556000,323.250000,-30.500000,9.892695
19890695,546,1989-10-23 17:00:00,-32.023041,-31.047190,3.144130,329.772500,-32.574120,1015.617000,323.500000,-30.500000,9.873781
19890695,547,1989-10-23 18:00:00,-31.848877,-30.873602,3.057638,330.177800,-32.673320,1015.314000,326.750000,-33.000000,9.676521
19890695,548,1989-10-23 19:00:00,-31.643127,-30.692736,3.027571,330.253600,-32.682350,1015.970000,326.750000,-32.750000,9.681537
19890695,549,1989-10-23 20:00:00,-31.370087,-30.517815,2.968369,330.289400,-32.667590,1016.071000,326.000000,-32.250000,9.350184
19890695,550,1989-10-23 21:00:00,-30.942200,-30.321230,2.918302,330.384800,-32.693200,1016.296000,326.000000,-32.000000,9.277029
19890695,551,1989-10-23 22:00:00,-30.614655,-30.313166,2.810855,330.355500,-32.671590,1016.572000,325.250000,-31.500000,9.370281
19890695,552,1989-10-23 23:00:00,-30.057526,-30.186283,2.760056,330.710500,-32.717080,1016.672000,336.000000,-27.500000,9.938287
19890695,553,1989-10-24 00:00:00,-29.384491,-30.075403,2.690490,331.420400,-32.756390,1016.291000,335.750000,-26.750000,9.654146
19890695,554,1989-10-24 01:00:00,-28.681458,-30.073254,2.709876,331.561600,-32.748590,1016.197000,336.250000,-27.500000,9.729188
19890695,555,1989-10-24 02:00:00,-28.143768,-29.994436,2.688152,332.635000,-31.905360,1015.699000,336.750000,-27.750000,9.725161
19890695,556,1989-10-24 03:00:00,-27.717743,-29.945341,2.623979,333.252300,-31.590330,1015.778000,339.000000,-28.750000,9.461786
19890695,557,1989-10-24 04:00:00,-27.168488,-29.921165,2.537485,338.002000,-31.011780,1013.655000,339.250000,-29.500000,9.453936
19890695,558,1989-10-24 05:00:00,-26.774963,-29.911736,2.438058,338.622900,-31.210460,1013.188000,339.000000,-29.000000,9.619671
19890695,559,1989-10-24 06:00:00,-26.177551,-29.882248,2.328067,339.000500,-31.264790,1013.383000,338.500000,-28.250000,9.634315
19890695,560,1989-10-24 07:00:00,-25.501434,-29.787521,2.203812,339.673200,-31.419140,1013.515000,338.750000,-28.750000,10.122370
19890695,561,1989-10-24 08:00:00,-24.945129,-29.787994,2.068296,340.121300,-31.546110,1013.693000,339.250000,-28.750000,9.918324
19890695,562,1989-10-24 09:00:00,-24.107361,-29.754614,1.932700,340.810200,-31.618740,1013.962000,339.750000,-28.750000,10.213620
20100730,546,2010-10-23 17:00:00,-48.091522,-26.603113,1.825858,312.227700,-24.460390,1008.330000,317.750000,-24.250000,9.636929
20100730,547,2010-10-23 18:00:00,-47.385986,-26.798328,1.813437,-999.000000,-999.000000,1009.537000,317.750000,-24.000000,9.942179
20100730,548,2010-10-23 19:00:00,-46.827850,-26.775021,1.924988,312.074700,-24.548210,1007.468000,318.250000,-23.000000,10.674880
20100730,549,2010-10-23 20:00:00,-46.254639,-26.610630,2.040651,312.791000,-24.750210,1008.006000,318.500000,-22.750000,11.227580
20100730,550,2010-10-23 21:00:00,-45.373505,-26.457123,2.187364,315.139300,-25.756070,1007.936000,318.500000,-22.750000,11.238730
20100730,551,2010-10-23 22:00:00,-45.073059,-26.984951,2.152357,315.114700,-25.983590,1008.844000,318.250000,-25.500000,11.515090
20100730,552,2010-10-23 23:00:00,-44.599396,-26.661400,2.238539,315.301200,-25.952060,1009.089000,318.500000,-25.000000,11.465540
20100730,553,2010-10-24 00:00:00,-44.222534,-26.356678,2.217958,315.223100,-26.164140,1009.816000,319.250000,-25.500000,11.396850
20100730,554,2010-10-24 01:00:00,-43.797028,-26.064613,2.289138,315.431400,-26.217050,1009.868000,319.500000,-25.750000,11.522360
20100730,555,2010-10-24 02:00:00,-43.463440,-25.933733,2.264472,315.537700,-26.230760,1009.311000,319.500000,-25.500000,11.686120
20100730,556,2010-10-24 03:00:00,-43.079620,-25.838064,2.332439,315.605300,-26.236810,1008.733000,319.500000,-25.250000,12.340690
20100730,557,2010-10-24 04:00:00,-42.846558,-25.794228,2.336311,315.763400,-26.249940,1007.947000,320.000000,-25.250000,12.412350
20100730,558,2010-10-24 05:00:00,-42.661926,-25.814856,2.377276,316.002900,-26.248950,1007.922000,319.000000,-24.750000,12.095880
20100730,559,2010-10-24 06:00:00,-42.381866,-25.983051,2.417950,316.074000,-26.255500,1007.463000,319.500000,-25.000000,12.879570
20100730,560,2010-10-24 07:00:00,-42.194763,-26.020172,2.548452,316.341600,-26.297200,1007.906000,319.750000,-24.750000,12.940660
20100730,561,2010-10-24 08:00:00,-42.006805,-26.047924,2.537861,316.409800,-26.306320,1008.120000,320.500000,-24.750000,12.727340
20100730,562,2010-10-24 09:00:00,-41.812714,-26.096209,2.502332,316.516400,-26.280720,1008.739000,320.250000,-23.750000,12.400180
20100730,563,2010-10-24 10:00:00,-41.234253,-26.677061,2.240101,318.086500,-26.509340,1010.046000,320.000000,-23.750000,11.717330
20100730,564,2010-10-24 11:00:00,-40.928467,-26.704094,2.350214,318.383100,-26.494010,1010.443000,320.250000,-23.750000,11.544640
20100730,565,2010-10-24 12:00:00,-40.674652,-26.724268,2.443999,318.515600,-26.490390,1010.715000,319.500000,-22.750000,11.884630
20100730,566,2010-10-24 13:00:00,-40.397064,-26.769268,2.549882,318.674100,-26.604930,1010.753000,320.000000,-23.000000,11.775580
20100730,567,2010-10-24 14:00:00,-40.191498,-26.764122,2.691042,318.879100,-26.584130,1010.392000,320.250000,-23.000000,11.415160
20100730,568,2010-10-24 15:00:00,-39.892639,-26.715038,2.860258,319.160800,-26.639650,1009.606000,321.000000,-24.250000,11.057550
20100730,569,2010-10-24 16:00:00,-39.755005,-26.656834,2.993855,319.473400,-26.697230,1009.002000,321.250000,-25.750000,11.300390
20100730,570,2010-10-24 17:00:00,-39.563934,-26.655598,3.126934,319.700400,-26.721160,1008.816000,321.250000,-25.750000,11.583050
20100730,571,2010-10-24 18:00:00,-39.339355,-26.681461,3.188087,319.785500,-26.725360,1008.484000,321.750000,-25.750000,11.355860
20100730,572,2010-10-24 19:00:00,-39.140778,-26.667616,3.296818,319.849200,-26.710220,1008.490000,321.750000,-25.750000,10.880170
20100730,573,2010-10-24 20:00:00,-38.953156,-26.737619,3.299120,320.211500,-26.732070,1008.024000,320.000000,-27.500000,10.824660
20100730,574,2010-10-24 21:00:00,-38.788818,-26.760065,3.358007,320.366100,-26.733760,1008.141000,321.750000,-26.750000,11.208910
20100730,575,2010-10-24 22:00:00,-37.981171,-27.048100,3.400775,321.088200,-26.558170,1009.609000,322.250000,-25.500000,9.625842
20100730,576,2010-10-24 23:00:00,-37.681396,-27.156591,3.402265,321.660400,-25.997890,1010.796000,321.000000,-27.250000,9.793461
20100730,577,2010-10-25 00:00:00,-37.449402,-27.271564,3.343758,322.080300,-25.995620,1010.957000,321.000000,-27.250000,9.507091
20100730,578,2010-10-25 01:00:00,-37.197479,-27.265594,3.347866,322.263400,-26.092050,1010.881000,323.750000,-23.750000,10.109510
20100730,579,2010-10-25 02:00:00,-36.978424,-27.237253,3.257907,322.255600,-26.229280,1010.790000,324.000000,-24.000000,10.195900
20100730,580,2010-10-25 03:00:00,-36.760986,-27.258715,3.146264,322.398800,-26.229870,1010.114000,323.500000,-24.750000,10.447160
20100730,581,2010-10-25 04:00:00,-36.499023,-27.323460,3.008057,322.819700,-26.177040,1009.681000,323.750000,-24.750000,10.697360
20100730,582,2010-10-25 05:00:00,-36.184082,-27.345182,2.944622,323.004200,-26.177750,1009.263000,324.250000,-24.750000,10.899940
20100730,583,2010-10-25 06:00:00,-35.947449,-27.408831,2.810273,323.365600,-26.125880,1009.109000,324.500000,-24.750000,10.632980
20100730,584,2010-10-25 07:00:00,-35.631042,-27.541536,2.685113,323.543800,-26.162670,1009.338000,325.000000,-24.750000,10.361370
20100730,585,2010-10-25 08:00:00,-35.250336,-27.630535,2.700174,323.984400,-26.108190,1009.823000,325.750000,-24.500000,10.274350
20100730,586,2010-10-25 09:00:00,-34.825745,-27.795483,2.674661,324.182700,-26.168190,1010.169000,326.000000,-24.500000,9.944301
20100730,587,2010-10-25 10:00:00,-33.864044,-27.585327,2.787695,324.383200,-26.121920,1010.645000,325.500000,-26.250000,9.538976
20100730,588,2010-10-25 11:00:00,-33.438751,-27.826748,2.812665,325.033100,-25.969680,1011.218000,326.250000,-26.000000,9.281056
20100730,589,2010-10-25 12:00:00,-33.303680,-27.877441,2.814871,325.518600,-25.932350,1011.766000,326.750000,-25.750000,8.709297
20100730,590,2010-10-25 13:00:00,-32.918579,-28.107281,2.838197,325.608400,-25.975560,1011.788000,327.250000,-25.750000,8.694857
20100730,591,2010-10-25 14:00:00,-32.562439,-28.240864,2.803902,325.614900,-26.005570,1011.359000,329.250000,-30.750000,8.694019
20100730,592,2010-10-25 15:00:00,-32.423492,-28.285585,2.693706,325.919900,-26.048980,1011.046000,328.250000,-24.750000,8.760640
20100730,593,2010-10-25 16:00:00,-32.112091,-28.513237,2.577869,326.268300,-26.012780,1010.485000,327.000000,-32.250000,8.760158
20100730,594,2010-10-25 17:00:00,-31.972687,-28.510616,2.444304,-999.000000,-999.000000,1012.210000,327.750000,-32.750000,9.336412
20100730,595,2010-10-25 18:00:00,-31.867798,-28.446976,2.316458,324.004000,-25.990580,1009.881000,327.750000,-32.750000,9.447866
20100730,596,2010-10-25 19:00:00,-31.725067,-28.498877,2.122137,324.072300,-26.068670,1010.120000,328.250000,-32.750000,9.010904
20100730,597,2010-10-25 20:00:00,-31.479431,-28.641361,1.993010,-999.000000,-999.000000,1012.199000,328.500000,-33.000000,8.266368
20100730,598,2010-10-25 21:00:00,-31.821289,-28.374134,1.896886,-999.000000,-999.000000,1012.073000,329.250000,-31.750000,7.769279
20100730,599,2010-10-25 22:00:00,-30.390961,-28.652300,1.966365,326.915900,-26.013270,1010.955000,334.500000,-25.250000,8.220411
20100730,600,2010-10-25 23:00:00,-30.657440,-28.563644,1.908368,-999.000000,-999.000000,1013.773000,335.000000,-28.250000,8.325720
20100730,601,2010-10-26 00:00:00,-30.672241,-28.642382,1.888933,-999.000000,-999.000000,1014.047000,335.000000,-28.250000,9.283844
20100730,602,2010-10-26 01:00:00,-30.756134,-28.587297,1.834215,-999.000000,-999.000000,1013.464000,335.500000,-28.500000,9.353341
20100730,603,2010-10-26 02:00:00,-31.032684,-28.536860,1.773415,325.757900,-24.627600,1012.167000,335.250000,-28.500000,9.880811
20100730,604,2010-10-26 03:00:00,-31.511963,-28.461222,1.705743,325.894100,-26.040740,1011.651000,335.250000,-28.750000,9.480055
20100730,605,2010-10-26 04:00:00,-32.040131,-28.435030,1.654388,324.018000,-28.925550,1011.471000,331.750000,-26.000000,7.769146
20100730,606,2010-10-26 05:00:00,-32.407959,-28.483608,1.620252,-999.000000,-999.000000,1011.629000,332.000000,-26.250000,7.895368
20100730,607,2010-10-26 06:00:00,-32.700836,-28.606003,1.564373,-999.000000,-999.000000,1011.183000,331.500000,-26.500000,8.539454
20100730,608,2010-10-26 07:00:00,-32.831146,-28.884333,1.559601,325.918600,-28.235630,1010.724000,331.750000,-26.500000,8.228701
20100730,609,2010-10-26 08:00:00,-32.789703,-29.286131,1.536870,326.623900,-28.251030,1011.149000,331.750000,-27.000000,7.909405
20100730,610,2010-10-26 09:00:00,-32.809052,-29.577183,1.510977,326.800800,-32.750870,1011.422000,331.750000,-26.750000,8.004197
20100730,611,2010-10-26 10:00:00,-32.470612,-29.865786,1.533201,325.533300,-26.577930,1011.999000,331.250000,-26.250000,8.532003
20100730,612,2010-10-26 11:00:00,-32.308380,-30.117493,1.501497,327.253900,-27.137890,1011.902000,331.500000,-26.000000,8.337639
20100730,613,2010-10-26 12:00:00,-32.104797,-30.314100,1.439016,327.229500,-27.079730,1012.405000,329.000000,-35.750000,8.245364
20100730,614,2010-10-26 13:00:00,-31.690918,-30.480701,1.377031,327.823100,-27.468630,1012.229000,328.500000,-35.000000,8.296301
20100730,615,2010-10-26 14:00:00,-31.438965,-30.660118,1.286121,326.452200,-34.303890,1010.484000,328.750000,-35.000000,8.243012
20100730,616,2010-10-26 15:00:00,-31.246185,-30.661953,1.196573,-999.000000,-999.000000,1012.273000,329.750000,-36.250000,8.683941
20100730,617,2010-10-26 16:00:00,-30.805542,-30.659161,1.098705,329.561900,-29.289330,1010.851000,329.000000,-36.250000,8.452616
19860801,423,1986-12-18 14:00:00,-37.931488,-29.763037,3.015998,322.014700,-28.788140,1012.823000,320.250000,-28.750000,15.748090
19860801,424,1986-12-18 15:00:00,-36.709076,-30.399830,2.803814,326.525300,-31.485680,1012.883000,319.250000,-28.250000,16.886860
19860801,425,1986-12-18 16:00:00,-35.756042,-30.744280,3.118938,324.989000,-30.005820,1013.281000,321.500000,-28.750000,17.231330
19860801,426,1986-12-18 17:00:00,-35.125092,-30.875223,3.180741,325.974000,-30.475560,1012.871000,321.000000,-28.250000,17.680100
19860801,427,1986-12-18 18:00:00,-34.868439,-30.774996,3.106212,326.045500,-30.245850,1012.447000,321.500000,-28.250000,18.240850
19860801,428,1986-12-18 19:00:00,-34.011230,-31.081078,3.183651,326.812300,-30.546650,1012.442000,322.250000,-28.250000,18.276860
19860801,429,1986-12-18 20:00:00,-33.413239,-31.171465,3.366627,327.102600,-30.406520,1012.803000,322.750000,-28.250000,18.185340
19860801,430,1986-12-18 21:00:00,-33.253784,-30.990038,3.350145,327.680700,-30.446890,1013.192000,326.250000,-30.000000,18.430040
19860801,431,1986-12-18 22:00:00,-31.544800,-31.680811,3.292411,328.771900,-30.743180,1014.419000,326.250000,-29.500000,18.463000
19860801,432,1986-12-18 23:00:00,-30.765045,-31.878168,3.398894,329.755500,-30.956990,1015.181000,327.250000,-30.000000,17.319790
19860801,433,1986-12-19 00:00:00,-30.725555,-31.621517,3.349097,-999.000000,-999.000000,1017.035000,327.750000,-30.000000,15.673610
19860801,434,1986-12-19 01:00:00,-30.373932,-31.528938,3.308317,-999.000000,-999.000000,1016.769000,327.500000,-29.250000,14.539000
19860801,435,1986-12-19 02:00:00,-30.093903,-31.443905,3.069849,-999.000000,-999.000000,1016.553000,324.750000,-27.500000,13.391190
19860801,436,1986-12-19 03:00:00,-29.776978,-31.357050,3.093139,-999.000000,-999.000000,1016.040000,329.250000,-30.250000,12.763040
19860801,437,1986-12-19 04:00:00,-29.781006,-31.112473,2.974416,-999.000000,-999.000000,1016.564000,329.750000,-30.250000,13.445200
19860801,438,1986-12-19 05:00:00,-29.866089,-30.788860,2.691445,333.958300,-31.799480,1013.645000,330.500000,-30.500000,14.179850
19860801,439,1986-12-19 06:00:00,-28.778107,-31.229120,2.647288,332.984600,-30.958430,1013.814000,331.250000,-30.750000,14.464070
19860801,440,1986-12-19 07:00:00,-27.762054,-31.619856,2.707015,333.143200,-30.785460,1014.095000,331.500000,-30.500000,14.496570
19860801,441,1986-12-19 08:00:00,-28.024811,-31.093565,2.581415,333.658700,-30.898000,1014.563000,331.750000,-30.500000,13.992070
19860801,442,1986-12-19 09:00:00,-27.639618,-31.001474,2.566815,334.973500,-31.485660,1015.062000,332.250000,-30.500000,13.642800
19860801,443,1986-12-19 10:00:00,-27.177490,-30.875067,2.450799,334.551800,-31.213950,1015.762000,332.500000,-30.250000,13.083920
19860801,444,1986-12-19 11:00:00,-26.831573,-30.850836,2.492235,334.622100,-31.148120,1015.512000,332.500000,-30.000000,13.458580
19860801,445,1986-12-19 12:00:00,-27.038849,-30.530436,2.466951,334.833000,-31.024180,1015.874000,334.000000,-31.250000,13.776060
19860801,446,1986-12-19 13:00:00,-26.823578,-30.569214,2.424801,335.213500,-31.173890,1015.803000,334.750000,-31.500000,14.268630
19860801,447,1986-12-19 14:00:00,-26.437805,-30.717402,2.430127,335.463300,-31.023240,1015.949000,335.000000,-31.500000,14.696700
19860801,448,1986-12-19 15:00:00,-26.198914,-30.693169,2.456137,336.421200,-31.318990,1016.110000,335.250000,-31.250000,14.877690
19860801,449,1986-12-19 16:00:00,-25.606293,-30.842028,2.626818,336.026200,-30.893220,1016.130000,336.500000,-31.750000,14.178430
19860801,450,1986-12-19 17:00:00,-25.263611,-30.809652,2.773770,336.271100,-30.832900,1016.275000,336.250000,-31.500000,14.483080
19860801,451,1986-12-19 18:00:00,-24.958588,-30.737001,2.815031,336.892000,-30.899390,1015.930000,336.750000,-31.500000,14.628040
19860801,452,1986-12-19 19:00:00,-24.551758,-30.782619,2.881699,336.937600,-30.588260,1016.008000,336.250000,-31.000000,14.185810
19860801,453,1986-12-19 20:00:00,-24.087402,-30.818279,2.922080,337.302900,-30.637700,1016.019000,336.750000,-31.000000,14.277320
19860801,454,1986-12-19 21:00:00,-23.625854,-30.903561,2.978520,337.895500,-30.699290,1016.565000,337.250000,-31.000000,13.997050
19860801,455,1986-12-19 22:00:00,-24.329590,-30.121639,2.455258,-999.000000,-999.000000,1020.948000,337.250000,-30.750000,14.214550
19860801,456,1986-12-19 23:00:00,-24.136719,-30.083197,2.425358,-999.000000,-999.000000,1021.075000,337.750000,-30.750000,13.945180
19860801,457,1986-12-20 00:00:00,-23.325745,-30.314632,2.268298,341.380200,-31.864980,1017.679000,338.500000,-30.750000,13.608970
19860801,458,1986-12-20 01:00:00,-21.997406,-30.898300,2.165340,-999.000000,-999.000000,1020.347000,338.500000,-30.500000,13.479020
19860801,459,1986-12-20 02:00:00,-21.482422,-30.964403,2.167178,342.206000,-31.744860,1016.547000,338.500000,-30.250000,13.516500
19860801,460,1986-12-20 03:00:00,-21.363892,-30.833130,2.097715,342.323300,-31.742100,1016.223000,338.500000,-30.000000,13.171040
19860801,461,1986-12-20 04:00:00,-20.230499,-31.325495,1.994794,-999.000000,-999.000000,1018.789000,341.750000,-31.750000,13.134620
19860801,462,1986-12-20 05:00:00,-19.814606,-31.434965,2.002385,343.450800,-31.770540,1015.981000,342.500000,-32.000000,13.093350
19860801,463,1986-12-20 06:00:00,-19.641327,-31.435444,1.954112,343.914200,-31.886150,1016.589000,341.750000,-31.250000,12.343280
19860801,464,1986-12-20 07:00:00,-19.091003,-31.580957,1.945774,344.488700,-31.967690,1016.587000,342.500000,-31.500000,12.138910
19860801,465,1986-12-20 08:00:00,-19.169769,-31.412964,1.870307,-999.000000,-999.000000,1019.970000,342.000000,-31.000000,11.759660
19860801,466,1986-12-20 09:00:00,-19.241852,-31.327454,1.848021,345.133100,-31.938290,1017.400000,343.500000,-31.750000,11.856990
20150840,271,2015-12-12 06:00:00,-58.161591,-32.116959,1.075443,301.901200,-32.983230,1002.255000,297.000000,-28.000000,11.357920
20150840,272,2015-12-12 07:00:00,-57.551880,-32.229259,1.402981,302.732500,-32.906930,1002.797000,309.500000,-32.000000,10.269360
20150840,273,2015-12-12 08:00:00,-56.949219,-32.361614,1.621652,303.183900,-32.243190,1002.705000,310.000000,-31.750000,11.187290
20150840,274,2015-12-12 09:00:00,-56.566162,-32.360844,1.758126,304.206400,-33.665250,1002.988000,310.500000,-32.000000,11.751050
20150840,275,2015-12-12 10:00:00,-56.217621,-32.309383,1.909164,303.841300,-32.846250,1003.897000,310.750000,-31.750000,12.065570
20150840,276,2015-12-12 11:00:00,-55.652100,-32.671021,1.939639,304.049400,-32.676770,1004.417000,311.000000,-31.500000,11.783810
20150840,277,2015-12-12 12:00:00,-55.185547,-32.835678,1.969309,304.282300,-31.898060,1003.865000,311.250000,-30.500000,12.391960
20150840,278,2015-12-12 13:00:00,-54.837921,-32.955219,1.911921,305.383400,-33.195830,1004.178000,311.750000,-31.500000,12.051210
20150840,279,2015-12-12 14:00:00,-53.376740,-34.427872,2.283438,307.305400,-34.298090,1003.528000,313.250000,-34.250000,12.142270
20150840,280,2015-12-12 15:00:00,-52.920410,-34.946190,2.186379,307.049900,-34.523240,1004.434000,313.250000,-34.500000,11.919870
20150840,281,2015-12-12 16:00:00,-52.454071,-35.403801,2.050638,306.813400,-36.008980,1003.922000,312.000000,-31.250000,11.960240
20150840,282,2015-12-12 17:00:00,-51.724426,-35.775379,1.974371,308.207400,-36.587310,1003.436000,312.250000,-31.500000,12.023200
20150840,283,2015-12-12 18:00:00,-51.052063,-35.813354,2.013238,308.007200,-36.909280,1003.526000,312.750000,-35.750000,11.657260
20150840,284,2015-12-12 19:00:00,-50.384949,-36.087757,2.077973,307.904600,-37.361990,1003.442000,312.000000,-36.250000,12.389510
20150840,285,2015-12-12 20:00:00,-49.723541,-36.236980,2.166866,308.591000,-37.904630,1003.465000,313.000000,-36.250000,12.805880
20150840,286,2015-12-12 21:00:00,-49.019012,-36.465660,2.289202,308.925900,-37.397360,1003.023000,313.500000,-36.250000,12.964860
20150840,287,2015-12-12 22:00:00,-48.467560,-36.783432,2.494395,309.601200,-37.870090,1002.310000,313.750000,-37.000000,12.969210
20150840,288,2015-12-12 23:00:00,-47.957123,-37.203838,2.651581,310.154900,-37.951630,1002.734000,314.000000,-37.000000,13.335390
20150840,289,2015-12-13 00:00:00,-47.521088,-37.527626,2.811405,310.836300,-38.277850,1003.016000,314.000000,-36.750000,13.284470
20150840,290,2015-12-13 01:00:00,-47.065308,-37.957245,2.912277,311.489000,-38.748520,1003.065000,313.750000,-37.000000,13.068750
20150840,291,2015-12-13 02:00:00,-45.549896,-38.763206,3.348182,-999.000000,-999.000000,1004.870000,315.250000,-37.250000,12.598640
20150840,292,2015-12-13 03:00:00,-45.041931,-39.234646,3.355320,-999.000000,-999.000000,1004.471000,315.500000,-37.250000,12.480580
20150840,293,2015-12-13 04:00:00,-44.576752,-39.702087,3.401856,314.080100,-40.646370,1003.260000,316.500000,-38.000000,12.742040
20150840,294,2015-12-13 05:00:00,-44.129639,-40.057274,3.375862,314.676200,-40.702550,1003.152000,316.750000,-38.000000,13.317390
20150840,295,2015-12-13 06:00:00,-43.663452,-40.318367,3.281569,315.196500,-40.999150,1002.758000,317.000000,-38.250000,13.511430
20150840,296,2015-12-13 07:00:00,-43.159698,-40.632332,3.250696,315.902500,-41.288830,1002.124000,318.000000,-40.250000,13.759320
20150840,297,2015-12-13 08:00:00,-42.726196,-40.989712,3.231525,316.363600,-41.597120,1001.614000,318.250000,-40.500000,13.999940
20150840,298,2015-12-13 09:00:00,-42.325592,-41.446941,3.337808,316.935500,-41.932140,1001.166000,317.000000,-47.250000,14.786370
20150840,299,2015-12-13 10:00:00,-41.900970,-42.091507,3.368194,317.599900,-42.267110,1001.029000,314.000000,-47.250000,15.205320
20150840,300,2015-12-13 11:00:00,-41.468689,-42.781212,3.439796,318.336100,-42.674030,1000.847000,314.250000,-47.750000,15.554140
