19860005,59,1986-01-03 10:00:00,300.368011,-36.622921,3.562000,299.770000,-35.905460,1006.103000,296.750000,-41.500000,9.719896
19860005,60,1986-01-03 11:00:00,300.617096,-36.456867,3.461070,299.922900,-36.265420,1006.081000,300.000000,-39.750000,9.380515
19860005,61,1986-01-03 12:00:00,300.877075,-36.274548,3.247544,300.924800,-36.261080,1005.784000,299.750000,-40.250000,9.861578
19860005,62,1986-01-03 13:00:00,301.115967,-36.174576,3.024433,301.168000,-36.227950,1005.603000,300.000000,-40.750000,9.822345
19860005,63,1986-01-03 14:00:00,301.502502,-35.907177,2.892402,301.216600,-35.994190,1005.692000,300.000000,-41.000000,8.998786
19860005,64,1986-01-03 15:00:00,302.072968,-35.690914,2.535020,302.276600,-35.529050,1005.331000,298.000000,-40.750000,9.079027
19860005,65,1986-01-03 16:00:00,302.372528,-35.764893,2.352343,302.289000,-35.325750,1005.338000,298.000000,-40.500000,9.296843
19860005,66,1986-01-03 17:00:00,302.867676,-35.867580,2.073206,302.431300,-35.328170,1005.142000,297.750000,-40.250000,9.178443
19860005,67,1986-01-03 18:00:00,303.166229,-36.057167,2.060506,301.975200,-35.921830,1005.335000,298.250000,-40.250000,9.303909
19860005,68,1986-01-03 19:00:00,303.390900,-36.372990,2.066998,300.987800,-35.576020,1004.891000,298.750000,-40.750000,9.594598
19860005,69,1986-01-03 20:00:00,303.563843,-36.659019,2.145500,302.876800,-35.199750,1004.946000,298.500000,-39.750000,10.168610
19860005,70,1986-01-03 21:00:00,303.841339,-36.941456,2.220451,302.626400,-34.982980,1004.604000,298.500000,-39.500000,10.625470
19860005,71,1986-01-03 22:00:00,304.318604,-35.789768,2.613775,304.171100,-34.343440,1003.969000,305.750000,-35.000000,10.570840
19860005,72,1986-01-03 23:00:00,304.444061,-35.851814,2.645238,304.310400,-34.418090,1004.334000,305.750000,-35.000000,10.629420
19860005,73,1986-01-04 00:00:00,304.545410,-35.948559,2.612660,304.453600,-34.499700,1004.520000,306.000000,-35.000000,10.560560
19860005,74,1986-01-04 01:00:00,304.662292,-35.880455,2.539862,304.958000,-34.902520,1005.448000,306.500000,-34.750000,10.325950
19860005,75,1986-01-04 02:00:00,304.833282,-35.601048,2.363886,304.943200,-35.098300,1005.343000,306.500000,-34.750000,10.279220
19860005,76,1986-01-04 03:00:00,305.053375,-35.229431,2.358573,305.009700,-35.171280,1005.292000,306.750000,-34.500000,10.035270
19860005,77,1986-01-04 04:00:00,305.244049,-34.886482,2.281947,305.011600,-35.234570,1005.083000,306.750000,-34.500000,9.967157
19860005,78,1986-01-04 05:00:00,305.424988,-34.697117,2.266759,305.064300,-35.090260,1004.785000,308.500000,-34.250000,9.774583
19860005,79,1986-01-04 06:00:00,305.575531,-34.539917,2.221173,305.200000,-35.156830,1004.470000,306.750000,-34.500000,9.400268
19860005,80,1986-01-04 07:00:00,305.744751,-34.255974,2.193638,305.728600,-35.403140,1004.189000,306.750000,-34.250000,8.864289
19860005,81,1986-01-04 08:00:00,305.897919,-34.124588,2.187458,305.957400,-35.261250,1004.416000,303.500000,-35.250000,9.097347
19860005,82,1986-01-04 09:00:00,306.082062,-33.742695,2.204495,306.715100,-32.905820,1004.932000,304.000000,-35.000000,9.049064
19860005,83,1986-01-04 10:00:00,306.327332,-33.086674,2.742065,307.295400,-32.489430,1004.859000,304.000000,-35.000000,10.423180
19860005,84,1986-01-04 11:00:00,306.539490,-32.788616,2.784345,307.552600,-32.633300,1005.205000,311.750000,-29.000000,9.776066
19860005,85,1986-01-04 12:00:00,306.754456,-32.523552,2.766896,307.515100,-32.101230,1005.210000,311.750000,-28.750000,9.681549
19860005,86,1986-01-04 13:00:00,307.018738,-32.568047,2.630104,307.512000,-32.038010,1004.953000,312.000000,-28.500000,9.490561
19860005,87,1986-01-04 14:00:00,307.055450,-32.497093,2.655878,307.536600,-31.941340,1005.241000,312.000000,-28.500000,9.537835
19860005,88,1986-01-04 15:00:00,307.430084,-32.687378,2.583301,307.599900,-32.632020,1005.291000,306.000000,-34.750000,10.312320
19860005,89,1986-01-04 16:00:00,307.860718,-32.743385,2.522422,307.676500,-32.567230,1005.131000,306.250000,-34.750000,10.863650
19860005,90,1986-01-04 17:00:00,308.324005,-32.785999,2.532077,308.241900,-30.997110,1004.338000,306.750000,-34.500000,11.287730
19860005,91,1986-01-04 18:00:00,308.809937,-32.387711,2.572338,309.370800,-30.798580,1004.153000,306.750000,-34.250000,11.910530
19860005,92,1986-01-04 19:00:00,309.227051,-32.184856,2.737431,309.432400,-30.592040,1004.264000,307.000000,-33.750000,12.263200
19860005,93,1986-01-04 20:00:00,309.442780,-32.084377,2.769873,309.509300,-30.528190,1003.865000,307.000000,-33.750000,12.322120
19860005,94,1986-01-04 21:00:00,309.805237,-32.193035,2.773337,310.297200,-31.458770,1004.441000,307.000000,-33.750000,12.387940
19860005,95,1986-01-04 22:00:00,310.487244,-32.084435,3.079021,310.767600,-31.463260,1004.017000,308.250000,-33.750000,13.109120
19860005,96,1986-01-04 23:00:00,310.747192,-31.945339,3.111313,310.770200,-31.535540,1004.682000,308.250000,-33.000000,12.744160
19860005,97,1986-01-05 00:00:00,311.020630,-31.857740,3.164817,311.303600,-31.326830,1005.041000,308.750000,-33.000000,12.715820
19860005,98,1986-01-05 01:00:00,311.273224,-31.845718,3.108452,312.066300,-31.044600,1005.655000,308.500000,-31.250000,12.843140
19860005,99,1986-01-05 02:00:00,311.473297,-31.875465,3.085131,312.207200,-31.528790,1005.602000,308.500000,-31.250000,12.898800
19860005,100,1986-01-05 03:00:00,311.794708,-32.040707,3.118067,312.047700,-31.731930,1004.781000,309.750000,-32.750000,12.615220
19860005,101,1986-01-05 04:00:00,312.062073,-32.172787,3.195138,312.602200,-32.066180,1004.238000,310.000000,-32.500000,12.643110
19860005,102,1986-01-05 05:00:00,312.389008,-32.194870,3.333223,313.596300,-31.428360,1003.616000,310.250000,-31.500000,12.658960
19860005,103,1986-01-05 06:00:00,312.706238,-32.245049,3.523631,313.688400,-31.876320,1003.348000,310.500000,-31.000000,12.491390
19860005,104,1986-01-05 07:00:00,312.956879,-32.247189,3.658507,314.219100,-31.623130,1002.926000,311.000000,-31.250000,12.400530
19860005,105,1986-01-05 08:00:00,313.286072,-32.280102,3.906105,314.430000,-31.749420,1003.491000,315.750000,-30.750000,12.614750
19860005,106,1986-01-05 09:00:00,313.592865,-32.132412,3.857192,314.704700,-31.983890,1003.430000,316.250000,-30.750000,12.949130
19860005,107,1986-01-05 10:00:00,314.879028,-32.600735,4.162870,314.787400,-32.554320,1002.459000,312.000000,-32.250000,12.964200
19860005,108,1986-01-05 11:00:00,315.152008,-32.653923,4.451172,315.208300,-32.655200,1002.424000,316.500000,-31.000000,13.593740
19860005,109,1986-01-05 12:00:00,315.435974,-32.697105,4.426196,315.526100,-32.652370,1002.437000,316.750000,-31.250000,13.128220
19860005,110,1986-01-05 13:00:00,315.720825,-32.779667,4.396186,315.998200,-32.651540,1001.738000,312.500000,-28.000000,12.782760
19860005,111,1986-01-05 14:00:00,316.011780,-32.734993,4.532652,316.395100,-32.652070,1001.344000,317.750000,-31.750000,13.095240
19860005,112,1986-01-05 15:00:00,316.278625,-32.767269,4.496838,316.682600,-32.647560,1000.790000,312.500000,-27.750000,12.860220
19860005,113,1986-01-05 16:00:00,316.566742,-32.718143,4.513081,316.974000,-32.698470,1000.259000,315.000000,-32.250000,12.859550
19860005,114,1986-01-05 17:00:00,316.849762,-32.553928,4.412722,317.372200,-32.710020,1000.365000,318.750000,-32.250000,12.834530
19860005,115,1986-01-05 18:00:00,317.147583,-32.635887,4.224717,317.745700,-32.739680,1000.030000,319.000000,-31.000000,12.536620
19860005,116,1986-01-05 19:00:00,317.538391,-32.608753,4.241853,318.027100,-32.723590,999.791100,322.500000,-29.500000,12.573840
19860005,117,1986-01-05 20:00:00,317.896759,-32.549999,4.208259,318.417200,-32.738930,1000.292000,322.750000,-29.750000,13.337360
19860005,118,1986-01-05 21:00:00,318.370148,-32.380684,4.211642,318.735000,-32.760590,1000.644000,323.000000,-30.000000,13.632220
19860005,119,1986-01-05 22:00:00,319.680176,-33.620251,3.569106,319.281200,-32.863280,1003.666000,323.250000,-30.250000,12.774310
19860005,120,1986-01-05 23:00:00,320.284943,-33.427532,3.683977,319.932400,-32.823590,1004.282000,323.750000,-30.500000,13.175680
19860005,121,1986-01-06 00:00:00,320.851288,-33.466637,3.747786,321.021200,-32.887080,1004.683000,324.250000,-30.750000,13.350290
19860005,122,1986-01-06 01:00:00,321.406738,-33.393730,3.800264,321.519600,-32.944320,1004.886000,324.500000,-31.000000,14.285500
19860005,123,1986-01-06 02:00:00,321.955505,-33.162788,3.875983,322.119200,-32.966750,1004.689000,324.750000,-31.250000,14.437970
19860005,124,1986-01-06 03:00:00,322.422729,-33.048096,3.883968,322.478500,-33.018590,1003.990000,325.500000,-31.500000,14.912190
19860005,125,1986-01-06 04:00:00,322.851776,-32.769688,3.957744,323.229900,-33.024280,1003.396000,325.750000,-31.750000,14.921850
19860005,126,1986-01-06 05:00:00,323.293640,-32.500614,4.134484,323.759300,-32.879780,1002.003000,326.250000,-32.000000,14.750160
19860005,127,1986-01-06 06:00:00,323.782837,-32.303200,4.232332,324.857300,-34.301440,1002.058000,326.500000,-32.500000,15.797640
19860005,128,1986-01-06 07:00:00,324.202545,-32.289505,4.279980,325.437200,-35.708910,1001.734000,326.750000,-32.750000,18.122820
19860005,129,1986-01-06 08:00:00,324.793610,-32.347115,4.536040,325.777000,-37.100300,1002.340000,327.250000,-33.000000,16.998620
19860005,130,1986-01-06 09:00:00,325.285004,-32.503891,4.557882,326.287800,-35.897600,1002.373000,328.000000,-33.500000,17.544060
19860005,131,1986-01-06 10:00:00,326.187469,-32.780319,4.206265,328.285600,-34.057620,1001.064000,328.500000,-33.750000,17.109520
19860005,132,1986-01-06 11:00:00,326.803314,-33.177700,4.297113,328.991600,-34.447370,1000.832000,329.000000,-34.000000,17.951480
19860005,133,1986-01-06 12:00:00,327.532196,-33.807621,4.297763,329.596700,-34.825490,1000.591000,329.750000,-34.500000,17.048000
19860005,134,1986-01-06 13:00:00,328.289520,-34.173157,4.456742,330.138100,-35.185060,1000.394000,328.250000,-29.000000,16.808240
19860005,135,1986-01-06 14:00:00,328.936920,-34.231133,4.656610,330.855400,-35.590670,999.776200,328.750000,-29.250000,18.743640
19860005,136,1986-01-06 15:00:00,329.623230,-34.726341,4.668933,-999.000000,-999.000000,1002.996000,329.500000,-29.750000,18.717450
19860005,137,1986-01-06 16:00:00,330.370758,-35.091423,4.715090,-999.000000,-999.000000,1002.177000,330.000000,-29.750000,17.777110
19860005,138,1986-01-06 17:00:00,331.037170,-35.273739,4.875776,-999.000000,-999.000000,1001.347000,331.000000,-30.250000,18.531630
19860005,139,1986-01-06 18:00:00,331.710327,-35.543545,5.082495,-999.000000,-999.000000,1001.172000,331.750000,-30.500000,17.605590
19860005,140,1986-01-06 19:00:00,332.425873,-36.007271,5.130694,-999.000000,-999.000000,1000.058000,335.250000,-34.000000,17.944350
19860005,141,1986-01-06 20:00:00,333.216400,-36.335796,5.264518,-999.000000,-999.000000,999.802100,336.000000,-34.500000,18.599350
19860005,142,1986-01-06 21:00:00,334.035797,-36.617943,5.264671,335.072900,-38.683170,994.268800,337.000000,-35.250000,19.864570
19860005,143,1986-01-06 22:00:00,334.975952,-38.120972,5.061766,335.766800,-39.324540,991.918600,336.250000,-38.750000,20.067230
19860005,144,1986-01-06 23:00:00,335.728180,-38.311165,4.923338,336.544000,-39.773650,991.383500,338.750000,-36.000000,20.146320
19860005,145,1986-01-07 00:00:00,336.694366,-38.693966,4.978721,337.302400,-40.203980,990.444900,339.500000,-36.750000,20.800090
19860005,146,1986-01-07 01:00:00,337.577576,-38.964813,5.042426,338.084300,-40.641260,988.870200,340.500000,-37.250000,21.776900
19860005,147,1986-01-07 02:00:00,338.620728,-39.420055,5.297569,338.780200,-41.050120,987.698700,341.250000,-37.750000,21.992700
19860005,148,1986-01-07 03:00:00,339.591034,-39.837849,5.518085,339.567600,-41.441970,986.391100,342.500000,-38.250000,21.733920
19860005,149,1986-01-07 04:00:00,340.529144,-40.167282,5.561997,340.359100,-41.842760,985.141400,343.250000,-39.000000,21.231290
19860005,150,1986-01-07 05:00:00,341.483551,-40.621582,5.663722,341.751500,-43.747430,984.851900,344.000000,-39.500000,21.092100
19860005,151,1986-01-07 06:00:00,342.423126,-40.959843,5.675368,-999.000000,-999.000000,988.413600,345.000000,-40.000000,20.869210
19860005,152,1986-01-07 07:00:00,343.321625,-41.402107,5.625592,-999.000000,-999.000000,987.434100,345.500000,-40.500000,20.566560
19860005,153,1986-01-07 08:00:00,344.248779,-41.911243,5.707527,-999.000000,-999.000000,986.068600,346.250000,-41.000000,20.440180
19860005,154,1986-01-07 09:00:00,345.178314,-42.426758,5.706176,-999.000000,-999.000000,984.739600,347.500000,-41.500000,20.018620
19860005,155,1986-01-07 10:00:00,345.877319,-43.960228,5.830206,345.287600,-45.669710,976.845600,348.250000,-42.250000,20.365400
19860005,156,1986-01-07 11:00:00,346.845032,-44.452396,5.825349,346.413500,-46.203850,976.248800,346.000000,-42.750000,19.798320
19860005,157,1986-01-07 12:00:00,347.805115,-44.921051,5.865719,346.844100,-46.780390,974.991300,347.250000,-43.000000,19.218070
19860005,158,1986-01-07 13:00:00,348.687744,-45.500107,6.105549,348.144200,-49.267630,973.055500,348.000000,-43.500000,18.835780
19860005,159,1986-01-07 14:00:00,349.610504,-45.955818,6.336846,348.877600,-49.731100,971.312900,348.750000,-44.000000,18.896620
19860005,160,1986-01-07 15:00:00,350.540344,-46.405853,6.558355,348.922300,-49.791080,969.749000,349.750000,-44.250000,19.020640
19860005,161,1986-01-07 16:00:00,351.404968,-46.900757,6.692521,349.337900,-50.101810,968.458900,350.500000,-44.750000,19.091110
19860005,162,1986-01-07 17:00:00,352.162506,-47.480145,6.857378,349.575800,-50.477730,966.923000,351.500000,-45.000000,19.188510
19860005,163,1986-01-07 18:00:00,352.789520,-48.104069,6.969816,349.957400,-50.760380,965.747100,352.750000,-45.250000,19.123470
19860005,164,1986-01-07 19:00:00,353.289337,-48.674885,7.074931,350.043400,-50.973030,964.515700,354.000000,-45.500000,19.068880
19860005,165,1986-01-07 20:00:00,353.721161,-49.157169,7.119679,350.389400,-51.184930,963.412500,354.750000,-46.000000,19.081000
19860005,166,1986-01-07 21:00:00,353.767426,-49.626892,7.238597,350.532900,-51.382790,962.411300,355.750000,-46.500000,19.342110
19860005,167,1986-01-07 22:00:00,352.946381,-50.115398,7.036643,350.674700,-51.456670,961.591200,356.750000,-47.000000,18.962480
19860005,168,1986-01-07 23:00:00,352.984802,-50.412994,7.247354,351.050400,-51.582920,960.418800,358.000000,-47.250000,19.041700
19860005,169,1986-01-08 00:00:00,353.286957,-50.630276,7.389534,351.253600,-51.698140,959.921200,359.250000,-47.500000,18.876000
19860005,170,1986-01-08 01:00:00,353.606476,-50.832901,7.633586,351.534900,-51.795090,959.115700,0.250000,-48.000000,18.596100
19860005,171,1986-01-08 02:00:00,353.874847,-51.002766,7.919986,352.050500,-51.912350,958.010700,348.000000,-49.000000,18.259510
19860005,172,1986-01-08 03:00:00,354.152740,-51.137447,8.177135,352.490900,-51.990460,957.447800,348.000000,-49.500000,18.759500
19860005,173,1986-01-08 04:00:00,354.440582,-51.265156,8.376188,352.847000,-52.055460,956.994800,350.250000,-48.500000,18.878620
19860005,174,1986-01-08 05:00:00,354.803589,-51.349380,8.584578,353.251100,-52.102620,956.811400,351.000000,-48.750000,19.127320
19860005,175,1986-01-08 06:00:00,355.281006,-51.422081,8.717251,353.778400,-52.146800,956.728200,351.000000,-49.000000,19.280780
19860005,176,1986-01-08 07:00:00,355.800964,-51.494194,8.818443,354.239700,-52.230270,956.857100,351.250000,-49.500000,19.498100
19860005,177,1986-01-08 08:00:00,356.301788,-51.552338,8.924475,354.794400,-52.320840,956.797600,349.500000,-51.000000,19.885130
19860005,178,1986-01-08 09:00:00,356.781525,-51.602592,9.034153,355.039400,-52.333480,956.657300,349.750000,-51.000000,20.254690
19860005,179,1986-01-08 10:00:00,357.057465,-51.630383,8.963784,355.508900,-52.310150,957.100900,352.500000,-50.500000,20.787070
19860005,180,1986-01-08 11:00:00,357.615265,-51.660843,8.843780,355.942100,-52.213940,957.713400,353.250000,-50.500000,20.890860
19860005,181,1986-01-08 12:00:00,358.234131,-51.660694,8.716180,356.586300,-52.162420,958.100600,353.750000,-50.750000,21.326240
19860005,182,1986-01-08 13:00:00,358.888519,-51.651928,8.676919,357.530600,-52.205570,958.660300,358.000000,-48.750000,21.137070
19860005,183,1986-01-08 14:00:00,359.495667,-51.646336,8.691335,359.221100,-52.494420,958.934600,356.250000,-50.000000,21.518530
19860005,184,1986-01-08 15:00:00,0.108846,-51.640755,8.725529,0.000000,-52.513300,958.974000,0.000000,-48.500000,21.102480
19860005,185,1986-01-08 16:00:00,0.618828,-51.626778,8.727343,3.127216,-53.201580,958.458600,0.000000,-48.500000,21.383550
19860005,186,1986-01-08 17:00:00,1.116627,-51.615177,8.609850,2.752347,-53.065650,958.715100,0.250000,-49.500000,22.551910
19860005,187,1986-01-08 18:00:00,1.467629,-51.560276,8.492857,2.725283,-52.935140,959.301600,0.250000,-49.750000,24.413650
19860005,188,1986-01-08 19:00:00,1.843761,-51.495953,8.330966,2.295840,-52.643270,960.017100,0.750000,-49.750000,24.906620
19860005,189,1986-01-08 20:00:00,2.302565,-51.447617,8.066822,2.797594,-52.672760,960.759200,0.000000,-49.500000,24.258610
19860005,190,1986-01-08 21:00:00,2.729055,-51.349293,7.994149,2.837444,-52.519680,961.700200,2.500000,-49.000000,23.822350
19860005,191,1986-01-08 22:00:00,4.039572,-51.205246,7.923810,3.385592,-52.431850,962.869900,1.250000,-49.500000,24.485650
19860005,192,1986-01-08 23:00:00,4.525306,-51.136997,7.894465,4.747814,-52.184490,964.125900,2.500000,-49.500000,23.237900
19860005,193,1986-01-09 00:00:00,5.084486,-51.082718,7.757898,5.743227,-51.955640,964.995600,4.000000,-48.750000,24.198260
19860005,194,1986-01-09 01:00:00,5.684937,-51.018848,7.592870,6.790681,-51.950130,965.640100,3.500000,-48.500000,24.823060
19860005,195,1986-01-09 02:00:00,6.378530,-50.935528,7.426053,-999.000000,-999.000000,967.384500,4.750000,-48.750000,24.153280
19860005,196,1986-01-09 03:00:00,7.181413,-50.857773,7.238489,-999.000000,-999.000000,968.262800,3.250000,-48.500000,23.999110
19860005,197,1986-01-09 04:00:00,7.956496,-50.749153,7.062495,-999.000000,-999.000000,969.308600,4.000000,-48.750000,23.120650
19860005,198,1986-01-09 05:00:00,8.761913,-50.664734,6.810002,-999.000000,-999.000000,970.535800,3.500000,-48.500000,22.699780
19860005,199,1986-01-09 06:00:00,9.490114,-50.586781,6.523656,-999.000000,-999.000000,971.872600,4.000000,-48.750000,21.952590
19860005,200,1986-01-09 07:00:00,10.243355,-50.535797,6.299717,-999.000000,-999.000000,972.713900,4.000000,-48.500000,21.563190
19860005,201,1986-01-09 08:00:00,10.985217,-50.468117,6.192450,-999.000000,-999.000000,973.973300,13.500000,-47.250000,20.915530
19860005,202,1986-01-09 09:00:00,11.796168,-50.435375,6.073452,-999.000000,-999.000000,974.690700,10.250000,-45.750000,20.639950
19860005,203,1986-01-09 10:00:00,12.189486,-50.235905,6.023496,-999.000000,-999.000000,976.371700,10.500000,-46.500000,20.383020
19860005,204,1986-01-09 11:00:00,13.064585,-50.224209,5.921645,-999.000000,-999.000000,977.062600,10.500000,-46.500000,20.154170
19860005,205,1986-01-09 12:00:00,13.920849,-50.241306,5.792379,-999.000000,-999.000000,977.860800,10.000000,-48.000000,19.891510
19860005,206,1986-01-09 13:00:00,14.835752,-50.255386,5.647297,-999.000000,-999.000000,978.473100,15.750000,-45.250000,19.971620
19860005,207,1986-01-09 14:00:00,15.694636,-50.222893,5.541319,-999.000000,-999.000000,979.122200,16.000000,-45.500000,20.246090
19860005,208,1986-01-09 15:00:00,16.480997,-50.201599,5.407326,-999.000000,-999.000000,979.811600,16.250000,-45.500000,20.255210
19860005,209,1986-01-09 16:00:00,17.271469,-50.186665,5.277772,-999.000000,-999.000000,980.327200,16.000000,-45.500000,20.183790
19860005,210,1986-01-09 17:00:00,18.085827,-50.202454,5.167976,-999.000000,-999.000000,981.414800,16.250000,-45.500000,19.773960
19860005,211,1986-01-09 18:00:00,19.094620,-50.329308,5.032212,-999.000000,-999.000000,982.038800,16.250000,-45.750000,19.659080
19860005,212,1986-01-09 19:00:00,20.033352,-50.453053,4.882575,-999.000000,-999.000000,982.526600,16.000000,-47.500000,18.815170
19860005,213,1986-01-09 20:00:00,20.966368,-50.597176,4.719761,-999.000000,-999.000000,982.940700,16.500000,-47.500000,18.645510
19860005,214,1986-01-09 21:00:00,21.802694,-50.691078,4.577726,-999.000000,-999.000000,983.297300,19.250000,-47.250000,18.530200
19860005,215,1986-01-09 22:00:00,22.069611,-50.667774,4.579351,-999.000000,-999.000000,983.202500,15.250000,-48.500000,18.996640
19860005,216,1986-01-09 23:00:00,22.802092,-50.680534,4.479834,-999.000000,-999.000000,983.734200,15.750000,-48.250000,18.863020
19860005,217,1986-01-10 00:00:00,23.519609,-50.660198,4.410927,-999.000000,-999.000000,983.934200,16.500000,-48.250000,19.088350
19860005,218,1986-01-10 01:00:00,24.233400,-50.598457,4.347990,-999.000000,-999.000000,984.391000,20.000000,-46.750000,19.997660
19860005,219,1986-01-10 02:00:00,24.859434,-50.509201,4.301416,-999.000000,-999.000000,984.763700,21.000000,-46.750000,19.687860
19860005,220,1986-01-10 03:00:00,25.615953,-50.465664,4.273528,-999.000000,-999.000000,985.175500,20.500000,-46.750000,19.318340
19860005,221,1986-01-10 04:00:00,26.403288,-50.437283,4.274417,-999.000000,-999.000000,985.701500,22.000000,-46.750000,18.844370
19860005,222,1986-01-10 05:00:00,27.164671,-50.440716,4.286004,-999.000000,-999.000000,986.262500,23.250000,-46.500000,18.323660
19860005,223,1986-01-10 06:00:00,27.965736,-50.459564,4.297775,-999.000000,-999.000000,986.545800,30.000000,-47.750000,18.640030
19860005,224,1986-01-10 07:00:00,28.832449,-50.507351,4.265554,-999.000000,-999.000000,987.292700,26.000000,-47.000000,18.853260
19860005,225,1986-01-10 08:00:00,29.723242,-50.552715,4.252550,-999.000000,-999.000000,987.016200,26.500000,-47.000000,19.017140
19860005,226,1986-01-10 09:00:00,30.685627,-50.613422,4.224139,-999.000000,-999.000000,987.410500,30.500000,-47.750000,19.296710
19860005,227,1986-01-10 10:00:00,32.164074,-50.926319,4.260342,-999.000000,-999.000000,987.550300,30.000000,-47.250000,19.133730
19860005,228,1986-01-10 11:00:00,33.216839,-50.994736,4.232412,-999.000000,-999.000000,988.255600,30.000000,-47.500000,19.227380
19860005,229,1986-01-10 12:00:00,34.384930,-51.085674,4.199488,-999.000000,-999.000000,988.496500,30.500000,-47.750000,18.976190
19860005,230,1986-01-10 13:00:00,35.506855,-51.179680,4.182946,-999.000000,-999.000000,988.324600,30.500000,-47.250000,17.176230
19860005,231,1986-01-10 14:00:00,36.616287,-51.254452,4.166357,-999.000000,-999.000000,988.993100,30.250000,-47.000000,16.360630
19860005,232,1986-01-10 15:00:00,37.760616,-51.335945,4.114885,-999.000000,-999.000000,989.253800,34.250000,-47.000000,15.554370
19860005,233,1986-01-10 16:00:00,38.809757,-51.406384,4.043239,-999.000000,-999.000000,989.418600,37.500000,-49.750000,15.922060
19860005,234,1986-01-10 17:00:00,39.797741,-51.459564,3.917713,-999.000000,-999.000000,990.074000,38.750000,-49.000000,15.645620
19860005,235,1986-01-10 18:00:00,40.872665,-51.561024,3.767848,-999.000000,-999.000000,990.801500,39.500000,-48.750000,15.482690
19860005,236,1986-01-10 19:00:00,41.920036,-51.694672,3.614079,-999.000000,-999.000000,990.863900,40.750000,-48.500000,14.744240
19860005,237,1986-01-10 20:00:00,42.950314,-51.803177,3.477452,-999.000000,-999.000000,991.158400,42.750000,-48.750000,14.524390
19860005,238,1986-01-10 21:00:00,43.974968,-51.914349,3.369364,-999.000000,-999.000000,991.287700,44.000000,-49.000000,14.195270
19860005,239,1986-01-10 22:00:00,45.278435,-52.125458,3.301923,-999.000000,-999.000000,991.509500,44.500000,-49.000000,14.183840
19860005,240,1986-01-10 23:00:00,46.093704,-52.114128,3.258306,-999.000000,-999.000000,991.723000,45.500000,-49.000000,14.019820
19860005,241,1986-01-11 00:00:00,46.967182,-52.115650,3.223105,-999.000000,-999.000000,992.122400,44.000000,-49.250000,13.822040
19860005,242,1986-01-11 01:00:00,47.858429,-52.105064,3.207652,-999.000000,-999.000000,992.916600,45.000000,-49.250000,13.687890
19860005,243,1986-01-11 02:00:00,48.772369,-52.142345,3.172169,-999.000000,-999.000000,993.316700,45.750000,-49.250000,13.368400
19860005,244,1986-01-11 03:00:00,49.783581,-52.190422,3.114858,-999.000000,-999.000000,993.827400,48.250000,-50.000000,12.947470
19860005,245,1986-01-11 04:00:00,50.842339,-52.276100,3.006755,-999.000000,-999.000000,993.823000,47.500000,-50.750000,12.709140
19860005,246,1986-01-11 05:00:00,51.923386,-52.441933,2.892323,-999.000000,-999.000000,993.908700,47.500000,-50.750000,12.832080
19860005,247,1986-01-11 06:00:00,53.059017,-52.641655,2.775348,-999.000000,-999.000000,994.174900,48.750000,-51.000000,12.727600
19860005,248,1986-01-11 07:00:00,54.181324,-52.881554,2.688569,-999.000000,-999.000000,993.963600,50.000000,-51.250000,12.608110
19860005,249,1986-01-11 08:00:00,55.164379,-53.108051,2.639210,-999.000000,-999.000000,993.792800,50.750000,-51.500000,12.363240
19860005,250,1986-01-11 09:00:00,56.061321,-53.266205,2.630986,-999.000000,-999.000000,994.199300,50.750000,-51.250000,12.016800
19860005,251,1986-01-11 10:00:00,58.233356,-52.850704,2.498818,-999.000000,-999.000000,995.949200,51.250000,-51.250000,11.621130
19860005,252,1986-01-11 11:00:00,58.731209,-52.895088,2.556783,-999.000000,-999.000000,995.995800,53.000000,-51.250000,11.558020
19860005,253,1986-01-11 12:00:00,59.267361,-52.962357,2.588774,-999.000000,-999.000000,996.125300,54.000000,-51.250000,11.686540
19860005,254,1986-01-11 13:00:00,59.840893,-53.056118,2.613044,-999.000000,-999.000000,996.040200,55.000000,-51.500000,11.754210
19860005,255,1986-01-11 14:00:00,60.417221,-53.180042,2.616963,-999.000000,-999.000000,995.990400,55.000000,-51.250000,11.710320
19860005,256,1986-01-11 15:00:00,61.064953,-53.307659,2.589672,60.039280,-57.971890,990.177100,56.250000,-51.500000,11.712010
19860005,257,1986-01-11 16:00:00,61.697102,-53.467533,2.559303,60.478510,-58.004780,990.181100,57.000000,-51.500000,11.776370
19860005,258,1986-01-11 17:00:00,62.200321,-53.611835,2.528073,60.555210,-58.056440,990.611100,58.000000,-51.750000,11.538740
19860005,259,1986-01-11 18:00:00,62.612045,-53.729275,2.462357,60.992810,-58.029850,991.037900,58.750000,-52.000000,10.966480
19860005,260,1986-01-11 19:00:00,62.944687,-53.777729,2.416438,61.389820,-58.068360,991.172700,58.750000,-52.250000,10.622780
19860005,261,1986-01-11 20:00:00,63.208046,-53.821407,2.372313,61.491470,-58.021750,991.553600,59.250000,-52.500000,10.506410
19860005,262,1986-01-11 21:00:00,63.427948,-53.867970,2.339468,61.556190,-58.014520,991.584400,60.000000,-51.000000,10.568500
19860005,263,1986-01-11 22:00:00,63.744061,-53.993931,2.553887,62.482470,-57.740710,992.466600,60.000000,-50.750000,10.532310
19860005,264,1986-01-11 23:00:00,64.029030,-54.106178,2.525341,62.517770,-57.721790,992.559500,60.000000,-53.500000,10.190330
19860005,265,1986-01-12 00:00:00,64.319412,-54.259239,2.504009,64.747000,-57.269890,992.755300,63.250000,-52.500000,10.186890
19860005,266,1986-01-12 01:00:00,64.609581,-54.479652,2.508382,67.049730,-57.840430,992.395600,64.000000,-52.500000,10.317140
19860005,267,1986-01-12 02:00:00,64.904671,-54.779377,2.542733,67.040930,-57.787560,992.363500,64.000000,-52.250000,10.348360
19860005,268,1986-01-12 03:00:00,65.219780,-55.036209,2.605382,67.027090,-57.650520,992.104500,64.250000,-52.250000,10.546770
19860005,269,1986-01-12 04:00:00,65.542839,-55.341007,2.658161,67.487140,-57.584850,991.979600,64.500000,-52.500000,10.827210
19860005,270,1986-01-12 05:00:00,65.930084,-55.632469,2.716330,68.973710,-57.588620,991.595200,65.750000,-52.500000,11.020000
19860005,271,1986-01-12 06:00:00,66.368507,-55.902203,2.748752,69.488940,-57.790970,991.454100,65.250000,-53.000000,11.044580
19860005,272,1986-01-12 07:00:00,66.828308,-56.250965,2.773626,69.939270,-57.890230,991.152300,65.750000,-53.250000,11.019460
19860005,273,1986-01-12 08:00:00,67.380165,-56.597782,2.798281,70.002240,-57.976280,991.014800,66.000000,-53.250000,11.054970
19860005,274,1986-01-12 09:00:00,67.883293,-56.884228,2.855551,70.430850,-57.954750,990.754500,62.000000,-56.250000,11.170880
19860005,275,1986-01-12 10:00:00,68.755295,-58.641727,3.328254,70.498510,-57.938150,989.253700,62.500000,-56.000000,12.656810
19860005,276,1986-01-12 11:00:00,69.092354,-58.613468,3.377122,70.960810,-57.960540,988.508700,63.000000,-55.750000,12.247600
19860005,277,1986-01-12 12:00:00,69.419983,-58.555122,3.398658,70.971410,-57.924960,988.281600,63.750000,-55.500000,12.430400
19860005,278,1986-01-12 13:00:00,69.755310,-58.419815,3.401578,71.473140,-58.102950,987.844100,64.750000,-55.250000,12.658970
19860005,279,1986-01-12 14:00:00,70.113731,-58.343212,3.388805,71.532710,-58.035950,987.498600,65.000000,-55.000000,12.639650
19860005,280,1986-01-12 15:00:00,70.525208,-58.333900,3.373449,72.414760,-58.083020,987.395800,65.500000,-54.750000,12.637870
19860005,281,1986-01-12 16:00:00,70.969734,-58.402309,3.349225,72.558200,-58.059170,987.020500,67.000000,-54.750000,12.495070
19860005,282,1986-01-12 17:00:00,71.484383,-58.463814,3.355405,75.409370,-58.400510,986.657200,67.500000,-54.500000,12.573070
19860005,283,1986-01-12 18:00:00,72.002029,-58.548584,3.376967,75.718170,-60.284190,985.499900,68.500000,-54.000000,12.442850
19860005,284,1986-01-12 19:00:00,72.535278,-58.604992,3.411717,75.558030,-58.460880,986.221600,69.250000,-54.000000,12.540680
19860005,285,1986-01-12 20:00:00,73.023376,-58.631725,3.446124,76.046650,-58.434060,986.251500,70.250000,-54.000000,12.498840
19860005,286,1986-01-12 21:00:00,73.494019,-58.683582,3.455461,76.523740,-58.482250,985.911000,69.750000,-54.000000,12.848480
19860005,287,1986-01-12 22:00:00,72.430695,-59.363400,3.406733,74.613080,-60.455540,984.328400,70.250000,-54.000000,12.620310
19860005,288,1986-01-12 23:00:00,72.688278,-59.453457,3.406521,74.590220,-60.420180,984.145900,71.250000,-54.250000,12.055850
19860005,289,1986-01-13 00:00:00,72.847954,-59.524857,3.383505,74.628360,-60.386710,983.929900,71.250000,-54.250000,11.883800
19860005,290,1986-01-13 01:00:00,72.923668,-59.632748,3.361702,74.277530,-60.310530,983.743600,71.250000,-53.750000,11.759660
19860005,291,1986-01-13 02:00:00,73.135635,-59.695568,3.289548,74.122310,-60.216590,983.342800,73.250000,-54.250000,11.671140
19860005,292,1986-01-13 03:00:00,73.431190,-59.763466,3.217887,74.701320,-60.213540,983.263900,74.000000,-54.250000,11.678090
19860005,293,1986-01-13 04:00:00,73.628334,-59.883938,3.157181,74.175670,-60.146850,983.361900,74.750000,-54.500000,11.523020
19860005,294,1986-01-13 05:00:00,73.391716,-60.177505,3.094430,74.256650,-60.111640,982.847700,75.500000,-54.500000,11.277970
19860005,295,1986-01-13 06:00:00,72.619957,-60.670113,3.073973,74.644730,-60.146510,982.838700,76.250000,-55.000000,10.701500
19860005,296,1986-01-13 07:00:00,71.795250,-61.152058,3.087364,74.683750,-60.136720,982.997500,69.250000,-67.000000,10.982910
19860005,297,1986-01-13 08:00:00,71.091919,-61.462093,3.091276,74.659320,-60.086080,982.885200,68.250000,-67.250000,11.528850
19860005,298,1986-01-13 09:00:00,70.457893,-61.686382,3.070361,74.657050,-60.056060,982.751900,68.250000,-67.500000,11.716380
19860005,299,1986-01-13 10:00:00,70.046104,-61.971493,3.387888,74.282390,-60.033450,981.861000,66.500000,-67.750000,13.260010
19860005,300,1986-01-13 11:00:00,69.253181,-62.019497,3.270917,74.253430,-60.030270,981.353300,68.750000,-68.000000,13.364350
19860005,301,1986-01-13 12:00:00,68.358444,-61.992878,3.183269,74.645280,-60.066250,981.077800,65.750000,-67.750000,12.967220
19860005,302,1986-01-13 13:00:00,67.538391,-61.923382,3.096515,74.349480,-59.988930,980.902800,65.750000,-67.750000,12.360240
19860005,303,1986-01-13 14:00:00,66.382500,-61.792507,3.068662,74.324720,-59.947150,980.820300,65.750000,-67.750000,11.538450
19860005,304,1986-01-13 15:00:00,65.407913,-61.638279,3.099283,74.398310,-59.908320,980.335700,65.250000,-66.000000,10.636520
19860005,305,1986-01-13 16:00:00,64.415672,-61.464428,3.204744,-999.000000,-999.000000,985.163500,52.000000,-63.000000,10.486680
19860005,306,1986-01-13 17:00:00,63.622082,-61.294357,3.312093,-999.000000,-999.000000,984.955400,51.750000,-62.750000,11.231040
19860005,307,1986-01-13 18:00:00,62.625538,-61.077744,3.424082,-999.000000,-999.000000,985.460000,53.000000,-58.000000,11.438630
19860005,308,1986-01-13 19:00:00,61.921703,-60.893429,3.491439,-999.000000,-999.000000,985.401500,53.000000,-57.750000,11.952490
19860005,309,1986-01-13 20:00:00,61.367325,-60.690208,3.508679,-999.000000,-999.000000,985.636800,53.000000,-57.250000,12.479600
19860005,310,1986-01-13 21:00:00,61.022793,-60.491425,3.470624,-999.000000,-999.000000,985.494300,53.250000,-56.750000,12.946580
19860005,311,1986-01-13 22:00:00,60.491379,-60.231239,3.406428,-999.000000,-999.000000,985.666900,53.000000,-56.500000,12.928100
19860005,312,1986-01-13 23:00:00,60.384567,-59.963070,3.345502,-999.000000,-999.000000,985.381400,53.750000,-55.750000,13.321590
19860005,313,1986-01-14 00:00:00,60.509293,-59.715324,3.295109,-999.000000,-999.000000,985.469900,54.000000,-55.250000,13.782000
19860005,314,1986-01-14 01:00:00,60.797871,-59.439083,3.251456,-999.000000,-999.000000,985.365800,54.500000,-54.750000,13.786430
19860005,315,1986-01-14 02:00:00,61.113422,-59.209110,3.223095,-999.000000,-999.000000,985.387400,54.250000,-55.750000,14.134840
19860005,316,1986-01-14 03:00:00,61.264076,-58.924824,3.190477,-999.000000,-999.000000,985.200400,54.500000,-55.250000,14.271440
19860005,317,1986-01-14 04:00:00,61.342045,-58.601643,3.193092,-999.000000,-999.000000,985.687100,56.250000,-54.500000,14.600780
19860005,318,1986-01-14 05:00:00,61.502556,-58.256088,3.168307,-999.000000,-999.000000,985.637500,56.250000,-54.000000,14.629530
19860005,319,1986-01-14 06:00:00,61.684349,-57.849548,3.156156,-999.000000,-999.000000,986.272900,56.250000,-53.750000,14.599990
19860005,320,1986-01-14 07:00:00,61.935078,-57.489677,3.126008,-999.000000,-999.000000,986.745400,56.750000,-53.000000,14.615820
19860005,321,1986-01-14 08:00:00,62.310608,-57.107502,3.089456,-999.000000,-999.000000,986.625900,56.250000,-53.000000,14.708910
19860005,322,1986-01-14 09:00:00,62.835983,-56.779198,3.069241,-999.000000,-999.000000,987.233500,57.250000,-52.500000,14.665400
19860005,323,1986-01-14 10:00:00,62.693539,-56.376530,2.671889,-999.000000,-999.000000,989.668400,57.250000,-52.500000,14.130010
19860005,324,1986-01-14 11:00:00,63.176594,-55.951145,2.622849,-999.000000,-999.000000,990.228200,58.250000,-52.000000,13.935320
19860005,325,1986-01-14 12:00:00,63.792355,-55.578899,2.614300,-999.000000,-999.000000,990.475500,56.250000,-54.000000,14.256480
19860005,326,1986-01-14 13:00:00,64.426132,-55.167789,2.600666,-999.000000,-999.000000,990.771900,59.250000,-51.500000,14.577840
19860005,327,1986-01-14 14:00:00,65.167755,-54.791759,2.560146,-999.000000,-999.000000,991.379800,60.000000,-51.000000,14.656300
19860005,328,1986-01-14 15:00:00,65.957787,-54.450569,2.518857,-999.000000,-999.000000,991.618100,59.500000,-51.750000,14.912880
19860005,329,1986-01-14 16:00:00,66.753685,-54.067219,2.498217,-999.000000,-999.000000,992.141500,60.000000,-51.500000,15.153230
19860005,330,1986-01-14 17:00:00,67.509880,-53.625172,2.443911,-999.000000,-999.000000,992.523000,60.500000,-51.500000,14.948220
19860005,331,1986-01-14 18:00:00,68.270081,-53.241745,2.410746,-999.000000,-999.000000,993.277800,61.250000,-50.500000,14.650650
19860005,332,1986-01-14 19:00:00,68.963135,-52.970116,2.374228,-999.000000,-999.000000,993.667800,62.000000,-50.250000,14.250590
19860005,333,1986-01-14 20:00:00,69.645599,-52.808575,2.314240,-999.000000,-999.000000,994.115700,62.500000,-49.500000,14.107280
19860005,334,1986-01-14 21:00:00,70.382591,-52.895611,2.231904,-999.000000,-999.000000,994.004000,63.250000,-49.500000,13.040660
19860005,335,1986-01-14 22:00:00,70.434128,-52.305878,1.984767,-999.000000,-999.000000,995.015900,61.250000,-51.000000,13.567430
19860005,336,1986-01-14 23:00:00,70.934715,-52.287754,1.888547,-999.000000,-999.000000,995.922700,63.000000,-50.500000,13.340250
19860005,337,1986-01-15 00:00:00,71.410965,-52.306950,1.757673,-999.000000,-999.000000,995.760200,64.500000,-50.250000,13.195020
19860005,338,1986-01-15 01:00:00,71.899269,-52.364937,1.674033,-999.000000,-999.000000,995.837900,65.750000,-48.000000,13.140840
19860005,339,1986-01-15 02:00:00,72.466454,-52.519466,1.634929,-999.000000,-999.000000,995.936800,68.750000,-48.750000,13.069120
19860005,340,1986-01-15 03:00:00,73.206924,-52.733154,1.619780,-999.000000,-999.000000,995.694700,68.750000,-48.750000,13.079970
19860021,265,1986-01-12 00:00:00,296.929565,-36.711941,1.143300,295.303700,-34.151340,998.759400,304.250000,-36.000000,10.821860
19860021,266,1986-01-12 01:00:00,298.343201,-37.999065,1.149019,298.309300,-36.939880,1001.833000,305.000000,-36.000000,11.521420
19860021,267,1986-01-12 02:00:00,298.925323,-38.480259,1.385823,298.521400,-36.784880,1001.690000,293.000000,-36.500000,11.911150
19860021,268,1986-01-12 03:00:00,299.723450,-38.888638,1.727164,300.543200,-38.797340,1002.916000,293.250000,-36.250000,11.649950
19860021,269,1986-01-12 04:00:00,300.040131,-39.153656,2.048114,301.000000,-39.269170,1002.357000,305.000000,-36.250000,11.134270
19860021,270,1986-01-12 05:00:00,300.330597,-39.562805,2.340074,301.912100,-39.526980,1002.317000,305.500000,-36.500000,10.981620
19860021,271,1986-01-12 06:00:00,300.670044,-39.895050,2.705991,302.554100,-39.670270,1002.293000,303.250000,-39.750000,10.993970
19860021,272,1986-01-12 07:00:00,300.782349,-39.923904,3.094513,301.653700,-39.932370,1002.824000,295.250000,-44.250000,11.017520
19860021,273,1986-01-12 08:00:00,301.194336,-40.207382,3.367988,301.473500,-40.575430,1003.125000,295.250000,-41.000000,12.800660
19860021,274,1986-01-12 09:00:00,301.486633,-40.169609,3.696459,302.555500,-41.144180,1003.149000,296.250000,-44.500000,13.298810
19860021,275,1986-01-12 10:00:00,301.656433,-39.591915,4.234694,302.929800,-40.988140,1003.255000,297.500000,-41.500000,13.046510
19860021,276,1986-01-12 11:00:00,302.093597,-39.556190,4.393184,303.421600,-40.977580,1003.150000,295.500000,-41.500000,13.837870
19860021,277,1986-01-12 12:00:00,302.710327,-39.641701,4.394649,304.014100,-41.097650,1002.573000,296.000000,-41.250000,13.323350
19860021,278,1986-01-12 13:00:00,303.539276,-39.736031,4.310474,305.041000,-41.677790,1001.359000,306.750000,-41.000000,12.685770
19860021,279,1986-01-12 14:00:00,304.340729,-39.880470,4.100529,305.892000,-42.032540,1000.340000,307.000000,-41.250000,13.830130
19860021,280,1986-01-12 15:00:00,305.401489,-40.343845,3.919685,306.704400,-42.277970,999.281900,307.500000,-41.750000,14.291120
19860021,281,1986-01-12 16:00:00,306.242767,-40.729980,3.878479,308.081800,-42.549310,997.880700,308.250000,-42.250000,15.309390
19860021,282,1986-01-12 17:00:00,307.027924,-41.312317,3.987116,307.747100,-43.015510,997.060600,306.250000,-43.250000,16.717290
19860021,283,1986-01-12 18:00:00,307.751160,-41.853497,4.124490,307.929000,-43.217370,996.198200,306.750000,-43.000000,18.161000
19860021,284,1986-01-12 19:00:00,308.560089,-42.500652,4.518552,308.387000,-43.191860,995.718800,310.250000,-43.500000,19.213070
19860021,285,1986-01-12 20:00:00,309.265778,-42.901955,4.820445,309.121600,-43.218880,995.386000,311.000000,-44.000000,20.763490
19860021,286,1986-01-12 21:00:00,309.923859,-43.099400,5.029134,309.933300,-43.248830,995.945300,311.750000,-44.250000,20.104970
19860021,287,1986-01-12 22:00:00,310.882965,-43.889198,4.771200,312.286200,-44.979790,990.897100,312.500000,-44.750000,21.870110
19860021,288,1986-01-12 23:00:00,311.763062,-44.195694,5.113788,313.431500,-45.599700,990.079300,313.500000,-45.250000,21.123250
19860021,289,1986-01-13 00:00:00,312.711761,-44.560043,5.292336,314.227800,-46.027250,989.276000,314.250000,-45.750000,20.671470
19860021,290,1986-01-13 01:00:00,313.654053,-44.885757,5.302616,314.960900,-46.402600,988.228100,315.000000,-46.250000,20.284600
19860021,291,1986-01-13 02:00:00,314.587097,-45.206043,5.245378,315.578700,-46.712590,987.941300,315.750000,-46.500000,19.480340
19860021,292,1986-01-13 03:00:00,315.579437,-45.647045,5.288876,316.380800,-47.104680,986.750100,316.500000,-45.000000,18.473590
19860021,293,1986-01-13 04:00:00,316.664978,-46.213375,5.395155,316.894600,-47.351740,985.664000,317.250000,-45.500000,18.582500
19860021,294,1986-01-13 05:00:00,317.666138,-46.743084,5.455665,317.801300,-47.758200,984.274400,318.500000,-46.250000,18.992060
19860021,295,1986-01-13 06:00:00,318.700989,-47.514126,5.486155,318.584900,-48.157510,983.085500,319.250000,-46.750000,19.005560
19860021,296,1986-01-13 07:00:00,319.670258,-48.184425,5.611107,319.343300,-48.445290,982.103800,320.500000,-47.500000,18.670710
19860021,297,1986-01-13 08:00:00,320.576416,-48.805374,5.825692,320.104700,-48.801930,981.426400,321.750000,-48.250000,18.177690
19860021,298,1986-01-13 09:00:00,321.455048,-49.470390,5.987381,321.212900,-49.340490,980.668500,320.000000,-48.250000,18.404770
19860021,299,1986-01-13 10:00:00,321.778198,-50.915783,6.820649,321.942100,-50.176010,979.047400,323.500000,-50.000000,18.620590
19860021,300,1986-01-13 11:00:00,322.571228,-51.351719,7.093982,322.826700,-50.903900,978.003800,323.750000,-49.000000,17.835000
19860021,301,1986-01-13 12:00:00,323.328033,-51.769161,7.356182,323.665600,-51.613390,975.909500,324.750000,-49.500000,17.734880
19860021,302,1986-01-13 13:00:00,324.007141,-52.162514,7.624337,324.104500,-52.437030,974.438200,325.750000,-50.000000,17.686570
19860021,303,1986-01-13 14:00:00,324.637848,-52.637699,7.851421,324.736500,-52.858650,972.955000,326.750000,-50.500000,17.633730
19860021,304,1986-01-13 15:00:00,325.233978,-53.161221,8.036851,325.174400,-53.409920,971.307600,327.750000,-51.000000,17.445350
19860021,305,1986-01-13 16:00:00,325.838257,-53.634670,8.189999,325.497900,-53.981250,969.405500,328.750000,-51.500000,17.266560
19860021,306,1986-01-13 17:00:00,326.435516,-54.052711,8.343826,325.873600,-54.461100,967.910200,325.250000,-52.500000,17.209900
19860021,307,1986-01-13 18:00:00,326.930054,-54.416939,8.542706,326.795300,-55.012080,966.385600,325.500000,-53.250000,17.055250
19860021,308,1986-01-13 19:00:00,327.369019,-54.763779,8.664068,325.989700,-55.856850,964.729700,326.750000,-53.250000,17.187570
19860021,309,1986-01-13 20:00:00,327.718475,-55.116451,8.844247,326.516400,-56.128790,963.350700,328.000000,-53.500000,16.603230
19860021,310,1986-01-13 21:00:00,328.051086,-55.466125,8.992360,327.014400,-56.436840,961.920400,332.000000,-57.500000,16.695060
19860021,311,1986-01-13 22:00:00,327.596100,-56.021809,9.643535,326.975800,-56.839940,957.176900,332.500000,-57.750000,17.885980
19860021,312,1986-01-13 23:00:00,327.885590,-56.364441,9.701451,327.006300,-57.185550,956.016500,327.000000,-55.500000,18.097170
19860021,313,1986-01-14 00:00:00,328.131012,-56.684311,9.749797,327.030400,-57.513450,954.245500,331.500000,-59.250000,18.263100
19860021,314,1986-01-14 01:00:00,328.196869,-56.999123,9.826681,327.063800,-57.788440,952.831600,331.250000,-59.750000,18.423980
19860021,315,1986-01-14 02:00:00,328.140289,-57.294460,9.931656,327.064200,-58.012810,951.487000,331.250000,-60.000000,18.172630
19860021,316,1986-01-14 03:00:00,328.007080,-57.579792,10.009630,327.038900,-58.227790,950.387600,331.000000,-60.500000,18.034970
19860021,317,1986-01-14 04:00:00,327.871124,-57.850674,10.101210,327.016200,-58.414130,949.126600,324.250000,-56.250000,17.950720
19860021,318,1986-01-14 05:00:00,327.758789,-58.111862,10.124870,327.001000,-58.538610,948.487200,324.500000,-56.250000,18.019410
19860021,319,1986-01-14 06:00:00,327.695953,-58.336224,10.045400,327.011000,-58.654490,947.795200,326.750000,-55.250000,18.097730
19860021,320,1986-01-14 07:00:00,327.655212,-58.529984,9.997138,327.042500,-58.731690,947.431500,326.750000,-55.250000,18.255340
19860021,321,1986-01-14 08:00:00,327.522797,-58.664017,9.949841,327.051700,-58.775520,946.959000,325.500000,-56.000000,18.176660
19860021,322,1986-01-14 09:00:00,327.329468,-58.770798,9.949299,327.068200,-58.800220,946.644500,327.500000,-56.750000,18.271600
19860021,323,1986-01-14 10:00:00,327.143768,-58.947048,10.114430,327.475200,-58.843700,945.728800,325.750000,-56.250000,19.094500
19860021,324,1986-01-14 11:00:00,326.914642,-59.025372,10.123280,327.496900,-58.899390,945.435100,317.000000,-57.000000,19.363810
19860021,325,1986-01-14 12:00:00,326.719910,-59.087975,10.112820,327.502400,-58.948020,944.702700,317.500000,-57.000000,19.892440
19860021,326,1986-01-14 13:00:00,326.680603,-59.122101,10.197310,327.515500,-58.966030,944.572600,318.750000,-56.250000,19.636400
19860021,327,1986-01-14 14:00:00,326.716583,-59.126934,10.188640,327.880600,-59.050160,944.429400,319.500000,-55.750000,19.539870
19860021,328,1986-01-14 15:00:00,326.781036,-59.099556,10.206790,327.575400,-59.055660,944.202800,317.500000,-57.000000,19.503930
19860021,329,1986-01-14 16:00:00,326.828888,-59.038162,10.201240,327.943900,-59.083280,944.045200,317.500000,-57.250000,19.850530
19860021,330,1986-01-14 17:00:00,326.877472,-58.987785,10.135270,327.962600,-59.103910,944.043900,318.250000,-56.000000,20.780460
19860021,331,1986-01-14 18:00:00,326.948273,-58.950134,10.048670,327.972300,-59.111240,944.082800,319.000000,-56.500000,20.771010
19860021,332,1986-01-14 19:00:00,327.040192,-58.897606,9.937808,327.984200,-59.118330,944.302800,319.000000,-56.750000,21.082000
19860021,333,1986-01-14 20:00:00,327.178101,-58.856647,9.834399,327.992500,-59.090710,944.596500,320.000000,-56.250000,21.057370
19860021,334,1986-01-14 21:00:00,327.295868,-58.807087,9.752851,327.999300,-59.063560,944.814100,324.000000,-56.250000,21.354260
19860021,335,1986-01-14 22:00:00,327.082001,-58.852486,9.677213,327.978100,-59.129270,944.772200,320.750000,-57.250000,22.126500
19860021,336,1986-01-14 23:00:00,327.215485,-58.775528,9.581429,327.965400,-59.080350,945.095100,322.250000,-56.750000,22.147610
19860021,337,1986-01-15 00:00:00,327.310303,-58.687763,9.532714,327.953000,-59.009120,945.840900,323.500000,-56.250000,22.497760
19860021,338,1986-01-15 01:00:00,327.437286,-58.603046,9.431891,327.650700,-58.935860,946.290500,325.000000,-55.750000,22.493050
19860021,339,1986-01-15 02:00:00,327.532410,-58.492321,9.337023,327.591700,-58.805650,946.899500,324.000000,-56.000000,22.773970
19860021,340,1986-01-15 03:00:00,327.624573,-58.370884,9.232073,327.968300,-58.628670,947.294500,324.000000,-56.000000,22.376540
19860021,341,1986-01-15 04:00:00,327.746338,-58.234268,9.132016,327.990600,-58.478250,947.787400,323.750000,-55.750000,22.192150
19860021,342,1986-01-15 05:00:00,327.872223,-58.104294,8.990868,328.061900,-58.312010,948.187000,324.500000,-55.750000,22.290600
19860021,343,1986-01-15 06:00:00,328.090302,-57.967445,8.849732,328.480300,-58.145050,948.547400,324.500000,-55.250000,22.337770
19860021,344,1986-01-15 07:00:00,328.281189,-57.794727,8.808821,328.558500,-57.985290,949.226400,325.750000,-55.250000,22.250820
19860021,345,1986-01-15 08:00:00,328.516541,-57.679054,8.742474,328.996000,-57.847100,949.834400,325.250000,-55.250000,21.704770
19860021,346,1986-01-15 09:00:00,328.802246,-57.540279,8.724689,329.440100,-57.720710,950.236300,324.500000,-55.250000,22.231330
19860021,347,1986-01-15 10:00:00,328.428955,-57.316357,8.758883,329.496100,-57.595600,950.905900,324.750000,-55.000000,21.418170
19860021,348,1986-01-15 11:00:00,328.817993,-57.202206,8.622233,329.567700,-57.486910,951.536900,327.250000,-55.000000,19.809110
19860021,349,1986-01-15 12:00:00,329.102142,-57.068691,8.527485,329.993000,-57.383660,951.988800,323.500000,-53.750000,19.299560
19860021,350,1986-01-15 13:00:00,329.385803,-56.924557,8.497209,330.077800,-57.278870,952.587200,326.750000,-53.250000,19.271670
19860021,351,1986-01-15 14:00:00,329.757416,-56.849472,8.401369,330.485700,-57.195790,952.982300,326.250000,-53.250000,19.161730
19860021,352,1986-01-15 15:00:00,330.064667,-56.703907,8.396101,330.568200,-57.092830,953.282500,324.500000,-53.500000,19.832240
19860021,353,1986-01-15 16:00:00,330.524506,-56.638142,8.287905,330.979200,-57.023760,953.514500,327.250000,-53.250000,19.001430
19860021,354,1986-01-15 17:00:00,330.964264,-56.542995,8.212556,331.062600,-56.916870,954.102300,326.250000,-53.250000,19.723430
19860021,355,1986-01-15 18:00:00,331.447571,-56.466694,8.095711,331.512200,-56.843560,954.645300,330.500000,-52.750000,19.087670
19860021,356,1986-01-15 19:00:00,331.873291,-56.354332,8.019835,331.780300,-56.688310,955.185500,332.500000,-53.250000,19.209410
19860021,357,1986-01-15 20:00:00,332.228790,-56.229053,7.938980,332.104200,-56.595190,955.810900,332.250000,-53.000000,19.322000
19860021,358,1986-01-15 21:00:00,332.583893,-56.143532,7.813890,332.292400,-56.492350,956.339400,332.500000,-52.750000,19.347220
19860021,359,1986-01-15 22:00:00,333.099762,-56.046726,8.002986,332.700900,-56.424160,955.948500,332.500000,-52.500000,19.519400
19860021,360,1986-01-15 23:00:00,333.439514,-55.956196,7.922250,332.967400,-56.317050,956.740900,332.500000,-52.250000,19.520280
19860021,361,1986-01-16 00:00:00,333.794220,-55.944489,7.811112,333.301100,-56.221850,957.017800,333.000000,-52.000000,18.976550
19860021,362,1986-01-16 01:00:00,334.162323,-55.917004,7.724046,333.557500,-56.121110,957.188000,332.250000,-51.750000,18.321170
19860021,363,1986-01-16 02:00:00,334.512726,-55.890545,7.641840,333.946900,-56.048080,957.666900,333.500000,-51.750000,17.717680
19860021,364,1986-01-16 03:00:00,334.838654,-55.844849,7.560453,334.214300,-55.989620,957.942700,333.250000,-51.500000,17.114940
19860021,365,1986-01-16 04:00:00,335.187256,-55.770153,7.490002,334.530300,-55.930740,957.986900,334.000000,-51.500000,16.481770
19860021,366,1986-01-16 05:00:00,335.531891,-55.653645,7.445565,334.949500,-55.880070,958.473300,336.250000,-51.500000,16.241510
19860021,367,1986-01-16 06:00:00,335.874542,-55.582821,7.308492,335.066400,-55.829810,958.886700,337.000000,-51.750000,15.721910
19860021,368,1986-01-16 07:00:00,336.165283,-55.491062,7.216257,335.479900,-55.767570,959.391400,331.750000,-53.500000,16.008020
19860021,369,1986-01-16 08:00:00,336.454407,-55.412659,7.136116,335.581000,-55.714150,959.893100,332.000000,-53.500000,15.878770
19860021,370,1986-01-16 09:00:00,336.725983,-55.362011,7.049792,335.994700,-55.657570,960.205700,332.500000,-53.250000,16.014570
19860021,371,1986-01-16 10:00:00,337.376709,-55.480606,6.616400,336.090500,-55.613930,961.226100,333.000000,-53.500000,15.577890
19860021,372,1986-01-16 11:00:00,337.749756,-55.475201,6.591403,336.499600,-55.563350,961.621500,332.500000,-53.250000,15.271400
19860021,373,1986-01-16 12:00:00,338.130890,-55.466164,6.539458,336.618000,-55.478060,961.827300,332.000000,-53.500000,15.558650
19860021,374,1986-01-16 13:00:00,338.486755,-55.466938,6.506947,337.022100,-55.412430,962.015900,337.000000,-53.000000,15.639080
19860021,375,1986-01-16 14:00:00,338.779907,-55.475971,6.425941,337.461400,-55.349750,962.533200,334.500000,-52.500000,15.540040
19860021,376,1986-01-16 15:00:00,339.027039,-55.478664,6.313643,337.894200,-55.289640,962.584100,333.750000,-52.250000,15.691410
19860021,377,1986-01-16 16:00:00,339.270447,-55.449558,6.209567,338.059600,-55.234460,962.612700,334.250000,-52.250000,15.605380
19860021,378,1986-01-16 17:00:00,339.528107,-55.471020,6.118594,338.532300,-55.202460,963.043100,335.500000,-52.000000,15.716950
19860021,379,1986-01-16 18:00:00,339.799866,-55.498615,6.040748,339.003400,-55.181340,963.289700,339.250000,-52.500000,15.562030
19860021,380,1986-01-16 19:00:00,340.021881,-55.561111,6.025482,339.478000,-55.140290,963.685200,336.250000,-51.750000,15.554640
19860021,381,1986-01-16 20:00:00,340.271729,-55.656658,6.004911,339.833000,-55.100190,964.171600,338.000000,-51.500000,15.575710
19860021,382,1986-01-16 21:00:00,340.493103,-55.742527,6.008377,340.305000,-55.111300,963.982200,338.000000,-51.500000,15.302430
19860021,383,1986-01-16 22:00:00,340.667664,-56.254677,5.824090,340.811100,-55.196580,964.513600,338.750000,-51.750000,14.505250
19860021,384,1986-01-16 23:00:00,340.862274,-56.330292,5.839256,341.276400,-55.179790,964.159700,342.000000,-52.750000,14.683600
19860021,385,1986-01-17 00:00:00,341.085876,-56.386196,5.834516,341.770500,-55.224330,964.413600,342.750000,-52.500000,15.201990
19860021,386,1986-01-17 01:00:00,341.374115,-56.415764,5.828064,342.247000,-55.283370,964.526400,343.250000,-52.500000,15.075140
19860021,387,1986-01-17 02:00:00,341.656250,-56.450989,5.799621,342.736100,-55.358810,964.649200,344.250000,-52.750000,14.971440
19860021,388,1986-01-17 03:00:00,342.006470,-56.443310,5.751584,343.203300,-55.439120,964.646900,344.500000,-52.500000,14.850930
19860021,389,1986-01-17 04:00:00,342.353821,-56.441010,5.716006,343.661900,-55.479680,964.471900,346.500000,-53.250000,14.604270
19860021,390,1986-01-17 05:00:00,342.723785,-56.464787,5.692348,344.077200,-55.481540,964.612700,347.000000,-53.000000,14.614320
19860021,391,1986-01-17 06:00:00,343.073547,-56.529354,5.670887,344.389300,-55.593520,964.651900,347.000000,-53.250000,14.573450
19860021,392,1986-01-17 07:00:00,343.365570,-56.587494,5.655134,344.900600,-55.655200,965.042700,347.500000,-52.500000,14.435790
19860021,393,1986-01-17 08:00:00,343.601471,-56.650242,5.630540,345.352900,-55.747220,965.423000,347.000000,-53.250000,14.509770
19860021,394,1986-01-17 09:00:00,343.862488,-56.723377,5.586026,345.700000,-55.853240,965.772800,347.000000,-53.250000,14.308790
19860021,395,1986-01-17 10:00:00,344.425171,-56.891514,5.532370,346.074300,-55.891120,965.598400,338.500000,-59.250000,13.346660
19860021,396,1986-01-17 11:00:00,344.579529,-56.970707,5.453407,346.503900,-56.021840,965.804400,338.000000,-58.750000,13.455880
19860021,397,1986-01-17 12:00:00,344.841248,-57.054527,5.365040,346.908100,-56.125990,966.027900,337.500000,-58.750000,13.399910
19860021,398,1986-01-17 13:00:00,345.207062,-57.157864,5.288667,347.073400,-56.197200,966.018900,337.000000,-58.500000,13.233650
19860021,399,1986-01-17 14:00:00,345.621277,-57.262589,5.238485,347.516000,-56.295620,966.158000,338.250000,-59.750000,12.756450
19860021,400,1986-01-17 15:00:00,345.964569,-57.333057,5.181358,348.023500,-56.479910,966.112100,337.000000,-57.000000,12.951560
19860021,401,1986-01-17 16:00:00,346.328766,-57.407375,5.120856,348.323000,-56.644780,966.228000,337.000000,-57.000000,13.066690
19860021,402,1986-01-17 17:00:00,346.596375,-57.470669,5.103822,348.754000,-56.774730,966.198600,337.000000,-56.250000,13.283850
19860021,403,1986-01-17 18:00:00,346.791901,-57.492176,5.080431,349.026300,-56.876280,966.409300,356.250000,-61.000000,13.493840
19860021,404,1986-01-17 19:00:00,346.874847,-57.487495,5.073421,349.494800,-57.001020,966.278000,355.000000,-61.000000,14.224020
19860021,405,1986-01-17 20:00:00,346.941956,-57.479523,5.060652,349.524400,-57.119010,966.471900,353.500000,-61.000000,13.918620
19860021,406,1986-01-17 21:00:00,347.062897,-57.513966,5.062679,349.956500,-57.256070,966.722500,354.500000,-61.250000,13.840020
19860021,407,1986-01-17 22:00:00,346.545563,-57.668648,5.063061,349.970800,-57.311420,966.886500,338.750000,-54.000000,14.062370
19860021,408,1986-01-17 23:00:00,346.554993,-57.666100,5.018423,349.997300,-57.333760,966.779200,339.000000,-53.500000,13.959750
19860021,409,1986-01-18 00:00:00,346.519470,-57.596684,4.961350,350.054300,-57.436040,966.375100,339.250000,-53.250000,13.741400
19860021,410,1986-01-18 01:00:00,346.480255,-57.454430,4.943919,350.468400,-57.605970,966.289200,339.000000,-53.250000,13.844980
19860021,411,1986-01-18 02:00:00,346.496887,-57.272118,4.950856,350.504200,-57.633140,966.117200,349.000000,-60.750000,14.030560
19860021,412,1986-01-18 03:00:00,346.617981,-57.100857,5.004845,350.518300,-57.691920,966.461900,338.750000,-53.250000,13.759230
19860021,413,1986-01-18 04:00:00,346.806427,-56.929001,5.084665,350.557200,-57.724050,966.313700,339.500000,-52.750000,13.525210
19860021,414,1986-01-18 05:00:00,347.005432,-56.775711,5.185672,350.944300,-57.758170,966.626200,346.500000,-60.750000,13.454040
19860021,415,1986-01-18 06:00:00,347.252228,-56.669983,5.276288,347.649600,-57.112520,967.698300,346.500000,-60.500000,13.716620
19860021,416,1986-01-18 07:00:00,347.477814,-56.588200,5.375914,350.974200,-57.768060,967.122700,346.000000,-60.000000,13.798970
19860021,417,1986-01-18 08:00:00,347.720062,-56.485661,5.450873,350.961800,-57.762570,967.406800,346.000000,-60.000000,13.737320
19860021,418,1986-01-18 09:00:00,348.013580,-56.422428,5.499043,348.113600,-56.362460,969.173300,345.000000,-59.000000,13.950080
19860021,419,1986-01-18 10:00:00,348.105743,-56.116627,5.435174,348.496600,-56.091120,970.074900,345.250000,-55.500000,13.879240
19860021,420,1986-01-18 11:00:00,348.492950,-55.958458,5.436431,348.588200,-55.946710,970.529100,345.250000,-55.250000,14.222430
19860021,421,1986-01-18 12:00:00,348.905609,-55.757858,5.454227,349.018700,-55.729880,971.154200,344.250000,-55.750000,15.118930
19860021,422,1986-01-18 13:00:00,349.327240,-55.566769,5.477406,349.449900,-55.601990,971.511700,344.500000,-55.250000,14.799560
19860021,423,1986-01-18 14:00:00,349.727264,-55.398170,5.508848,349.619100,-55.498330,971.928300,344.500000,-55.250000,14.478340
19860021,424,1986-01-18 15:00:00,350.121094,-55.281391,5.541932,350.090500,-55.396090,972.262500,345.000000,-54.500000,14.634060
19860021,425,1986-01-18 16:00:00,350.490875,-55.181793,5.561368,350.470400,-55.257870,972.724000,345.000000,-54.250000,14.971890
19860021,426,1986-01-18 17:00:00,350.869110,-55.092434,5.561941,350.903500,-55.202260,973.155500,345.250000,-54.000000,14.884770
19860021,427,1986-01-18 18:00:00,351.263763,-55.036503,5.565552,351.407400,-55.118820,973.965700,345.750000,-53.250000,14.810600
19860021,428,1986-01-18 19:00:00,351.650757,-54.966347,5.564004,351.908600,-55.101860,974.573400,346.000000,-53.000000,14.729350
19860021,429,1986-01-18 20:00:00,352.075531,-54.895317,5.523305,352.425400,-54.984500,975.183500,345.000000,-55.250000,14.577510
19860021,430,1986-01-18 21:00:00,352.526672,-54.812126,5.487276,352.663000,-54.980770,975.963700,345.500000,-54.250000,14.423570
19860021,431,1986-01-18 22:00:00,353.038971,-54.893097,5.450572,353.165800,-55.008740,975.940000,345.500000,-53.750000,14.455310
19860021,432,1986-01-18 23:00:00,353.512390,-54.849865,5.416852,353.572500,-54.985280,976.852500,345.750000,-53.500000,14.276700
19860021,433,1986-01-19 00:00:00,353.944122,-54.821293,5.387518,354.097500,-55.015770,976.800400,346.000000,-53.000000,14.459820
19860021,434,1986-01-19 01:00:00,354.302643,-54.812801,5.350955,354.549600,-55.014430,977.498500,346.000000,-53.250000,14.333920
19860021,435,1986-01-19 02:00:00,354.593140,-54.792747,5.303700,355.026000,-55.060480,977.281400,346.250000,-53.250000,14.439180
19860021,436,1986-01-19 03:00:00,354.861023,-54.767788,5.256485,355.524400,-55.116050,977.559000,346.250000,-52.750000,14.374080
19860021,437,1986-01-19 04:00:00,355.104767,-54.742298,5.214606,355.793300,-55.126340,977.898100,346.250000,-52.750000,14.344060
19860021,438,1986-01-19 05:00:00,355.386139,-54.719921,5.154826,356.286700,-55.211650,978.429000,346.500000,-52.000000,13.978300
19860021,439,1986-01-19 06:00:00,355.686371,-54.689415,5.078678,356.754900,-55.240550,979.163600,346.500000,-53.000000,13.708100
19860021,440,1986-01-19 07:00:00,356.040710,-54.664459,4.984752,357.196200,-55.365750,979.741900,346.500000,-53.000000,13.328220
19860021,441,1986-01-19 08:00:00,356.399689,-54.657967,4.912274,357.331100,-55.315760,980.450200,348.000000,-54.000000,13.161610
19860021,442,1986-01-19 09:00:00,356.759491,-54.656822,4.825210,357.931100,-55.518250,981.125900,348.750000,-53.500000,13.100980
19860021,443,1986-01-19 10:00:00,357.431732,-54.823025,4.596890,358.460400,-55.600800,981.818400,348.750000,-53.500000,12.391250
19860021,444,1986-01-19 11:00:00,357.746460,-54.793861,4.507390,358.956000,-55.768130,982.608200,349.000000,-53.250000,12.309430
19860021,445,1986-01-19 12:00:00,358.051605,-54.768051,4.389536,359.562800,-55.957780,983.124000,348.750000,-53.000000,12.300540
19860021,446,1986-01-19 13:00:00,358.353119,-54.765694,4.277648,359.655800,-55.952270,983.379600,349.500000,-52.000000,12.063390
19860021,447,1986-01-19 14:00:00,358.673920,-54.806904,4.182309,359.750000,-55.948930,983.691000,349.250000,-53.000000,12.364830
19860021,448,1986-01-19 15:00:00,359.034241,-54.875256,4.094853,359.750000,-55.973140,984.174800,349.500000,-53.000000,12.016390
19860021,449,1986-01-19 16:00:00,359.451965,-54.953308,4.001561,359.750000,-55.935250,984.826000,352.250000,-52.250000,12.254250
19860021,450,1986-01-19 17:00:00,359.899994,-55.002945,3.899879,359.750000,-55.940520,985.684400,353.250000,-51.250000,12.191750
19860021,451,1986-01-19 18:00:00,0.411183,-55.092602,3.790130,2.008695,-56.630100,985.263800,0.000000,-51.000000,9.753281
19860021,452,1986-01-19 19:00:00,0.892380,-55.146626,3.690979,2.567798,-56.932020,985.704200,0.000000,-50.750000,9.785789
19860021,453,1986-01-19 20:00:00,1.323194,-55.198639,3.564064,-999.000000,-999.000000,987.776300,0.000000,-50.750000,9.899721
19860021,454,1986-01-19 21:00:00,1.743885,-55.283165,3.417014,-999.000000,-999.000000,987.781700,0.000000,-49.500000,9.740743
19860021,455,1986-01-19 22:00:00,2.856814,-56.804474,3.065809,-999.000000,-999.000000,987.652200,9.250000,-56.500000,8.744796
19860021,456,1986-01-19 23:00:00,3.696605,-57.885735,2.954407,5.086036,-58.591940,987.041100,0.000000,-57.500000,9.093331
